{
    "id": "p50FD14948-7B76-79F1-2166-FD1C68D7B5A4",
    "length": 5,
    "frequency": "1",
    "graph": {
        "nodes": [
            {
                "id": "http://www.americanartcollaborative.org/ontology/CulturalHeritageObject1",
                "label": {
                    "uri": "http://www.americanartcollaborative.org/ontology/CulturalHeritageObject"
                },
                "type": "InternalNode",
                "modelIds": null
            },
            {
                "id": "http://www.europeana.eu/schemas/edm/EuropeanaAggregation1",
                "label": {
                    "uri": "http://www.europeana.eu/schemas/edm/EuropeanaAggregation"
                },
                "type": "InternalNode",
                "modelIds": null
            },
            {
                "id": "http://www.americanartcollaborative.org/ontology/CulturalHeritageObject2",
                "label": {
                    "uri": "http://www.americanartcollaborative.org/ontology/CulturalHeritageObject"
                },
                "type": "InternalNode",
                "modelIds": null
            },
            {
                "id": "http://www.americanartcollaborative.org/ontology/Place1",
                "label": {
                    "uri": "http://www.americanartcollaborative.org/ontology/Place"
                },
                "type": "InternalNode",
                "modelIds": null
            },
            {
                "id": "http://www.americanartcollaborative.org/ontology/Person1",
                "label": {
                    "uri": "http://www.americanartcollaborative.org/ontology/Person"
                },
                "type": "InternalNode",
                "modelIds": null
            },
            {
                "id": "http://www.europeana.eu/schemas/edm/WebResource1",
                "label": {
                    "uri": "http://www.europeana.eu/schemas/edm/WebResource"
                },
                "type": "InternalNode",
                "modelIds": null
            }
        ],
        "links": [
            {
                "id": "http://www.europeana.eu/schemas/edm/EuropeanaAggregation1---http://www.europeana.eu/schemas/edm/aggregatedCHO---http://www.americanartcollaborative.org/ontology/CulturalHeritageObject1",
                "weight": 0.8042583356108226,
                "type": "ObjectPropertyLink",
                "label": {
                    "uri": "http://www.europeana.eu/schemas/edm/aggregatedCHO"
                },
                "objectPropertyType": "None",
                "status": "Normal",
                "keyInfo": "None",
                "modelIds": null
            },
            {
                "id": "http://www.americanartcollaborative.org/ontology/CulturalHeritageObject1---http://www.europeana.eu/schemas/edm/isRelatedTo---http://www.americanartcollaborative.org/ontology/CulturalHeritageObject2",
                "weight": 1.0,
                "type": "ObjectPropertyLink",
                "label": {
                    "uri": "http://www.europeana.eu/schemas/edm/isRelatedTo"
                },
                "objectPropertyType": "None",
                "status": "Normal",
                "keyInfo": "None",
                "modelIds": null
            },
            {
                "id": "http://www.americanartcollaborative.org/ontology/CulturalHeritageObject1---http://www.americanartcollaborative.org/ontology/associatedPlace---http://www.americanartcollaborative.org/ontology/Place1",
                "weight": 1.0,
                "type": "ObjectPropertyLink",
                "label": {
                    "uri": "http://www.americanartcollaborative.org/ontology/associatedPlace"
                },
                "objectPropertyType": "None",
                "status": "Normal",
                "keyInfo": "None",
                "modelIds": null
            },
            {
                "id": "http://www.americanartcollaborative.org/ontology/CulturalHeritageObject1---http://purl.org/dc/terms/creator---http://www.americanartcollaborative.org/ontology/Person1",
                "weight": 1.0,
                "type": "ObjectPropertyLink",
                "label": {
                    "uri": "http://purl.org/dc/terms/creator"
                },
                "objectPropertyType": "None",
                "status": "Normal",
                "keyInfo": "None",
                "modelIds": null
            },
            {
                "id": "http://www.europeana.eu/schemas/edm/EuropeanaAggregation1---http://www.europeana.eu/schemas/edm/hasView---http://www.europeana.eu/schemas/edm/WebResource1",
                "weight": 1.0,
                "type": "ObjectPropertyLink",
                "label": {
                    "uri": "http://www.europeana.eu/schemas/edm/hasView"
                },
                "objectPropertyType": "None",
                "status": "Normal",
                "keyInfo": "None",
                "modelIds": null
            }
        ]
    }
}