{
    "id": "p1964AB052-8A64-0119-AE24-D14994B7EFC0",
    "length": 1,
    "frequency": "638",
    "graph": {
        "nodes": [
            {
                "id": "http://schema.dig.isi.edu/ontology/PersonOrOrganization1",
                "label": {
                    "uri": "http://schema.dig.isi.edu/ontology/PersonOrOrganization"
                },
                "type": "InternalNode",
                "modelIds": null
            },
            {
                "id": "http://schema.org/Offer1",
                "label": {
                    "uri": "http://schema.org/Offer"
                },
                "type": "InternalNode",
                "modelIds": null
            }
        ],
        "links": [
            {
                "id": "http://schema.org/Offer1---http://schema.org/seller---http://schema.dig.isi.edu/ontology/PersonOrOrganization1",
                "weight": 0.8212885154061624,
                "type": "ObjectPropertyLink",
                "label": {
                    "uri": "http://schema.org/seller"
                },
                "objectPropertyType": "None",
                "status": "Normal",
                "keyInfo": "None",
                "modelIds": null
            }
        ]
    }
}