{
    "id": "s02-dma.csv",
    "name": "s02-dma.csv",
    "description": null,
    "sourceColumns": [
        {
            "id": "HN73425",
            "hNodeId": "HN73425",
            "columnName": "Artist URI"
        },
        {
            "id": "HN73477",
            "hNodeId": "HN73477",
            "columnName": "Nationality_URI"
        },
        {
            "id": "HN71988",
            "hNodeId": "HN71988",
            "columnName": "Object Earliest Date"
        },
        {
            "id": "HN71989",
            "hNodeId": "HN71989",
            "columnName": "Object Latest Date"
        },
        {
            "id": "HN73723",
            "hNodeId": "HN73723",
            "columnName": "Death_URI"
        },
        {
            "id": "HN71983",
            "hNodeId": "HN71983",
            "columnName": "Artist Name"
        },
        {
            "id": "HN71984",
            "hNodeId": "HN71984",
            "columnName": "Artist Birth Date"
        },
        {
            "id": "HN71994",
            "hNodeId": "HN71994",
            "columnName": "Object Facet Value 1"
        },
        {
            "id": "HN71985",
            "hNodeId": "HN71985",
            "columnName": "Artist Death Date"
        },
        {
            "id": "HN71986",
            "hNodeId": "HN71986",
            "columnName": "Artist Nationality"
        },
        {
            "id": "HN71992",
            "hNodeId": "HN71992",
            "columnName": "Object Rights"
        },
        {
            "id": "HN71980",
            "hNodeId": "HN71980",
            "columnName": "Object Title"
        },
        {
            "id": "HN71981",
            "hNodeId": "HN71981",
            "columnName": "Object Work Type"
        },
        {
            "id": "HN73580",
            "hNodeId": "HN73580",
            "columnName": "Museum URI"
        },
        {
            "id": "HN72006",
            "hNodeId": "HN72006",
            "columnName": "dimensions"
        },
        {
            "id": "HN73676",
            "hNodeId": "HN73676",
            "columnName": "Birth_URI"
        },
        {
            "id": "HN73377",
            "hNodeId": "HN73377",
            "columnName": "Object Work Type URI"
        },
        {
            "id": "HN72001",
            "hNodeId": "HN72001",
            "columnName": "Object Link Source"
        },
        {
            "id": "HN73628",
            "hNodeId": "HN73628",
            "columnName": "Artist Appellation"
        },
        {
            "id": "HN73329",
            "hNodeId": "HN73329",
            "columnName": "Object_URI"
        },
        {
            "id": "HN73525",
            "hNodeId": "HN73525",
            "columnName": "Medium URI"
        }
    ],
    "mappingToSourceColumns": [
        {
            "id": "HN73425",
            "sourceColumnId": "HN73425"
        },
        {
            "id": "HN73477",
            "sourceColumnId": "HN73477"
        },
        {
            "id": "HN71988",
            "sourceColumnId": "HN71988"
        },
        {
            "id": "HN71989",
            "sourceColumnId": "HN71989"
        },
        {
            "id": "HN73723",
            "sourceColumnId": "HN73723"
        },
        {
            "id": "HN71983",
            "sourceColumnId": "HN71983"
        },
        {
            "id": "HN71984",
            "sourceColumnId": "HN71984"
        },
        {
            "id": "HN71994",
            "sourceColumnId": "HN71994"
        },
        {
            "id": "HN71985",
            "sourceColumnId": "HN71985"
        },
        {
            "id": "HN71986",
            "sourceColumnId": "HN71986"
        },
        {
            "id": "HN71992",
            "sourceColumnId": "HN71992"
        },
        {
            "id": "HN71980",
            "sourceColumnId": "HN71980"
        },
        {
            "id": "HN71981",
            "sourceColumnId": "HN71981"
        },
        {
            "id": "HN72006",
            "sourceColumnId": "HN72006"
        },
        {
            "id": "HN73580",
            "sourceColumnId": "HN73580"
        },
        {
            "id": "HN73676",
            "sourceColumnId": "HN73676"
        },
        {
            "id": "HN72001",
            "sourceColumnId": "HN72001"
        },
        {
            "id": "HN73377",
            "sourceColumnId": "HN73377"
        },
        {
            "id": "HN73628",
            "sourceColumnId": "HN73628"
        },
        {
            "id": "HN73329",
            "sourceColumnId": "HN73329"
        },
        {
            "id": "HN73525",
            "sourceColumnId": "HN73525"
        }
    ],
    "graph": {
        "nodes": [
            {
                "id": "http://erlangen-crm.org/current/E12_Production1",
                "label": {
                    "uri": "http://erlangen-crm.org/current/E12_Production"
                },
                "type": "InternalNode",
                "modelIds": null
            },
            {
                "id": "http://erlangen-crm.org/current/E21_Person1",
                "label": {
                    "uri": "http://erlangen-crm.org/current/E21_Person"
                },
                "type": "InternalNode",
                "modelIds": null
            },
            {
                "id": "http://erlangen-crm.org/current/E52_Time-Span3",
                "label": {
                    "uri": "http://erlangen-crm.org/current/E52_Time-Span"
                },
                "type": "InternalNode",
                "modelIds": null
            },
            {
                "id": "http://erlangen-crm.org/current/E55_Type2",
                "label": {
                    "uri": "http://erlangen-crm.org/current/E55_Type"
                },
                "type": "InternalNode",
                "modelIds": null
            },
            {
                "id": "http://erlangen-crm.org/current/E67_Birth1",
                "label": {
                    "uri": "http://erlangen-crm.org/current/E67_Birth"
                },
                "type": "InternalNode",
                "modelIds": null
            },
            {
                "id": "http://erlangen-crm.org/current/E69_Death1",
                "label": {
                    "uri": "http://erlangen-crm.org/current/E69_Death"
                },
                "type": "InternalNode",
                "modelIds": null
            },
            {
                "id": "http://erlangen-crm.org/current/E74_Group1",
                "label": {
                    "uri": "http://erlangen-crm.org/current/E74_Group"
                },
                "type": "InternalNode",
                "modelIds": null
            },
            {
                "id": "http://erlangen-crm.org/current/E82_Actor_Appellation1",
                "label": {
                    "uri": "http://erlangen-crm.org/current/E82_Actor_Appellation"
                },
                "type": "InternalNode",
                "modelIds": null
            },
            {
                "id": "http://erlangen-crm.org/current/E22_Man-Made_Object1",
                "label": {
                    "uri": "http://erlangen-crm.org/current/E22_Man-Made_Object"
                },
                "type": "InternalNode",
                "modelIds": null
            },
            {
                "id": "http://erlangen-crm.org/current/E30_Right1",
                "label": {
                    "uri": "http://erlangen-crm.org/current/E30_Right"
                },
                "type": "InternalNode",
                "modelIds": null
            },
            {
                "id": "http://erlangen-crm.org/current/E35_Title1",
                "label": {
                    "uri": "http://erlangen-crm.org/current/E35_Title"
                },
                "type": "InternalNode",
                "modelIds": null
            },
            {
                "id": "http://erlangen-crm.org/current/E40_Legal_Body1",
                "label": {
                    "uri": "http://erlangen-crm.org/current/E40_Legal_Body"
                },
                "type": "InternalNode",
                "modelIds": null
            },
            {
                "id": "http://erlangen-crm.org/current/E54_Dimension1",
                "label": {
                    "uri": "http://erlangen-crm.org/current/E54_Dimension"
                },
                "type": "InternalNode",
                "modelIds": null
            },
            {
                "id": "http://erlangen-crm.org/current/E55_Type1",
                "label": {
                    "uri": "http://erlangen-crm.org/current/E55_Type"
                },
                "type": "InternalNode",
                "modelIds": null
            },
            {
                "id": "http://erlangen-crm.org/current/E52_Time-Span1",
                "label": {
                    "uri": "http://erlangen-crm.org/current/E52_Time-Span"
                },
                "type": "InternalNode",
                "modelIds": null
            },
            {
                "id": "http://erlangen-crm.org/current/E52_Time-Span2",
                "label": {
                    "uri": "http://erlangen-crm.org/current/E52_Time-Span"
                },
                "type": "InternalNode",
                "modelIds": null
            },
            {
                "id": "HN73425",
                "label": {
                    "uri": "HN73425"
                },
                "type": "ColumnNode",
                "hNodeId": "HN73425",
                "columnName": "Artist URI",
                "rdfLiteralType": null,
                "userSemanticTypes": [
                    {
                        "hNodeId": "HN73425",
                        "domain": {
                            "uri": "http://erlangen-crm.org/current/E21_Person"
                        },
                        "type": {
                            "uri": "http://isi.edu/integration/karma/dev#classLink"
                        },
                        "origin": "User",
                        "confidenceScore": 1.0
                    }
                ],
                "learnedSemanticTypes": [
                    {
                        "hNodeId": "HN73425",
                        "domain": {
                            "uri": "http://erlangen-crm.org/current/E67_Birth"
                        },
                        "type": {
                            "uri": "http://isi.edu/integration/karma/dev#classLink"
                        },
                        "origin": "TfIdfModel",
                        "confidenceScore": 0.29250048162861036
                    },
                    {
                        "hNodeId": "HN73425",
                        "domain": {
                            "uri": "http://erlangen-crm.org/current/E82_Actor_Appellation"
                        },
                        "type": {
                            "uri": "http://isi.edu/integration/karma/dev#classLink"
                        },
                        "origin": "TfIdfModel",
                        "confidenceScore": 0.27892237776253337
                    },
                    {
                        "hNodeId": "HN73425",
                        "domain": {
                            "uri": "http://erlangen-crm.org/current/E21_Person"
                        },
                        "type": {
                            "uri": "http://isi.edu/integration/karma/dev#classLink"
                        },
                        "origin": "TfIdfModel",
                        "confidenceScore": 0.23262127608957428
                    },
                    {
                        "hNodeId": "HN73425",
                        "domain": {
                            "uri": "http://erlangen-crm.org/current/E69_Death"
                        },
                        "type": {
                            "uri": "http://isi.edu/integration/karma/dev#classLink"
                        },
                        "origin": "TfIdfModel",
                        "confidenceScore": 0.195955864519282
                    }
                ],
                "modelIds": null
            },
            {
                "id": "HN73477",
                "label": {
                    "uri": "HN73477"
                },
                "type": "ColumnNode",
                "hNodeId": "HN73477",
                "columnName": "Nationality_URI",
                "rdfLiteralType": null,
                "userSemanticTypes": [
                    {
                        "hNodeId": "HN73477",
                        "domain": {
                            "uri": "http://erlangen-crm.org/current/E74_Group"
                        },
                        "type": {
                            "uri": "http://isi.edu/integration/karma/dev#classLink"
                        },
                        "origin": "User",
                        "confidenceScore": 1.0
                    }
                ],
                "learnedSemanticTypes": [
                    {
                        "hNodeId": "HN73477",
                        "domain": {
                            "uri": "http://erlangen-crm.org/current/E74_Group"
                        },
                        "type": {
                            "uri": "http://isi.edu/integration/karma/dev#classLink"
                        },
                        "origin": "TfIdfModel",
                        "confidenceScore": 0.7099414087378888
                    },
                    {
                        "hNodeId": "HN73477",
                        "domain": {
                            "uri": "http://erlangen-crm.org/current/E55_Type"
                        },
                        "type": {
                            "uri": "http://isi.edu/integration/karma/dev#classLink"
                        },
                        "origin": "TfIdfModel",
                        "confidenceScore": 0.16916118554661927
                    },
                    {
                        "hNodeId": "HN73477",
                        "domain": {
                            "uri": "http://erlangen-crm.org/current/E57_Material"
                        },
                        "type": {
                            "uri": "http://isi.edu/integration/karma/dev#classLink"
                        },
                        "origin": "TfIdfModel",
                        "confidenceScore": 0.08141092560453003
                    },
                    {
                        "hNodeId": "HN73477",
                        "domain": {
                            "uri": "http://erlangen-crm.org/current/E74_Group"
                        },
                        "type": {
                            "uri": "http://www.w3.org/2000/01/rdf-schema#label"
                        },
                        "origin": "TfIdfModel",
                        "confidenceScore": 0.039486480110961925
                    }
                ],
                "modelIds": null
            },
            {
                "id": "HN71988",
                "label": {
                    "uri": "HN71988"
                },
                "type": "ColumnNode",
                "hNodeId": "HN71988",
                "columnName": "Object Earliest Date",
                "rdfLiteralType": null,
                "userSemanticTypes": [
                    {
                        "hNodeId": "HN71988",
                        "domain": {
                            "uri": "http://erlangen-crm.org/current/E52_Time-Span"
                        },
                        "type": {
                            "uri": "http://erlangen-crm.org/current/P82a_begin_of_the_begin"
                        },
                        "origin": "User",
                        "confidenceScore": 1.0
                    }
                ],
                "learnedSemanticTypes": [
                    {
                        "hNodeId": "HN71988",
                        "domain": {
                            "uri": "http://erlangen-crm.org/current/E52_Time-Span"
                        },
                        "type": {
                            "uri": "http://erlangen-crm.org/current/P82a_begin_of_the_begin"
                        },
                        "origin": "TfIdfModel",
                        "confidenceScore": 0.3972276356869879
                    },
                    {
                        "hNodeId": "HN71988",
                        "domain": {
                            "uri": "http://erlangen-crm.org/current/E52_Time-Span"
                        },
                        "type": {
                            "uri": "http://erlangen-crm.org/current/P82b_end_of_the_end"
                        },
                        "origin": "TfIdfModel",
                        "confidenceScore": 0.2938232960869179
                    },
                    {
                        "hNodeId": "HN71988",
                        "domain": {
                            "uri": "http://erlangen-crm.org/current/E52_Time-Span"
                        },
                        "type": {
                            "uri": "http://erlangen-crm.org/current/P82_at_some_time_within"
                        },
                        "origin": "TfIdfModel",
                        "confidenceScore": 0.25983112379885315
                    },
                    {
                        "hNodeId": "HN71988",
                        "domain": {
                            "uri": "http://erlangen-crm.org/current/E52_Time-Span"
                        },
                        "type": {
                            "uri": "http://www.w3.org/2000/01/rdf-schema#label"
                        },
                        "origin": "TfIdfModel",
                        "confidenceScore": 0.04911794442724115
                    }
                ],
                "modelIds": null
            },
            {
                "id": "HN71989",
                "label": {
                    "uri": "HN71989"
                },
                "type": "ColumnNode",
                "hNodeId": "HN71989",
                "columnName": "Object Latest Date",
                "rdfLiteralType": null,
                "userSemanticTypes": [
                    {
                        "hNodeId": "HN71989",
                        "domain": {
                            "uri": "http://erlangen-crm.org/current/E52_Time-Span"
                        },
                        "type": {
                            "uri": "http://erlangen-crm.org/current/P82b_end_of_the_end"
                        },
                        "origin": "User",
                        "confidenceScore": 1.0
                    }
                ],
                "learnedSemanticTypes": [
                    {
                        "hNodeId": "HN71989",
                        "domain": {
                            "uri": "http://erlangen-crm.org/current/E52_Time-Span"
                        },
                        "type": {
                            "uri": "http://erlangen-crm.org/current/P82b_end_of_the_end"
                        },
                        "origin": "TfIdfModel",
                        "confidenceScore": 0.3904969375233739
                    },
                    {
                        "hNodeId": "HN71989",
                        "domain": {
                            "uri": "http://erlangen-crm.org/current/E52_Time-Span"
                        },
                        "type": {
                            "uri": "http://erlangen-crm.org/current/P82a_begin_of_the_begin"
                        },
                        "origin": "TfIdfModel",
                        "confidenceScore": 0.3155770170213678
                    },
                    {
                        "hNodeId": "HN71989",
                        "domain": {
                            "uri": "http://erlangen-crm.org/current/E52_Time-Span"
                        },
                        "type": {
                            "uri": "http://erlangen-crm.org/current/P82_at_some_time_within"
                        },
                        "origin": "TfIdfModel",
                        "confidenceScore": 0.24821790100650923
                    },
                    {
                        "hNodeId": "HN71989",
                        "domain": {
                            "uri": "http://erlangen-crm.org/current/E52_Time-Span"
                        },
                        "type": {
                            "uri": "http://www.w3.org/2000/01/rdf-schema#label"
                        },
                        "origin": "TfIdfModel",
                        "confidenceScore": 0.04570814444874907
                    }
                ],
                "modelIds": null
            },
            {
                "id": "HN73723",
                "label": {
                    "uri": "HN73723"
                },
                "type": "ColumnNode",
                "hNodeId": "HN73723",
                "columnName": "Death_URI",
                "rdfLiteralType": null,
                "userSemanticTypes": [
                    {
                        "hNodeId": "HN73723",
                        "domain": {
                            "uri": "http://erlangen-crm.org/current/E69_Death"
                        },
                        "type": {
                            "uri": "http://isi.edu/integration/karma/dev#classLink"
                        },
                        "origin": "User",
                        "confidenceScore": 1.0
                    }
                ],
                "learnedSemanticTypes": [
                    {
                        "hNodeId": "HN73723",
                        "domain": {
                            "uri": "http://erlangen-crm.org/current/E69_Death"
                        },
                        "type": {
                            "uri": "http://isi.edu/integration/karma/dev#classLink"
                        },
                        "origin": "TfIdfModel",
                        "confidenceScore": 0.4415262666129856
                    },
                    {
                        "hNodeId": "HN73723",
                        "domain": {
                            "uri": "http://erlangen-crm.org/current/E82_Actor_Appellation"
                        },
                        "type": {
                            "uri": "http://isi.edu/integration/karma/dev#classLink"
                        },
                        "origin": "TfIdfModel",
                        "confidenceScore": 0.20571091540315828
                    },
                    {
                        "hNodeId": "HN73723",
                        "domain": {
                            "uri": "http://erlangen-crm.org/current/E67_Birth"
                        },
                        "type": {
                            "uri": "http://isi.edu/integration/karma/dev#classLink"
                        },
                        "origin": "TfIdfModel",
                        "confidenceScore": 0.1912349772856611
                    },
                    {
                        "hNodeId": "HN73723",
                        "domain": {
                            "uri": "http://erlangen-crm.org/current/E21_Person"
                        },
                        "type": {
                            "uri": "http://isi.edu/integration/karma/dev#classLink"
                        },
                        "origin": "TfIdfModel",
                        "confidenceScore": 0.16152784069819498
                    }
                ],
                "modelIds": null
            },
            {
                "id": "HN71983",
                "label": {
                    "uri": "HN71983"
                },
                "type": "ColumnNode",
                "hNodeId": "HN71983",
                "columnName": "Artist Name",
                "rdfLiteralType": null,
                "userSemanticTypes": [
                    {
                        "hNodeId": "HN71983",
                        "domain": {
                            "uri": "http://erlangen-crm.org/current/E82_Actor_Appellation"
                        },
                        "type": {
                            "uri": "http://www.w3.org/2000/01/rdf-schema#label"
                        },
                        "origin": "User",
                        "confidenceScore": 1.0
                    }
                ],
                "learnedSemanticTypes": [
                    {
                        "hNodeId": "HN71983",
                        "domain": {
                            "uri": "http://erlangen-crm.org/current/E82_Actor_Appellation"
                        },
                        "type": {
                            "uri": "http://www.w3.org/2000/01/rdf-schema#label"
                        },
                        "origin": "TfIdfModel",
                        "confidenceScore": 0.7415937763562125
                    },
                    {
                        "hNodeId": "HN71983",
                        "domain": {
                            "uri": "http://erlangen-crm.org/current/E22_Man-Made_Object"
                        },
                        "type": {
                            "uri": "http://erlangen-crm.org/current/P3_has_note"
                        },
                        "origin": "TfIdfModel",
                        "confidenceScore": 0.093617821068655
                    },
                    {
                        "hNodeId": "HN71983",
                        "domain": {
                            "uri": "http://erlangen-crm.org/current/E8_Acquisition"
                        },
                        "type": {
                            "uri": "http://erlangen-crm.org/current/P3_has_note"
                        },
                        "origin": "TfIdfModel",
                        "confidenceScore": 0.09354861708804375
                    },
                    {
                        "hNodeId": "HN71983",
                        "domain": {
                            "uri": "http://erlangen-crm.org/current/E33_Linguistic_Object"
                        },
                        "type": {
                            "uri": "http://erlangen-crm.org/current/P3_has_note"
                        },
                        "origin": "TfIdfModel",
                        "confidenceScore": 0.0712397854870888
                    }
                ],
                "modelIds": null
            },
            {
                "id": "HN71984",
                "label": {
                    "uri": "HN71984"
                },
                "type": "ColumnNode",
                "hNodeId": "HN71984",
                "columnName": "Artist Birth Date",
                "rdfLiteralType": null,
                "userSemanticTypes": [
                    {
                        "hNodeId": "HN71984",
                        "domain": {
                            "uri": "http://erlangen-crm.org/current/E52_Time-Span"
                        },
                        "type": {
                            "uri": "http://erlangen-crm.org/current/P82_at_some_time_within"
                        },
                        "origin": "User",
                        "confidenceScore": 1.0
                    }
                ],
                "learnedSemanticTypes": [
                    {
                        "hNodeId": "HN71984",
                        "domain": {
                            "uri": "http://erlangen-crm.org/current/E52_Time-Span"
                        },
                        "type": {
                            "uri": "http://erlangen-crm.org/current/P82a_begin_of_the_begin"
                        },
                        "origin": "TfIdfModel",
                        "confidenceScore": 0.5161044970683151
                    },
                    {
                        "hNodeId": "HN71984",
                        "domain": {
                            "uri": "http://erlangen-crm.org/current/E52_Time-Span"
                        },
                        "type": {
                            "uri": "http://erlangen-crm.org/current/P82_at_some_time_within"
                        },
                        "origin": "TfIdfModel",
                        "confidenceScore": 0.3656174438469784
                    },
                    {
                        "hNodeId": "HN71984",
                        "domain": {
                            "uri": "http://erlangen-crm.org/current/E52_Time-Span"
                        },
                        "type": {
                            "uri": "http://erlangen-crm.org/current/P82b_end_of_the_end"
                        },
                        "origin": "TfIdfModel",
                        "confidenceScore": 0.08476631224041777
                    },
                    {
                        "hNodeId": "HN71984",
                        "domain": {
                            "uri": "http://erlangen-crm.org/current/E33_Linguistic_Object"
                        },
                        "type": {
                            "uri": "http://erlangen-crm.org/current/P3_has_note"
                        },
                        "origin": "TfIdfModel",
                        "confidenceScore": 0.03351174684428878
                    }
                ],
                "modelIds": null
            },
            {
                "id": "HN71994",
                "label": {
                    "uri": "HN71994"
                },
                "type": "ColumnNode",
                "hNodeId": "HN71994",
                "columnName": "Object Facet Value 1",
                "rdfLiteralType": null,
                "userSemanticTypes": [
                    {
                        "hNodeId": "HN71994",
                        "domain": {
                            "uri": "http://erlangen-crm.org/current/E55_Type"
                        },
                        "type": {
                            "uri": "http://www.w3.org/2000/01/rdf-schema#label"
                        },
                        "origin": "User",
                        "confidenceScore": 1.0
                    }
                ],
                "learnedSemanticTypes": [
                    {
                        "hNodeId": "HN71994",
                        "domain": {
                            "uri": "http://erlangen-crm.org/current/E29_Design_or_Procedure"
                        },
                        "type": {
                            "uri": "http://erlangen-crm.org/current/P3_has_note"
                        },
                        "origin": "TfIdfModel",
                        "confidenceScore": 0.3495037945760192
                    },
                    {
                        "hNodeId": "HN71994",
                        "domain": {
                            "uri": "http://erlangen-crm.org/current/E55_Type"
                        },
                        "type": {
                            "uri": "http://www.w3.org/2000/01/rdf-schema#label"
                        },
                        "origin": "TfIdfModel",
                        "confidenceScore": 0.2911589510120083
                    },
                    {
                        "hNodeId": "HN71994",
                        "domain": {
                            "uri": "http://erlangen-crm.org/current/E57_Material"
                        },
                        "type": {
                            "uri": "http://www.w3.org/2000/01/rdf-schema#label"
                        },
                        "origin": "TfIdfModel",
                        "confidenceScore": 0.27312598391164017
                    },
                    {
                        "hNodeId": "HN71994",
                        "domain": {
                            "uri": "http://erlangen-crm.org/current/E57_Material"
                        },
                        "type": {
                            "uri": "http://isi.edu/integration/karma/dev#classLink"
                        },
                        "origin": "TfIdfModel",
                        "confidenceScore": 0.08621127050033231
                    }
                ],
                "modelIds": null
            },
            {
                "id": "HN71985",
                "label": {
                    "uri": "HN71985"
                },
                "type": "ColumnNode",
                "hNodeId": "HN71985",
                "columnName": "Artist Death Date",
                "rdfLiteralType": null,
                "userSemanticTypes": [
                    {
                        "hNodeId": "HN71985",
                        "domain": {
                            "uri": "http://erlangen-crm.org/current/E52_Time-Span"
                        },
                        "type": {
                            "uri": "http://erlangen-crm.org/current/P82_at_some_time_within"
                        },
                        "origin": "User",
                        "confidenceScore": 1.0
                    }
                ],
                "learnedSemanticTypes": [
                    {
                        "hNodeId": "HN71985",
                        "domain": {
                            "uri": "http://erlangen-crm.org/current/E52_Time-Span"
                        },
                        "type": {
                            "uri": "http://erlangen-crm.org/current/P82b_end_of_the_end"
                        },
                        "origin": "TfIdfModel",
                        "confidenceScore": 0.5018550027973545
                    },
                    {
                        "hNodeId": "HN71985",
                        "domain": {
                            "uri": "http://erlangen-crm.org/current/E52_Time-Span"
                        },
                        "type": {
                            "uri": "http://erlangen-crm.org/current/P82_at_some_time_within"
                        },
                        "origin": "TfIdfModel",
                        "confidenceScore": 0.3271420991008207
                    },
                    {
                        "hNodeId": "HN71985",
                        "domain": {
                            "uri": "http://erlangen-crm.org/current/E52_Time-Span"
                        },
                        "type": {
                            "uri": "http://erlangen-crm.org/current/P82a_begin_of_the_begin"
                        },
                        "origin": "TfIdfModel",
                        "confidenceScore": 0.12642214439906357
                    },
                    {
                        "hNodeId": "HN71985",
                        "domain": {
                            "uri": "http://erlangen-crm.org/current/E52_Time-Span"
                        },
                        "type": {
                            "uri": "http://www.w3.org/2000/01/rdf-schema#label"
                        },
                        "origin": "TfIdfModel",
                        "confidenceScore": 0.04458075370276124
                    }
                ],
                "modelIds": null
            },
            {
                "id": "HN71986",
                "label": {
                    "uri": "HN71986"
                },
                "type": "ColumnNode",
                "hNodeId": "HN71986",
                "columnName": "Artist Nationality",
                "rdfLiteralType": null,
                "userSemanticTypes": [
                    {
                        "hNodeId": "HN71986",
                        "domain": {
                            "uri": "http://erlangen-crm.org/current/E74_Group"
                        },
                        "type": {
                            "uri": "http://www.w3.org/2000/01/rdf-schema#label"
                        },
                        "origin": "User",
                        "confidenceScore": 1.0
                    }
                ],
                "learnedSemanticTypes": [
                    {
                        "hNodeId": "HN71986",
                        "domain": {
                            "uri": "http://erlangen-crm.org/current/E74_Group"
                        },
                        "type": {
                            "uri": "http://www.w3.org/2000/01/rdf-schema#label"
                        },
                        "origin": "TfIdfModel",
                        "confidenceScore": 0.5217323661743889
                    },
                    {
                        "hNodeId": "HN71986",
                        "domain": {
                            "uri": "http://erlangen-crm.org/current/E74_Group"
                        },
                        "type": {
                            "uri": "http://isi.edu/integration/karma/dev#classLink"
                        },
                        "origin": "TfIdfModel",
                        "confidenceScore": 0.36009429486258515
                    },
                    {
                        "hNodeId": "HN71986",
                        "domain": {
                            "uri": "http://erlangen-crm.org/current/E55_Type"
                        },
                        "type": {
                            "uri": "http://www.w3.org/2000/01/rdf-schema#label"
                        },
                        "origin": "TfIdfModel",
                        "confidenceScore": 0.0633531375687403
                    },
                    {
                        "hNodeId": "HN71986",
                        "domain": {
                            "uri": "http://erlangen-crm.org/current/E21_Person"
                        },
                        "type": {
                            "uri": "http://erlangen-crm.org/current/P3_has_note"
                        },
                        "origin": "TfIdfModel",
                        "confidenceScore": 0.054820201394285666
                    }
                ],
                "modelIds": null
            },
            {
                "id": "HN71992",
                "label": {
                    "uri": "HN71992"
                },
                "type": "ColumnNode",
                "hNodeId": "HN71992",
                "columnName": "Object Rights",
                "rdfLiteralType": null,
                "userSemanticTypes": [
                    {
                        "hNodeId": "HN71992",
                        "domain": {
                            "uri": "http://erlangen-crm.org/current/E30_Right"
                        },
                        "type": {
                            "uri": "http://erlangen-crm.org/current/P3_has_note"
                        },
                        "origin": "User",
                        "confidenceScore": 1.0
                    }
                ],
                "learnedSemanticTypes": [
                    {
                        "hNodeId": "HN71992",
                        "domain": {
                            "uri": "http://erlangen-crm.org/current/E30_Right"
                        },
                        "type": {
                            "uri": "http://erlangen-crm.org/current/P3_has_note"
                        },
                        "origin": "TfIdfModel",
                        "confidenceScore": 0.5742097529647661
                    },
                    {
                        "hNodeId": "HN71992",
                        "domain": {
                            "uri": "http://erlangen-crm.org/current/E40_Legal_Body"
                        },
                        "type": {
                            "uri": "http://www.w3.org/2000/01/rdf-schema#label"
                        },
                        "origin": "TfIdfModel",
                        "confidenceScore": 0.22036460643685987
                    },
                    {
                        "hNodeId": "HN71992",
                        "domain": {
                            "uri": "http://erlangen-crm.org/current/E8_Acquisition"
                        },
                        "type": {
                            "uri": "http://erlangen-crm.org/current/P3_has_note"
                        },
                        "origin": "TfIdfModel",
                        "confidenceScore": 0.16182262861363458
                    },
                    {
                        "hNodeId": "HN71992",
                        "domain": {
                            "uri": "http://erlangen-crm.org/current/E34_Inscription"
                        },
                        "type": {
                            "uri": "http://erlangen-crm.org/current/P3_has_note"
                        },
                        "origin": "TfIdfModel",
                        "confidenceScore": 0.04360301198473946
                    }
                ],
                "modelIds": null
            },
            {
                "id": "HN71980",
                "label": {
                    "uri": "HN71980"
                },
                "type": "ColumnNode",
                "hNodeId": "HN71980",
                "columnName": "Object Title",
                "rdfLiteralType": null,
                "userSemanticTypes": [
                    {
                        "hNodeId": "HN71980",
                        "domain": {
                            "uri": "http://erlangen-crm.org/current/E35_Title"
                        },
                        "type": {
                            "uri": "http://www.w3.org/2000/01/rdf-schema#label"
                        },
                        "origin": "User",
                        "confidenceScore": 1.0
                    }
                ],
                "learnedSemanticTypes": [
                    {
                        "hNodeId": "HN71980",
                        "domain": {
                            "uri": "http://erlangen-crm.org/current/E35_Title"
                        },
                        "type": {
                            "uri": "http://www.w3.org/2000/01/rdf-schema#label"
                        },
                        "origin": "TfIdfModel",
                        "confidenceScore": 0.5995742755086425
                    },
                    {
                        "hNodeId": "HN71980",
                        "domain": {
                            "uri": "http://erlangen-crm.org/current/E22_Man-Made_Object"
                        },
                        "type": {
                            "uri": "http://erlangen-crm.org/current/P3_has_note"
                        },
                        "origin": "TfIdfModel",
                        "confidenceScore": 0.14555539963044953
                    },
                    {
                        "hNodeId": "HN71980",
                        "domain": {
                            "uri": "http://erlangen-crm.org/current/E73_Information_Object"
                        },
                        "type": {
                            "uri": "http://erlangen-crm.org/current/P3_has_note"
                        },
                        "origin": "TfIdfModel",
                        "confidenceScore": 0.13639377128191282
                    },
                    {
                        "hNodeId": "HN71980",
                        "domain": {
                            "uri": "http://erlangen-crm.org/current/E33_Linguistic_Object"
                        },
                        "type": {
                            "uri": "http://erlangen-crm.org/current/P3_has_note"
                        },
                        "origin": "TfIdfModel",
                        "confidenceScore": 0.11847655357899518
                    }
                ],
                "modelIds": null
            },
            {
                "id": "HN71981",
                "label": {
                    "uri": "HN71981"
                },
                "type": "ColumnNode",
                "hNodeId": "HN71981",
                "columnName": "Object Work Type",
                "rdfLiteralType": null,
                "userSemanticTypes": [
                    {
                        "hNodeId": "HN71981",
                        "domain": {
                            "uri": "http://erlangen-crm.org/current/E55_Type"
                        },
                        "type": {
                            "uri": "http://www.w3.org/2000/01/rdf-schema#label"
                        },
                        "origin": "User",
                        "confidenceScore": 1.0
                    }
                ],
                "learnedSemanticTypes": [
                    {
                        "hNodeId": "HN71981",
                        "domain": {
                            "uri": "http://erlangen-crm.org/current/E55_Type"
                        },
                        "type": {
                            "uri": "http://www.w3.org/2000/01/rdf-schema#label"
                        },
                        "origin": "TfIdfModel",
                        "confidenceScore": 0.4598161858398784
                    },
                    {
                        "hNodeId": "HN71981",
                        "domain": {
                            "uri": "http://erlangen-crm.org/current/E55_Type"
                        },
                        "type": {
                            "uri": "http://isi.edu/integration/karma/dev#classLink"
                        },
                        "origin": "TfIdfModel",
                        "confidenceScore": 0.33803074428065677
                    },
                    {
                        "hNodeId": "HN71981",
                        "domain": {
                            "uri": "http://erlangen-crm.org/current/E34_Inscription"
                        },
                        "type": {
                            "uri": "http://erlangen-crm.org/current/P3_has_note"
                        },
                        "origin": "TfIdfModel",
                        "confidenceScore": 0.10208727747036933
                    },
                    {
                        "hNodeId": "HN71981",
                        "domain": {
                            "uri": "http://erlangen-crm.org/current/E31_Document"
                        },
                        "type": {
                            "uri": "http://isi.edu/integration/karma/dev#classLink"
                        },
                        "origin": "TfIdfModel",
                        "confidenceScore": 0.10006579240909555
                    }
                ],
                "modelIds": null
            },
            {
                "id": "HN73580",
                "label": {
                    "uri": "HN73580"
                },
                "type": "ColumnNode",
                "hNodeId": "HN73580",
                "columnName": "Museum URI",
                "rdfLiteralType": null,
                "userSemanticTypes": [
                    {
                        "hNodeId": "HN73580",
                        "domain": {
                            "uri": "http://erlangen-crm.org/current/E40_Legal_Body"
                        },
                        "type": {
                            "uri": "http://isi.edu/integration/karma/dev#classLink"
                        },
                        "origin": "User",
                        "confidenceScore": 1.0
                    }
                ],
                "learnedSemanticTypes": [
                    {
                        "hNodeId": "HN73580",
                        "domain": {
                            "uri": "http://erlangen-crm.org/current/E40_Legal_Body"
                        },
                        "type": {
                            "uri": "http://isi.edu/integration/karma/dev#classLink"
                        },
                        "origin": "TfIdfModel",
                        "confidenceScore": 0.3396242869617229
                    },
                    {
                        "hNodeId": "HN73580",
                        "domain": {
                            "uri": "http://erlangen-crm.org/current/E22_Man-Made_Object"
                        },
                        "type": {
                            "uri": "http://isi.edu/integration/karma/dev#classLink"
                        },
                        "origin": "TfIdfModel",
                        "confidenceScore": 0.2980939503632256
                    },
                    {
                        "hNodeId": "HN73580",
                        "domain": {
                            "uri": "http://erlangen-crm.org/current/E82_Actor_Appellation"
                        },
                        "type": {
                            "uri": "http://isi.edu/integration/karma/dev#classLink"
                        },
                        "origin": "TfIdfModel",
                        "confidenceScore": 0.18879114657023816
                    },
                    {
                        "hNodeId": "HN73580",
                        "domain": {
                            "uri": "http://erlangen-crm.org/current/E31_Document"
                        },
                        "type": {
                            "uri": "http://isi.edu/integration/karma/dev#classLink"
                        },
                        "origin": "TfIdfModel",
                        "confidenceScore": 0.1734906161048133
                    }
                ],
                "modelIds": null
            },
            {
                "id": "HN72006",
                "label": {
                    "uri": "HN72006"
                },
                "type": "ColumnNode",
                "hNodeId": "HN72006",
                "columnName": "dimensions",
                "rdfLiteralType": null,
                "userSemanticTypes": [
                    {
                        "hNodeId": "HN72006",
                        "domain": {
                            "uri": "http://erlangen-crm.org/current/E54_Dimension"
                        },
                        "type": {
                            "uri": "http://erlangen-crm.org/current/P3_has_note"
                        },
                        "origin": "User",
                        "confidenceScore": 1.0
                    }
                ],
                "learnedSemanticTypes": [
                    {
                        "hNodeId": "HN72006",
                        "domain": {
                            "uri": "http://erlangen-crm.org/current/E54_Dimension"
                        },
                        "type": {
                            "uri": "http://erlangen-crm.org/current/P3_has_note"
                        },
                        "origin": "TfIdfModel",
                        "confidenceScore": 0.8894379783259665
                    },
                    {
                        "hNodeId": "HN72006",
                        "domain": {
                            "uri": "http://erlangen-crm.org/current/E82_Actor_Appellation"
                        },
                        "type": {
                            "uri": "http://www.w3.org/2000/01/rdf-schema#label"
                        },
                        "origin": "TfIdfModel",
                        "confidenceScore": 0.05315642617961353
                    },
                    {
                        "hNodeId": "HN72006",
                        "domain": {
                            "uri": "http://erlangen-crm.org/current/E22_Man-Made_Object"
                        },
                        "type": {
                            "uri": "http://erlangen-crm.org/current/P3_has_note"
                        },
                        "origin": "TfIdfModel",
                        "confidenceScore": 0.03903723295545632
                    },
                    {
                        "hNodeId": "HN72006",
                        "domain": {
                            "uri": "http://erlangen-crm.org/current/E33_Linguistic_Object"
                        },
                        "type": {
                            "uri": "http://erlangen-crm.org/current/P3_has_note"
                        },
                        "origin": "TfIdfModel",
                        "confidenceScore": 0.0183683625389637
                    }
                ],
                "modelIds": null
            },
            {
                "id": "HN73676",
                "label": {
                    "uri": "HN73676"
                },
                "type": "ColumnNode",
                "hNodeId": "HN73676",
                "columnName": "Birth_URI",
                "rdfLiteralType": null,
                "userSemanticTypes": [
                    {
                        "hNodeId": "HN73676",
                        "domain": {
                            "uri": "http://erlangen-crm.org/current/E67_Birth"
                        },
                        "type": {
                            "uri": "http://isi.edu/integration/karma/dev#classLink"
                        },
                        "origin": "User",
                        "confidenceScore": 1.0
                    }
                ],
                "learnedSemanticTypes": [
                    {
                        "hNodeId": "HN73676",
                        "domain": {
                            "uri": "http://erlangen-crm.org/current/E67_Birth"
                        },
                        "type": {
                            "uri": "http://isi.edu/integration/karma/dev#classLink"
                        },
                        "origin": "TfIdfModel",
                        "confidenceScore": 0.5439712515528748
                    },
                    {
                        "hNodeId": "HN73676",
                        "domain": {
                            "uri": "http://erlangen-crm.org/current/E82_Actor_Appellation"
                        },
                        "type": {
                            "uri": "http://isi.edu/integration/karma/dev#classLink"
                        },
                        "origin": "TfIdfModel",
                        "confidenceScore": 0.17925590992250828
                    },
                    {
                        "hNodeId": "HN73676",
                        "domain": {
                            "uri": "http://erlangen-crm.org/current/E21_Person"
                        },
                        "type": {
                            "uri": "http://isi.edu/integration/karma/dev#classLink"
                        },
                        "origin": "TfIdfModel",
                        "confidenceScore": 0.15140964316292263
                    },
                    {
                        "hNodeId": "HN73676",
                        "domain": {
                            "uri": "http://erlangen-crm.org/current/E69_Death"
                        },
                        "type": {
                            "uri": "http://isi.edu/integration/karma/dev#classLink"
                        },
                        "origin": "TfIdfModel",
                        "confidenceScore": 0.1253631953616942
                    }
                ],
                "modelIds": null
            },
            {
                "id": "HN73377",
                "label": {
                    "uri": "HN73377"
                },
                "type": "ColumnNode",
                "hNodeId": "HN73377",
                "columnName": "Object Work Type URI",
                "rdfLiteralType": null,
                "userSemanticTypes": [
                    {
                        "hNodeId": "HN73377",
                        "domain": {
                            "uri": "http://erlangen-crm.org/current/E55_Type"
                        },
                        "type": {
                            "uri": "http://isi.edu/integration/karma/dev#classLink"
                        },
                        "origin": "User",
                        "confidenceScore": 1.0
                    }
                ],
                "learnedSemanticTypes": [
                    {
                        "hNodeId": "HN73377",
                        "domain": {
                            "uri": "http://erlangen-crm.org/current/E55_Type"
                        },
                        "type": {
                            "uri": "http://isi.edu/integration/karma/dev#classLink"
                        },
                        "origin": "TfIdfModel",
                        "confidenceScore": 0.5822598172818325
                    },
                    {
                        "hNodeId": "HN73377",
                        "domain": {
                            "uri": "http://erlangen-crm.org/current/E55_Type"
                        },
                        "type": {
                            "uri": "http://www.w3.org/2000/01/rdf-schema#label"
                        },
                        "origin": "TfIdfModel",
                        "confidenceScore": 0.2200428642831777
                    },
                    {
                        "hNodeId": "HN73377",
                        "domain": {
                            "uri": "http://erlangen-crm.org/current/E74_Group"
                        },
                        "type": {
                            "uri": "http://isi.edu/integration/karma/dev#classLink"
                        },
                        "origin": "TfIdfModel",
                        "confidenceScore": 0.10200556993129567
                    },
                    {
                        "hNodeId": "HN73377",
                        "domain": {
                            "uri": "http://erlangen-crm.org/current/E57_Material"
                        },
                        "type": {
                            "uri": "http://isi.edu/integration/karma/dev#classLink"
                        },
                        "origin": "TfIdfModel",
                        "confidenceScore": 0.09569174850369415
                    }
                ],
                "modelIds": null
            },
            {
                "id": "HN72001",
                "label": {
                    "uri": "HN72001"
                },
                "type": "ColumnNode",
                "hNodeId": "HN72001",
                "columnName": "Object Link Source",
                "rdfLiteralType": null,
                "userSemanticTypes": [
                    {
                        "hNodeId": "HN72001",
                        "domain": {
                            "uri": "http://erlangen-crm.org/current/E40_Legal_Body"
                        },
                        "type": {
                            "uri": "http://www.w3.org/2000/01/rdf-schema#label"
                        },
                        "origin": "User",
                        "confidenceScore": 1.0
                    }
                ],
                "learnedSemanticTypes": [
                    {
                        "hNodeId": "HN72001",
                        "domain": {
                            "uri": "http://erlangen-crm.org/current/E40_Legal_Body"
                        },
                        "type": {
                            "uri": "http://www.w3.org/2000/01/rdf-schema#label"
                        },
                        "origin": "TfIdfModel",
                        "confidenceScore": 0.48827104110632424
                    },
                    {
                        "hNodeId": "HN72001",
                        "domain": {
                            "uri": "http://erlangen-crm.org/current/E30_Right"
                        },
                        "type": {
                            "uri": "http://erlangen-crm.org/current/P3_has_note"
                        },
                        "origin": "TfIdfModel",
                        "confidenceScore": 0.3792246968200319
                    },
                    {
                        "hNodeId": "HN72001",
                        "domain": {
                            "uri": "http://erlangen-crm.org/current/E8_Acquisition"
                        },
                        "type": {
                            "uri": "http://erlangen-crm.org/current/P3_has_note"
                        },
                        "origin": "TfIdfModel",
                        "confidenceScore": 0.09016484666948325
                    },
                    {
                        "hNodeId": "HN72001",
                        "domain": {
                            "uri": "http://erlangen-crm.org/current/E34_Inscription"
                        },
                        "type": {
                            "uri": "http://erlangen-crm.org/current/P3_has_note"
                        },
                        "origin": "TfIdfModel",
                        "confidenceScore": 0.04233941540416062
                    }
                ],
                "modelIds": null
            },
            {
                "id": "HN73628",
                "label": {
                    "uri": "HN73628"
                },
                "type": "ColumnNode",
                "hNodeId": "HN73628",
                "columnName": "Artist Appellation",
                "rdfLiteralType": null,
                "userSemanticTypes": [
                    {
                        "hNodeId": "HN73628",
                        "domain": {
                            "uri": "http://erlangen-crm.org/current/E82_Actor_Appellation"
                        },
                        "type": {
                            "uri": "http://isi.edu/integration/karma/dev#classLink"
                        },
                        "origin": "User",
                        "confidenceScore": 1.0
                    }
                ],
                "learnedSemanticTypes": [
                    {
                        "hNodeId": "HN73628",
                        "domain": {
                            "uri": "http://erlangen-crm.org/current/E82_Actor_Appellation"
                        },
                        "type": {
                            "uri": "http://isi.edu/integration/karma/dev#classLink"
                        },
                        "origin": "TfIdfModel",
                        "confidenceScore": 0.6412784789437365
                    },
                    {
                        "hNodeId": "HN73628",
                        "domain": {
                            "uri": "http://erlangen-crm.org/current/E21_Person"
                        },
                        "type": {
                            "uri": "http://isi.edu/integration/karma/dev#classLink"
                        },
                        "origin": "TfIdfModel",
                        "confidenceScore": 0.21080015905317445
                    },
                    {
                        "hNodeId": "HN73628",
                        "domain": {
                            "uri": "http://erlangen-crm.org/current/E67_Birth"
                        },
                        "type": {
                            "uri": "http://isi.edu/integration/karma/dev#classLink"
                        },
                        "origin": "TfIdfModel",
                        "confidenceScore": 0.0882152680933088
                    },
                    {
                        "hNodeId": "HN73628",
                        "domain": {
                            "uri": "http://erlangen-crm.org/current/E69_Death"
                        },
                        "type": {
                            "uri": "http://isi.edu/integration/karma/dev#classLink"
                        },
                        "origin": "TfIdfModel",
                        "confidenceScore": 0.059706093909780246
                    }
                ],
                "modelIds": null
            },
            {
                "id": "HN73329",
                "label": {
                    "uri": "HN73329"
                },
                "type": "ColumnNode",
                "hNodeId": "HN73329",
                "columnName": "Object_URI",
                "rdfLiteralType": null,
                "userSemanticTypes": [
                    {
                        "hNodeId": "HN73329",
                        "domain": {
                            "uri": "http://erlangen-crm.org/current/E22_Man-Made_Object"
                        },
                        "type": {
                            "uri": "http://isi.edu/integration/karma/dev#classLink"
                        },
                        "origin": "User",
                        "confidenceScore": 1.0
                    }
                ],
                "learnedSemanticTypes": [
                    {
                        "hNodeId": "HN73329",
                        "domain": {
                            "uri": "http://erlangen-crm.org/current/E22_Man-Made_Object"
                        },
                        "type": {
                            "uri": "http://isi.edu/integration/karma/dev#classLink"
                        },
                        "origin": "TfIdfModel",
                        "confidenceScore": 0.6607521959033437
                    },
                    {
                        "hNodeId": "HN73329",
                        "domain": {
                            "uri": "http://erlangen-crm.org/current/E40_Legal_Body"
                        },
                        "type": {
                            "uri": "http://isi.edu/integration/karma/dev#classLink"
                        },
                        "origin": "TfIdfModel",
                        "confidenceScore": 0.16564521051346442
                    },
                    {
                        "hNodeId": "HN73329",
                        "domain": {
                            "uri": "http://erlangen-crm.org/current/E8_Acquisition"
                        },
                        "type": {
                            "uri": "http://isi.edu/integration/karma/dev#classLink"
                        },
                        "origin": "TfIdfModel",
                        "confidenceScore": 0.08787383528705842
                    },
                    {
                        "hNodeId": "HN73329",
                        "domain": {
                            "uri": "http://erlangen-crm.org/current/E82_Actor_Appellation"
                        },
                        "type": {
                            "uri": "http://isi.edu/integration/karma/dev#classLink"
                        },
                        "origin": "TfIdfModel",
                        "confidenceScore": 0.08572875829613354
                    }
                ],
                "modelIds": null
            },
            {
                "id": "HN73525",
                "label": {
                    "uri": "HN73525"
                },
                "type": "ColumnNode",
                "hNodeId": "HN73525",
                "columnName": "Medium URI",
                "rdfLiteralType": null,
                "userSemanticTypes": [
                    {
                        "hNodeId": "HN73525",
                        "domain": {
                            "uri": "http://erlangen-crm.org/current/E55_Type"
                        },
                        "type": {
                            "uri": "http://isi.edu/integration/karma/dev#classLink"
                        },
                        "origin": "User",
                        "confidenceScore": 1.0
                    }
                ],
                "learnedSemanticTypes": [
                    {
                        "hNodeId": "HN73525",
                        "domain": {
                            "uri": "http://erlangen-crm.org/current/E57_Material"
                        },
                        "type": {
                            "uri": "http://isi.edu/integration/karma/dev#classLink"
                        },
                        "origin": "TfIdfModel",
                        "confidenceScore": 0.419831511880616
                    },
                    {
                        "hNodeId": "HN73525",
                        "domain": {
                            "uri": "http://erlangen-crm.org/current/E55_Type"
                        },
                        "type": {
                            "uri": "http://isi.edu/integration/karma/dev#classLink"
                        },
                        "origin": "TfIdfModel",
                        "confidenceScore": 0.4129320866213683
                    },
                    {
                        "hNodeId": "HN73525",
                        "domain": {
                            "uri": "http://erlangen-crm.org/current/E74_Group"
                        },
                        "type": {
                            "uri": "http://isi.edu/integration/karma/dev#classLink"
                        },
                        "origin": "TfIdfModel",
                        "confidenceScore": 0.14228988029508394
                    },
                    {
                        "hNodeId": "HN73525",
                        "domain": {
                            "uri": "http://erlangen-crm.org/current/E55_Type"
                        },
                        "type": {
                            "uri": "http://www.w3.org/2000/01/rdf-schema#label"
                        },
                        "origin": "TfIdfModel",
                        "confidenceScore": 0.024946521202931737
                    }
                ],
                "modelIds": null
            }
        ],
        "links": [
            {
                "id": "http://erlangen-crm.org/current/E12_Production1---http://erlangen-crm.org/current/P14_carried_out_by---http://erlangen-crm.org/current/E21_Person1",
                "weight": 0.009999999776482582,
                "type": "ObjectPropertyLink",
                "label": {
                    "uri": "http://erlangen-crm.org/current/P14_carried_out_by"
                },
                "objectPropertyType": "None",
                "status": "ForcedByUser",
                "keyInfo": "None",
                "modelIds": null
            },
            {
                "id": "http://erlangen-crm.org/current/E12_Production1---http://erlangen-crm.org/current/P4_has_time-span---http://erlangen-crm.org/current/E52_Time-Span3",
                "weight": 0.009999999776482582,
                "type": "ObjectPropertyLink",
                "label": {
                    "uri": "http://erlangen-crm.org/current/P4_has_time-span"
                },
                "objectPropertyType": "None",
                "status": "ForcedByUser",
                "keyInfo": "None",
                "modelIds": null
            },
            {
                "id": "http://erlangen-crm.org/current/E12_Production1---http://erlangen-crm.org/current/P32_used_general_technique---http://erlangen-crm.org/current/E55_Type2",
                "weight": 0.009999999776482582,
                "type": "ObjectPropertyLink",
                "label": {
                    "uri": "http://erlangen-crm.org/current/P32_used_general_technique"
                },
                "objectPropertyType": "None",
                "status": "ForcedByUser",
                "keyInfo": "None",
                "modelIds": null
            },
            {
                "id": "http://erlangen-crm.org/current/E21_Person1---http://erlangen-crm.org/current/P98i_was_born---http://erlangen-crm.org/current/E67_Birth1",
                "weight": 0.009999999776482582,
                "type": "ObjectPropertyLink",
                "label": {
                    "uri": "http://erlangen-crm.org/current/P98i_was_born"
                },
                "objectPropertyType": "None",
                "status": "ForcedByUser",
                "keyInfo": "None",
                "modelIds": null
            },
            {
                "id": "http://erlangen-crm.org/current/E21_Person1---http://erlangen-crm.org/current/P100i_died_in---http://erlangen-crm.org/current/E69_Death1",
                "weight": 0.009999999776482582,
                "type": "ObjectPropertyLink",
                "label": {
                    "uri": "http://erlangen-crm.org/current/P100i_died_in"
                },
                "objectPropertyType": "None",
                "status": "ForcedByUser",
                "keyInfo": "None",
                "modelIds": null
            },
            {
                "id": "http://erlangen-crm.org/current/E21_Person1---http://erlangen-crm.org/current/P107i_is_current_or_former_member_of---http://erlangen-crm.org/current/E74_Group1",
                "weight": 0.009999999776482582,
                "type": "ObjectPropertyLink",
                "label": {
                    "uri": "http://erlangen-crm.org/current/P107i_is_current_or_former_member_of"
                },
                "objectPropertyType": "None",
                "status": "ForcedByUser",
                "keyInfo": "None",
                "modelIds": null
            },
            {
                "id": "http://erlangen-crm.org/current/E21_Person1---http://erlangen-crm.org/current/P131_is_identified_by---http://erlangen-crm.org/current/E82_Actor_Appellation1",
                "weight": 0.009999999776482582,
                "type": "ObjectPropertyLink",
                "label": {
                    "uri": "http://erlangen-crm.org/current/P131_is_identified_by"
                },
                "objectPropertyType": "None",
                "status": "ForcedByUser",
                "keyInfo": "None",
                "modelIds": null
            },
            {
                "id": "http://erlangen-crm.org/current/E22_Man-Made_Object1---http://erlangen-crm.org/current/P108i_was_produced_by---http://erlangen-crm.org/current/E12_Production1",
                "weight": 0.009999999776482582,
                "type": "ObjectPropertyLink",
                "label": {
                    "uri": "http://erlangen-crm.org/current/P108i_was_produced_by"
                },
                "objectPropertyType": "None",
                "status": "ForcedByUser",
                "keyInfo": "None",
                "modelIds": null
            },
            {
                "id": "http://erlangen-crm.org/current/E22_Man-Made_Object1---http://erlangen-crm.org/current/P104_is_subject_to---http://erlangen-crm.org/current/E30_Right1",
                "weight": 0.009999999776482582,
                "type": "ObjectPropertyLink",
                "label": {
                    "uri": "http://erlangen-crm.org/current/P104_is_subject_to"
                },
                "objectPropertyType": "None",
                "status": "ForcedByUser",
                "keyInfo": "None",
                "modelIds": null
            },
            {
                "id": "http://erlangen-crm.org/current/E22_Man-Made_Object1---http://erlangen-crm.org/current/P102_has_title---http://erlangen-crm.org/current/E35_Title1",
                "weight": 0.009999999776482582,
                "type": "ObjectPropertyLink",
                "label": {
                    "uri": "http://erlangen-crm.org/current/P102_has_title"
                },
                "objectPropertyType": "None",
                "status": "ForcedByUser",
                "keyInfo": "None",
                "modelIds": null
            },
            {
                "id": "http://erlangen-crm.org/current/E22_Man-Made_Object1---http://erlangen-crm.org/current/P51_has_former_or_current_owner---http://erlangen-crm.org/current/E40_Legal_Body1",
                "weight": 0.009999999776482582,
                "type": "ObjectPropertyLink",
                "label": {
                    "uri": "http://erlangen-crm.org/current/P51_has_former_or_current_owner"
                },
                "objectPropertyType": "None",
                "status": "ForcedByUser",
                "keyInfo": "None",
                "modelIds": null
            },
            {
                "id": "http://erlangen-crm.org/current/E22_Man-Made_Object1---http://erlangen-crm.org/current/P43_has_dimension---http://erlangen-crm.org/current/E54_Dimension1",
                "weight": 0.009999999776482582,
                "type": "ObjectPropertyLink",
                "label": {
                    "uri": "http://erlangen-crm.org/current/P43_has_dimension"
                },
                "objectPropertyType": "None",
                "status": "ForcedByUser",
                "keyInfo": "None",
                "modelIds": null
            },
            {
                "id": "http://erlangen-crm.org/current/E22_Man-Made_Object1---http://erlangen-crm.org/current/P2_has_type---http://erlangen-crm.org/current/E55_Type1",
                "weight": 0.009999999776482582,
                "type": "ObjectPropertyLink",
                "label": {
                    "uri": "http://erlangen-crm.org/current/P2_has_type"
                },
                "objectPropertyType": "None",
                "status": "ForcedByUser",
                "keyInfo": "None",
                "modelIds": null
            },
            {
                "id": "http://erlangen-crm.org/current/E67_Birth1---http://erlangen-crm.org/current/P4_has_time-span---http://erlangen-crm.org/current/E52_Time-Span1",
                "weight": 0.009999999776482582,
                "type": "ObjectPropertyLink",
                "label": {
                    "uri": "http://erlangen-crm.org/current/P4_has_time-span"
                },
                "objectPropertyType": "None",
                "status": "ForcedByUser",
                "keyInfo": "None",
                "modelIds": null
            },
            {
                "id": "http://erlangen-crm.org/current/E69_Death1---http://erlangen-crm.org/current/P4_has_time-span---http://erlangen-crm.org/current/E52_Time-Span2",
                "weight": 0.009999999776482582,
                "type": "ObjectPropertyLink",
                "label": {
                    "uri": "http://erlangen-crm.org/current/P4_has_time-span"
                },
                "objectPropertyType": "None",
                "status": "ForcedByUser",
                "keyInfo": "None",
                "modelIds": null
            },
            {
                "id": "http://erlangen-crm.org/current/E21_Person1---http://isi.edu/integration/karma/dev#classLink---HN73425",
                "weight": 0.01,
                "type": "ClassInstanceLink",
                "label": {
                    "uri": "http://isi.edu/integration/karma/dev#classLink"
                },
                "status": "ForcedByUser",
                "keyInfo": "UriOfInstance",
                "modelIds": null
            },
            {
                "id": "http://erlangen-crm.org/current/E74_Group1---http://isi.edu/integration/karma/dev#classLink---HN73477",
                "weight": 0.01,
                "type": "ClassInstanceLink",
                "label": {
                    "uri": "http://isi.edu/integration/karma/dev#classLink"
                },
                "status": "ForcedByUser",
                "keyInfo": "UriOfInstance",
                "modelIds": null
            },
            {
                "id": "http://erlangen-crm.org/current/E52_Time-Span3---http://erlangen-crm.org/current/P82a_begin_of_the_begin---HN71988",
                "weight": 0.01,
                "type": "DataPropertyLink",
                "label": {
                    "uri": "http://erlangen-crm.org/current/P82a_begin_of_the_begin"
                },
                "status": "ForcedByUser",
                "keyInfo": "None",
                "modelIds": null
            },
            {
                "id": "http://erlangen-crm.org/current/E52_Time-Span3---http://erlangen-crm.org/current/P82b_end_of_the_end---HN71989",
                "weight": 0.01,
                "type": "DataPropertyLink",
                "label": {
                    "uri": "http://erlangen-crm.org/current/P82b_end_of_the_end"
                },
                "status": "ForcedByUser",
                "keyInfo": "None",
                "modelIds": null
            },
            {
                "id": "http://erlangen-crm.org/current/E69_Death1---http://isi.edu/integration/karma/dev#classLink---HN73723",
                "weight": 0.01,
                "type": "ClassInstanceLink",
                "label": {
                    "uri": "http://isi.edu/integration/karma/dev#classLink"
                },
                "status": "ForcedByUser",
                "keyInfo": "UriOfInstance",
                "modelIds": null
            },
            {
                "id": "http://erlangen-crm.org/current/E82_Actor_Appellation1---http://www.w3.org/2000/01/rdf-schema#label---HN71983",
                "weight": 0.01,
                "type": "DataPropertyLink",
                "label": {
                    "uri": "http://www.w3.org/2000/01/rdf-schema#label"
                },
                "status": "ForcedByUser",
                "keyInfo": "None",
                "modelIds": null
            },
            {
                "id": "http://erlangen-crm.org/current/E52_Time-Span1---http://erlangen-crm.org/current/P82_at_some_time_within---HN71984",
                "weight": 0.01,
                "type": "DataPropertyLink",
                "label": {
                    "uri": "http://erlangen-crm.org/current/P82_at_some_time_within"
                },
                "status": "ForcedByUser",
                "keyInfo": "None",
                "modelIds": null
            },
            {
                "id": "http://erlangen-crm.org/current/E55_Type2---http://www.w3.org/2000/01/rdf-schema#label---HN71994",
                "weight": 0.01,
                "type": "DataPropertyLink",
                "label": {
                    "uri": "http://www.w3.org/2000/01/rdf-schema#label"
                },
                "status": "ForcedByUser",
                "keyInfo": "None",
                "modelIds": null
            },
            {
                "id": "http://erlangen-crm.org/current/E52_Time-Span2---http://erlangen-crm.org/current/P82_at_some_time_within---HN71985",
                "weight": 0.01,
                "type": "DataPropertyLink",
                "label": {
                    "uri": "http://erlangen-crm.org/current/P82_at_some_time_within"
                },
                "status": "ForcedByUser",
                "keyInfo": "None",
                "modelIds": null
            },
            {
                "id": "http://erlangen-crm.org/current/E74_Group1---http://www.w3.org/2000/01/rdf-schema#label---HN71986",
                "weight": 0.01,
                "type": "DataPropertyLink",
                "label": {
                    "uri": "http://www.w3.org/2000/01/rdf-schema#label"
                },
                "status": "ForcedByUser",
                "keyInfo": "None",
                "modelIds": null
            },
            {
                "id": "http://erlangen-crm.org/current/E30_Right1---http://erlangen-crm.org/current/P3_has_note---HN71992",
                "weight": 0.01,
                "type": "DataPropertyLink",
                "label": {
                    "uri": "http://erlangen-crm.org/current/P3_has_note"
                },
                "status": "ForcedByUser",
                "keyInfo": "None",
                "modelIds": null
            },
            {
                "id": "http://erlangen-crm.org/current/E35_Title1---http://www.w3.org/2000/01/rdf-schema#label---HN71980",
                "weight": 0.01,
                "type": "DataPropertyLink",
                "label": {
                    "uri": "http://www.w3.org/2000/01/rdf-schema#label"
                },
                "status": "ForcedByUser",
                "keyInfo": "None",
                "modelIds": null
            },
            {
                "id": "http://erlangen-crm.org/current/E55_Type1---http://www.w3.org/2000/01/rdf-schema#label---HN71981",
                "weight": 0.01,
                "type": "DataPropertyLink",
                "label": {
                    "uri": "http://www.w3.org/2000/01/rdf-schema#label"
                },
                "status": "ForcedByUser",
                "keyInfo": "None",
                "modelIds": null
            },
            {
                "id": "http://erlangen-crm.org/current/E40_Legal_Body1---http://isi.edu/integration/karma/dev#classLink---HN73580",
                "weight": 0.01,
                "type": "ClassInstanceLink",
                "label": {
                    "uri": "http://isi.edu/integration/karma/dev#classLink"
                },
                "status": "ForcedByUser",
                "keyInfo": "UriOfInstance",
                "modelIds": null
            },
            {
                "id": "http://erlangen-crm.org/current/E54_Dimension1---http://erlangen-crm.org/current/P3_has_note---HN72006",
                "weight": 0.01,
                "type": "DataPropertyLink",
                "label": {
                    "uri": "http://erlangen-crm.org/current/P3_has_note"
                },
                "status": "ForcedByUser",
                "keyInfo": "None",
                "modelIds": null
            },
            {
                "id": "http://erlangen-crm.org/current/E67_Birth1---http://isi.edu/integration/karma/dev#classLink---HN73676",
                "weight": 0.01,
                "type": "ClassInstanceLink",
                "label": {
                    "uri": "http://isi.edu/integration/karma/dev#classLink"
                },
                "status": "ForcedByUser",
                "keyInfo": "UriOfInstance",
                "modelIds": null
            },
            {
                "id": "http://erlangen-crm.org/current/E55_Type1---http://isi.edu/integration/karma/dev#classLink---HN73377",
                "weight": 0.01,
                "type": "ClassInstanceLink",
                "label": {
                    "uri": "http://isi.edu/integration/karma/dev#classLink"
                },
                "status": "ForcedByUser",
                "keyInfo": "UriOfInstance",
                "modelIds": null
            },
            {
                "id": "http://erlangen-crm.org/current/E40_Legal_Body1---http://www.w3.org/2000/01/rdf-schema#label---HN72001",
                "weight": 0.01,
                "type": "DataPropertyLink",
                "label": {
                    "uri": "http://www.w3.org/2000/01/rdf-schema#label"
                },
                "status": "ForcedByUser",
                "keyInfo": "None",
                "modelIds": null
            },
            {
                "id": "http://erlangen-crm.org/current/E82_Actor_Appellation1---http://isi.edu/integration/karma/dev#classLink---HN73628",
                "weight": 0.01,
                "type": "ClassInstanceLink",
                "label": {
                    "uri": "http://isi.edu/integration/karma/dev#classLink"
                },
                "status": "ForcedByUser",
                "keyInfo": "UriOfInstance",
                "modelIds": null
            },
            {
                "id": "http://erlangen-crm.org/current/E22_Man-Made_Object1---http://isi.edu/integration/karma/dev#classLink---HN73329",
                "weight": 0.01,
                "type": "ClassInstanceLink",
                "label": {
                    "uri": "http://isi.edu/integration/karma/dev#classLink"
                },
                "status": "ForcedByUser",
                "keyInfo": "UriOfInstance",
                "modelIds": null
            },
            {
                "id": "http://erlangen-crm.org/current/E55_Type2---http://isi.edu/integration/karma/dev#classLink---HN73525",
                "weight": 0.01,
                "type": "ClassInstanceLink",
                "label": {
                    "uri": "http://isi.edu/integration/karma/dev#classLink"
                },
                "status": "ForcedByUser",
                "keyInfo": "UriOfInstance",
                "modelIds": null
            }
        ]
    }
}