{
    "id": "s06-npg.json",
    "name": "s06-npg.json",
    "description": null,
    "sourceColumns": [
        {
            "id": "HN17785",
            "hNodeId": "HN17785",
            "columnName": "Description"
        },
        {
            "id": "HN17767",
            "hNodeId": "HN17767",
            "columnName": "Artist"
        },
        {
            "id": "HN17787",
            "hNodeId": "HN17787",
            "columnName": "DateOfWork"
        },
        {
            "id": "HN17789",
            "hNodeId": "HN17789",
            "columnName": "CreditLine"
        },
        {
            "id": "HN17777",
            "hNodeId": "HN17777",
            "columnName": "Dimension"
        },
        {
            "id": "HN17765",
            "hNodeId": "HN17765",
            "columnName": "Title"
        },
        {
            "id": "HN17775",
            "hNodeId": "HN17775",
            "columnName": "Medium"
        },
        {
            "id": "HN17773",
            "hNodeId": "HN17773",
            "columnName": "Classification"
        },
        {
            "id": "HN17781",
            "hNodeId": "HN17781",
            "columnName": "AquisitionDate"
        },
        {
            "id": "HN25797",
            "hNodeId": "HN25797",
            "columnName": "OwnerURI"
        },
        {
            "id": "HN17783",
            "hNodeId": "HN17783",
            "columnName": "Image"
        },
        {
            "id": "HN25617",
            "hNodeId": "HN25617",
            "columnName": "MediumURI"
        },
        {
            "id": "HN26512",
            "hNodeId": "HN26512",
            "columnName": "ArtistAppellation_URI"
        },
        {
            "id": "HN26696",
            "hNodeId": "HN26696",
            "columnName": "Birth_URI"
        },
        {
            "id": "HN26154",
            "hNodeId": "HN26154",
            "columnName": "ArtistBornDate"
        },
        {
            "id": "HN25442",
            "hNodeId": "HN25442",
            "columnName": "ClassificationURI"
        },
        {
            "id": "HN26877",
            "hNodeId": "HN26877",
            "columnName": "Death_URI"
        },
        {
            "id": "HN25260",
            "hNodeId": "HN25260",
            "columnName": "Artist_URI"
        },
        {
            "id": "HN25979",
            "hNodeId": "HN25979",
            "columnName": "ObjectURI"
        },
        {
            "id": "HN26328",
            "hNodeId": "HN26328",
            "columnName": "ArtistDiedDate"
        }
    ],
    "mappingToSourceColumns": [
        {
            "id": "HN17785",
            "sourceColumnId": "HN17785"
        },
        {
            "id": "HN17767",
            "sourceColumnId": "HN17767"
        },
        {
            "id": "HN17787",
            "sourceColumnId": "HN17787"
        },
        {
            "id": "HN17789",
            "sourceColumnId": "HN17789"
        },
        {
            "id": "HN17777",
            "sourceColumnId": "HN17777"
        },
        {
            "id": "HN17765",
            "sourceColumnId": "HN17765"
        },
        {
            "id": "HN17775",
            "sourceColumnId": "HN17775"
        },
        {
            "id": "HN17773",
            "sourceColumnId": "HN17773"
        },
        {
            "id": "HN17781",
            "sourceColumnId": "HN17781"
        },
        {
            "id": "HN25797",
            "sourceColumnId": "HN25797"
        },
        {
            "id": "HN17783",
            "sourceColumnId": "HN17783"
        },
        {
            "id": "HN25617",
            "sourceColumnId": "HN25617"
        },
        {
            "id": "HN26696",
            "sourceColumnId": "HN26696"
        },
        {
            "id": "HN26512",
            "sourceColumnId": "HN26512"
        },
        {
            "id": "HN26154",
            "sourceColumnId": "HN26154"
        },
        {
            "id": "HN25442",
            "sourceColumnId": "HN25442"
        },
        {
            "id": "HN25979",
            "sourceColumnId": "HN25979"
        },
        {
            "id": "HN25260",
            "sourceColumnId": "HN25260"
        },
        {
            "id": "HN26877",
            "sourceColumnId": "HN26877"
        },
        {
            "id": "HN26328",
            "sourceColumnId": "HN26328"
        }
    ],
    "graph": {
        "nodes": [
            {
                "id": "http://erlangen-crm.org/current/E12_Production1",
                "label": {
                    "uri": "http://erlangen-crm.org/current/E12_Production"
                },
                "type": "InternalNode",
                "modelIds": null
            },
            {
                "id": "http://erlangen-crm.org/current/E21_Person1",
                "label": {
                    "uri": "http://erlangen-crm.org/current/E21_Person"
                },
                "type": "InternalNode",
                "modelIds": null
            },
            {
                "id": "http://erlangen-crm.org/current/E52_Time-Span4",
                "label": {
                    "uri": "http://erlangen-crm.org/current/E52_Time-Span"
                },
                "type": "InternalNode",
                "modelIds": null
            },
            {
                "id": "http://erlangen-crm.org/current/E55_Type2",
                "label": {
                    "uri": "http://erlangen-crm.org/current/E55_Type"
                },
                "type": "InternalNode",
                "modelIds": null
            },
            {
                "id": "http://erlangen-crm.org/current/E67_Birth1",
                "label": {
                    "uri": "http://erlangen-crm.org/current/E67_Birth"
                },
                "type": "InternalNode",
                "modelIds": null
            },
            {
                "id": "http://erlangen-crm.org/current/E69_Death1",
                "label": {
                    "uri": "http://erlangen-crm.org/current/E69_Death"
                },
                "type": "InternalNode",
                "modelIds": null
            },
            {
                "id": "http://erlangen-crm.org/current/E82_Actor_Appellation1",
                "label": {
                    "uri": "http://erlangen-crm.org/current/E82_Actor_Appellation"
                },
                "type": "InternalNode",
                "modelIds": null
            },
            {
                "id": "http://erlangen-crm.org/current/E21_Person2",
                "label": {
                    "uri": "http://erlangen-crm.org/current/E21_Person"
                },
                "type": "InternalNode",
                "modelIds": null
            },
            {
                "id": "http://erlangen-crm.org/current/E82_Actor_Appellation2",
                "label": {
                    "uri": "http://erlangen-crm.org/current/E82_Actor_Appellation"
                },
                "type": "InternalNode",
                "modelIds": null
            },
            {
                "id": "http://erlangen-crm.org/current/E22_Man-Made_Object1",
                "label": {
                    "uri": "http://erlangen-crm.org/current/E22_Man-Made_Object"
                },
                "type": "InternalNode",
                "modelIds": null
            },
            {
                "id": "http://erlangen-crm.org/current/E40_Legal_Body1",
                "label": {
                    "uri": "http://erlangen-crm.org/current/E40_Legal_Body"
                },
                "type": "InternalNode",
                "modelIds": null
            },
            {
                "id": "http://erlangen-crm.org/current/E54_Dimension1",
                "label": {
                    "uri": "http://erlangen-crm.org/current/E54_Dimension"
                },
                "type": "InternalNode",
                "modelIds": null
            },
            {
                "id": "http://erlangen-crm.org/current/E55_Type1",
                "label": {
                    "uri": "http://erlangen-crm.org/current/E55_Type"
                },
                "type": "InternalNode",
                "modelIds": null
            },
            {
                "id": "http://erlangen-crm.org/current/E8_Acquisition1",
                "label": {
                    "uri": "http://erlangen-crm.org/current/E8_Acquisition"
                },
                "type": "InternalNode",
                "modelIds": null
            },
            {
                "id": "http://erlangen-crm.org/current/E38_Image1",
                "label": {
                    "uri": "http://erlangen-crm.org/current/E38_Image"
                },
                "type": "InternalNode",
                "modelIds": null
            },
            {
                "id": "http://erlangen-crm.org/current/E52_Time-Span2",
                "label": {
                    "uri": "http://erlangen-crm.org/current/E52_Time-Span"
                },
                "type": "InternalNode",
                "modelIds": null
            },
            {
                "id": "http://erlangen-crm.org/current/E52_Time-Span3",
                "label": {
                    "uri": "http://erlangen-crm.org/current/E52_Time-Span"
                },
                "type": "InternalNode",
                "modelIds": null
            },
            {
                "id": "http://erlangen-crm.org/current/E52_Time-Span1",
                "label": {
                    "uri": "http://erlangen-crm.org/current/E52_Time-Span"
                },
                "type": "InternalNode",
                "modelIds": null
            },
            {
                "id": "HN17785",
                "label": {
                    "uri": "HN17785"
                },
                "type": "ColumnNode",
                "hNodeId": "HN17785",
                "columnName": "Description",
                "rdfLiteralType": null,
                "userSemanticTypes": [
                    {
                        "hNodeId": "HN17785",
                        "domain": {
                            "uri": "http://erlangen-crm.org/current/E22_Man-Made_Object"
                        },
                        "type": {
                            "uri": "http://erlangen-crm.org/current/P3_has_note"
                        },
                        "origin": "User",
                        "confidenceScore": 1.0
                    }
                ],
                "learnedSemanticTypes": [
                    {
                        "hNodeId": "HN17785",
                        "domain": {
                            "uri": "http://erlangen-crm.org/current/E21_Person"
                        },
                        "type": {
                            "uri": "http://erlangen-crm.org/current/P3_has_note"
                        },
                        "origin": "TfIdfModel",
                        "confidenceScore": 0.32896252240518487
                    },
                    {
                        "hNodeId": "HN17785",
                        "domain": {
                            "uri": "http://erlangen-crm.org/current/E73_Information_Object"
                        },
                        "type": {
                            "uri": "http://erlangen-crm.org/current/P3_has_note"
                        },
                        "origin": "TfIdfModel",
                        "confidenceScore": 0.2314561491094693
                    },
                    {
                        "hNodeId": "HN17785",
                        "domain": {
                            "uri": "http://erlangen-crm.org/current/E22_Man-Made_Object"
                        },
                        "type": {
                            "uri": "http://erlangen-crm.org/current/P3_has_note"
                        },
                        "origin": "TfIdfModel",
                        "confidenceScore": 0.2201845942019801
                    },
                    {
                        "hNodeId": "HN17785",
                        "domain": {
                            "uri": "http://erlangen-crm.org/current/E33_Linguistic_Object"
                        },
                        "type": {
                            "uri": "http://erlangen-crm.org/current/P3_has_note"
                        },
                        "origin": "TfIdfModel",
                        "confidenceScore": 0.21939673428336573
                    }
                ],
                "modelIds": null
            },
            {
                "id": "HN17767",
                "label": {
                    "uri": "HN17767"
                },
                "type": "ColumnNode",
                "hNodeId": "HN17767",
                "columnName": "Artist",
                "rdfLiteralType": null,
                "userSemanticTypes": [
                    {
                        "hNodeId": "HN17767",
                        "domain": {
                            "uri": "http://erlangen-crm.org/current/E82_Actor_Appellation"
                        },
                        "type": {
                            "uri": "http://www.w3.org/2000/01/rdf-schema#label"
                        },
                        "origin": "User",
                        "confidenceScore": 1.0
                    }
                ],
                "learnedSemanticTypes": [
                    {
                        "hNodeId": "HN17767",
                        "domain": {
                            "uri": "http://erlangen-crm.org/current/E82_Actor_Appellation"
                        },
                        "type": {
                            "uri": "http://www.w3.org/2000/01/rdf-schema#label"
                        },
                        "origin": "TfIdfModel",
                        "confidenceScore": 0.6742373932593154
                    },
                    {
                        "hNodeId": "HN17767",
                        "domain": {
                            "uri": "http://erlangen-crm.org/current/E8_Acquisition"
                        },
                        "type": {
                            "uri": "http://erlangen-crm.org/current/P3_has_note"
                        },
                        "origin": "TfIdfModel",
                        "confidenceScore": 0.11612681331431933
                    },
                    {
                        "hNodeId": "HN17767",
                        "domain": {
                            "uri": "http://erlangen-crm.org/current/E73_Information_Object"
                        },
                        "type": {
                            "uri": "http://erlangen-crm.org/current/P3_has_note"
                        },
                        "origin": "TfIdfModel",
                        "confidenceScore": 0.10562753436019554
                    },
                    {
                        "hNodeId": "HN17767",
                        "domain": {
                            "uri": "http://erlangen-crm.org/current/E22_Man-Made_Object"
                        },
                        "type": {
                            "uri": "http://erlangen-crm.org/current/P3_has_note"
                        },
                        "origin": "TfIdfModel",
                        "confidenceScore": 0.10400825906616967
                    }
                ],
                "modelIds": null
            },
            {
                "id": "HN17787",
                "label": {
                    "uri": "HN17787"
                },
                "type": "ColumnNode",
                "hNodeId": "HN17787",
                "columnName": "DateOfWork",
                "rdfLiteralType": null,
                "userSemanticTypes": [
                    {
                        "hNodeId": "HN17787",
                        "domain": {
                            "uri": "http://erlangen-crm.org/current/E52_Time-Span"
                        },
                        "type": {
                            "uri": "http://erlangen-crm.org/current/P82_at_some_time_within"
                        },
                        "origin": "User",
                        "confidenceScore": 1.0
                    }
                ],
                "learnedSemanticTypes": [
                    {
                        "hNodeId": "HN17787",
                        "domain": {
                            "uri": "http://erlangen-crm.org/current/E52_Time-Span"
                        },
                        "type": {
                            "uri": "http://erlangen-crm.org/current/P82_at_some_time_within"
                        },
                        "origin": "TfIdfModel",
                        "confidenceScore": 0.4244658798211165
                    },
                    {
                        "hNodeId": "HN17787",
                        "domain": {
                            "uri": "http://erlangen-crm.org/current/E52_Time-Span"
                        },
                        "type": {
                            "uri": "http://erlangen-crm.org/current/P82a_begin_of_the_begin"
                        },
                        "origin": "TfIdfModel",
                        "confidenceScore": 0.30391502872427645
                    },
                    {
                        "hNodeId": "HN17787",
                        "domain": {
                            "uri": "http://erlangen-crm.org/current/E52_Time-Span"
                        },
                        "type": {
                            "uri": "http://erlangen-crm.org/current/P82b_end_of_the_end"
                        },
                        "origin": "TfIdfModel",
                        "confidenceScore": 0.20917128177764724
                    },
                    {
                        "hNodeId": "HN17787",
                        "domain": {
                            "uri": "http://erlangen-crm.org/current/E33_Linguistic_Object"
                        },
                        "type": {
                            "uri": "http://erlangen-crm.org/current/P3_has_note"
                        },
                        "origin": "TfIdfModel",
                        "confidenceScore": 0.06244780967695981
                    }
                ],
                "modelIds": null
            },
            {
                "id": "HN17789",
                "label": {
                    "uri": "HN17789"
                },
                "type": "ColumnNode",
                "hNodeId": "HN17789",
                "columnName": "CreditLine",
                "rdfLiteralType": null,
                "userSemanticTypes": [
                    {
                        "hNodeId": "HN17789",
                        "domain": {
                            "uri": "http://erlangen-crm.org/current/E8_Acquisition"
                        },
                        "type": {
                            "uri": "http://erlangen-crm.org/current/P3_has_note"
                        },
                        "origin": "User",
                        "confidenceScore": 1.0
                    }
                ],
                "learnedSemanticTypes": [
                    {
                        "hNodeId": "HN17789",
                        "domain": {
                            "uri": "http://erlangen-crm.org/current/E8_Acquisition"
                        },
                        "type": {
                            "uri": "http://erlangen-crm.org/current/P3_has_note"
                        },
                        "origin": "TfIdfModel",
                        "confidenceScore": 0.4945770970120095
                    },
                    {
                        "hNodeId": "HN17789",
                        "domain": {
                            "uri": "http://erlangen-crm.org/current/E40_Legal_Body"
                        },
                        "type": {
                            "uri": "http://www.w3.org/2000/01/rdf-schema#label"
                        },
                        "origin": "TfIdfModel",
                        "confidenceScore": 0.25079362234313085
                    },
                    {
                        "hNodeId": "HN17789",
                        "domain": {
                            "uri": "http://erlangen-crm.org/current/E30_Right"
                        },
                        "type": {
                            "uri": "http://erlangen-crm.org/current/P3_has_note"
                        },
                        "origin": "TfIdfModel",
                        "confidenceScore": 0.13844893424690094
                    },
                    {
                        "hNodeId": "HN17789",
                        "domain": {
                            "uri": "http://erlangen-crm.org/current/E22_Man-Made_Object"
                        },
                        "type": {
                            "uri": "http://erlangen-crm.org/current/P3_has_note"
                        },
                        "origin": "TfIdfModel",
                        "confidenceScore": 0.11618034639795867
                    }
                ],
                "modelIds": null
            },
            {
                "id": "HN17777",
                "label": {
                    "uri": "HN17777"
                },
                "type": "ColumnNode",
                "hNodeId": "HN17777",
                "columnName": "Dimension",
                "rdfLiteralType": null,
                "userSemanticTypes": [
                    {
                        "hNodeId": "HN17777",
                        "domain": {
                            "uri": "http://erlangen-crm.org/current/E54_Dimension"
                        },
                        "type": {
                            "uri": "http://erlangen-crm.org/current/P3_has_note"
                        },
                        "origin": "User",
                        "confidenceScore": 1.0
                    }
                ],
                "learnedSemanticTypes": [
                    {
                        "hNodeId": "HN17777",
                        "domain": {
                            "uri": "http://erlangen-crm.org/current/E54_Dimension"
                        },
                        "type": {
                            "uri": "http://erlangen-crm.org/current/P3_has_note"
                        },
                        "origin": "TfIdfModel",
                        "confidenceScore": 0.8002797952388232
                    },
                    {
                        "hNodeId": "HN17777",
                        "domain": {
                            "uri": "http://erlangen-crm.org/current/E22_Man-Made_Object"
                        },
                        "type": {
                            "uri": "http://erlangen-crm.org/current/P3_has_note"
                        },
                        "origin": "TfIdfModel",
                        "confidenceScore": 0.07074645304057028
                    },
                    {
                        "hNodeId": "HN17777",
                        "domain": {
                            "uri": "http://erlangen-crm.org/current/E34_Inscription"
                        },
                        "type": {
                            "uri": "http://erlangen-crm.org/current/P3_has_note"
                        },
                        "origin": "TfIdfModel",
                        "confidenceScore": 0.06799584620683705
                    },
                    {
                        "hNodeId": "HN17777",
                        "domain": {
                            "uri": "http://erlangen-crm.org/current/E73_Information_Object"
                        },
                        "type": {
                            "uri": "http://erlangen-crm.org/current/P3_has_note"
                        },
                        "origin": "TfIdfModel",
                        "confidenceScore": 0.06097790551376947
                    }
                ],
                "modelIds": null
            },
            {
                "id": "HN17765",
                "label": {
                    "uri": "HN17765"
                },
                "type": "ColumnNode",
                "hNodeId": "HN17765",
                "columnName": "Title",
                "rdfLiteralType": null,
                "userSemanticTypes": [
                    {
                        "hNodeId": "HN17765",
                        "domain": {
                            "uri": "http://erlangen-crm.org/current/E82_Actor_Appellation"
                        },
                        "type": {
                            "uri": "http://www.w3.org/2000/01/rdf-schema#label"
                        },
                        "origin": "User",
                        "confidenceScore": 1.0
                    }
                ],
                "learnedSemanticTypes": [
                    {
                        "hNodeId": "HN17765",
                        "domain": {
                            "uri": "http://erlangen-crm.org/current/E82_Actor_Appellation"
                        },
                        "type": {
                            "uri": "http://www.w3.org/2000/01/rdf-schema#label"
                        },
                        "origin": "TfIdfModel",
                        "confidenceScore": 0.4418560765817468
                    },
                    {
                        "hNodeId": "HN17765",
                        "domain": {
                            "uri": "http://erlangen-crm.org/current/E35_Title"
                        },
                        "type": {
                            "uri": "http://www.w3.org/2000/01/rdf-schema#label"
                        },
                        "origin": "TfIdfModel",
                        "confidenceScore": 0.27964433985534615
                    },
                    {
                        "hNodeId": "HN17765",
                        "domain": {
                            "uri": "http://erlangen-crm.org/current/E21_Person"
                        },
                        "type": {
                            "uri": "http://erlangen-crm.org/current/P3_has_note"
                        },
                        "origin": "TfIdfModel",
                        "confidenceScore": 0.1483540467942384
                    },
                    {
                        "hNodeId": "HN17765",
                        "domain": {
                            "uri": "http://erlangen-crm.org/current/E22_Man-Made_Object"
                        },
                        "type": {
                            "uri": "http://erlangen-crm.org/current/P3_has_note"
                        },
                        "origin": "TfIdfModel",
                        "confidenceScore": 0.13014553676866872
                    }
                ],
                "modelIds": null
            },
            {
                "id": "HN17775",
                "label": {
                    "uri": "HN17775"
                },
                "type": "ColumnNode",
                "hNodeId": "HN17775",
                "columnName": "Medium",
                "rdfLiteralType": null,
                "userSemanticTypes": [
                    {
                        "hNodeId": "HN17775",
                        "domain": {
                            "uri": "http://erlangen-crm.org/current/E55_Type"
                        },
                        "type": {
                            "uri": "http://www.w3.org/2000/01/rdf-schema#label"
                        },
                        "origin": "User",
                        "confidenceScore": 1.0
                    }
                ],
                "learnedSemanticTypes": [
                    {
                        "hNodeId": "HN17775",
                        "domain": {
                            "uri": "http://erlangen-crm.org/current/E29_Design_or_Procedure"
                        },
                        "type": {
                            "uri": "http://erlangen-crm.org/current/P3_has_note"
                        },
                        "origin": "TfIdfModel",
                        "confidenceScore": 0.3311543461094085
                    },
                    {
                        "hNodeId": "HN17775",
                        "domain": {
                            "uri": "http://erlangen-crm.org/current/E57_Material"
                        },
                        "type": {
                            "uri": "http://www.w3.org/2000/01/rdf-schema#label"
                        },
                        "origin": "TfIdfModel",
                        "confidenceScore": 0.2931653740703122
                    },
                    {
                        "hNodeId": "HN17775",
                        "domain": {
                            "uri": "http://erlangen-crm.org/current/E55_Type"
                        },
                        "type": {
                            "uri": "http://www.w3.org/2000/01/rdf-schema#label"
                        },
                        "origin": "TfIdfModel",
                        "confidenceScore": 0.27817220717583047
                    },
                    {
                        "hNodeId": "HN17775",
                        "domain": {
                            "uri": "http://erlangen-crm.org/current/E57_Material"
                        },
                        "type": {
                            "uri": "http://isi.edu/integration/karma/dev#classLink"
                        },
                        "origin": "TfIdfModel",
                        "confidenceScore": 0.09750807264444884
                    }
                ],
                "modelIds": null
            },
            {
                "id": "HN17773",
                "label": {
                    "uri": "HN17773"
                },
                "type": "ColumnNode",
                "hNodeId": "HN17773",
                "columnName": "Classification",
                "rdfLiteralType": null,
                "userSemanticTypes": [
                    {
                        "hNodeId": "HN17773",
                        "domain": {
                            "uri": "http://erlangen-crm.org/current/E55_Type"
                        },
                        "type": {
                            "uri": "http://www.w3.org/2000/01/rdf-schema#label"
                        },
                        "origin": "User",
                        "confidenceScore": 1.0
                    }
                ],
                "learnedSemanticTypes": [
                    {
                        "hNodeId": "HN17773",
                        "domain": {
                            "uri": "http://erlangen-crm.org/current/E55_Type"
                        },
                        "type": {
                            "uri": "http://www.w3.org/2000/01/rdf-schema#label"
                        },
                        "origin": "TfIdfModel",
                        "confidenceScore": 0.45428686469588764
                    },
                    {
                        "hNodeId": "HN17773",
                        "domain": {
                            "uri": "http://erlangen-crm.org/current/E55_Type"
                        },
                        "type": {
                            "uri": "http://isi.edu/integration/karma/dev#classLink"
                        },
                        "origin": "TfIdfModel",
                        "confidenceScore": 0.3213552872599547
                    },
                    {
                        "hNodeId": "HN17773",
                        "domain": {
                            "uri": "http://erlangen-crm.org/current/E33_Linguistic_Object"
                        },
                        "type": {
                            "uri": "http://erlangen-crm.org/current/P3_has_note"
                        },
                        "origin": "TfIdfModel",
                        "confidenceScore": 0.11308074141564663
                    },
                    {
                        "hNodeId": "HN17773",
                        "domain": {
                            "uri": "http://erlangen-crm.org/current/E73_Information_Object"
                        },
                        "type": {
                            "uri": "http://erlangen-crm.org/current/P3_has_note"
                        },
                        "origin": "TfIdfModel",
                        "confidenceScore": 0.11127710662851108
                    }
                ],
                "modelIds": null
            },
            {
                "id": "HN17781",
                "label": {
                    "uri": "HN17781"
                },
                "type": "ColumnNode",
                "hNodeId": "HN17781",
                "columnName": "AquisitionDate",
                "rdfLiteralType": null,
                "userSemanticTypes": [
                    {
                        "hNodeId": "HN17781",
                        "domain": {
                            "uri": "http://erlangen-crm.org/current/E52_Time-Span"
                        },
                        "type": {
                            "uri": "http://erlangen-crm.org/current/P82_at_some_time_within"
                        },
                        "origin": "User",
                        "confidenceScore": 1.0
                    }
                ],
                "learnedSemanticTypes": [
                    {
                        "hNodeId": "HN17781",
                        "domain": {
                            "uri": "http://erlangen-crm.org/current/E52_Time-Span"
                        },
                        "type": {
                            "uri": "http://erlangen-crm.org/current/P82b_end_of_the_end"
                        },
                        "origin": "TfIdfModel",
                        "confidenceScore": 0.362335178148721
                    },
                    {
                        "hNodeId": "HN17781",
                        "domain": {
                            "uri": "http://erlangen-crm.org/current/E52_Time-Span"
                        },
                        "type": {
                            "uri": "http://erlangen-crm.org/current/P82_at_some_time_within"
                        },
                        "origin": "TfIdfModel",
                        "confidenceScore": 0.3246330282168788
                    },
                    {
                        "hNodeId": "HN17781",
                        "domain": {
                            "uri": "http://erlangen-crm.org/current/E69_Death"
                        },
                        "type": {
                            "uri": "http://erlangen-crm.org/current/P82_at_some_time_within"
                        },
                        "origin": "TfIdfModel",
                        "confidenceScore": 0.16597166946437047
                    },
                    {
                        "hNodeId": "HN17781",
                        "domain": {
                            "uri": "http://erlangen-crm.org/current/E12_Production"
                        },
                        "type": {
                            "uri": "http://erlangen-crm.org/current/P3_has_note"
                        },
                        "origin": "TfIdfModel",
                        "confidenceScore": 0.1470601241700297
                    }
                ],
                "modelIds": null
            },
            {
                "id": "HN25797",
                "label": {
                    "uri": "HN25797"
                },
                "type": "ColumnNode",
                "hNodeId": "HN25797",
                "columnName": "OwnerURI",
                "rdfLiteralType": null,
                "userSemanticTypes": [
                    {
                        "hNodeId": "HN25797",
                        "domain": {
                            "uri": "http://erlangen-crm.org/current/E40_Legal_Body"
                        },
                        "type": {
                            "uri": "http://isi.edu/integration/karma/dev#classLink"
                        },
                        "origin": "User",
                        "confidenceScore": 1.0
                    }
                ],
                "learnedSemanticTypes": [
                    {
                        "hNodeId": "HN25797",
                        "domain": {
                            "uri": "http://erlangen-crm.org/current/E82_Actor_Appellation"
                        },
                        "type": {
                            "uri": "http://www.w3.org/2000/01/rdf-schema#label"
                        },
                        "origin": "TfIdfModel",
                        "confidenceScore": 0.31350038101044964
                    },
                    {
                        "hNodeId": "HN25797",
                        "domain": {
                            "uri": "http://erlangen-crm.org/current/E22_Man-Made_Object"
                        },
                        "type": {
                            "uri": "http://isi.edu/integration/karma/dev#classLink"
                        },
                        "origin": "TfIdfModel",
                        "confidenceScore": 0.2624716103458248
                    },
                    {
                        "hNodeId": "HN25797",
                        "domain": {
                            "uri": "http://erlangen-crm.org/current/E8_Acquisition"
                        },
                        "type": {
                            "uri": "http://erlangen-crm.org/current/P3_has_note"
                        },
                        "origin": "TfIdfModel",
                        "confidenceScore": 0.23855868200948857
                    },
                    {
                        "hNodeId": "HN25797",
                        "domain": {
                            "uri": "http://erlangen-crm.org/current/E38_Image"
                        },
                        "type": {
                            "uri": "http://isi.edu/integration/karma/dev#classLink"
                        },
                        "origin": "TfIdfModel",
                        "confidenceScore": 0.18546932663423701
                    }
                ],
                "modelIds": null
            },
            {
                "id": "HN17783",
                "label": {
                    "uri": "HN17783"
                },
                "type": "ColumnNode",
                "hNodeId": "HN17783",
                "columnName": "Image",
                "rdfLiteralType": null,
                "userSemanticTypes": [
                    {
                        "hNodeId": "HN17783",
                        "domain": {
                            "uri": "http://erlangen-crm.org/current/E38_Image"
                        },
                        "type": {
                            "uri": "http://isi.edu/integration/karma/dev#classLink"
                        },
                        "origin": "User",
                        "confidenceScore": 1.0
                    }
                ],
                "learnedSemanticTypes": [
                    {
                        "hNodeId": "HN17783",
                        "domain": {
                            "uri": "http://erlangen-crm.org/current/E38_Image"
                        },
                        "type": {
                            "uri": "http://isi.edu/integration/karma/dev#classLink"
                        },
                        "origin": "TfIdfModel",
                        "confidenceScore": 0.750289670296968
                    },
                    {
                        "hNodeId": "HN17783",
                        "domain": {
                            "uri": "http://erlangen-crm.org/current/E53_Place"
                        },
                        "type": {
                            "uri": "http://isi.edu/integration/karma/dev#classLink"
                        },
                        "origin": "TfIdfModel",
                        "confidenceScore": 0.10137333746341984
                    },
                    {
                        "hNodeId": "HN17783",
                        "domain": {
                            "uri": "http://erlangen-crm.org/current/E8_Acquisition"
                        },
                        "type": {
                            "uri": "http://isi.edu/integration/karma/dev#classLink"
                        },
                        "origin": "TfIdfModel",
                        "confidenceScore": 0.08447778733794567
                    },
                    {
                        "hNodeId": "HN17783",
                        "domain": {
                            "uri": "http://erlangen-crm.org/current/E78_Collection"
                        },
                        "type": {
                            "uri": "http://isi.edu/integration/karma/dev#classLink"
                        },
                        "origin": "TfIdfModel",
                        "confidenceScore": 0.06385920490166642
                    }
                ],
                "modelIds": null
            },
            {
                "id": "HN25617",
                "label": {
                    "uri": "HN25617"
                },
                "type": "ColumnNode",
                "hNodeId": "HN25617",
                "columnName": "MediumURI",
                "rdfLiteralType": null,
                "userSemanticTypes": [
                    {
                        "hNodeId": "HN25617",
                        "domain": {
                            "uri": "http://erlangen-crm.org/current/E55_Type"
                        },
                        "type": {
                            "uri": "http://isi.edu/integration/karma/dev#classLink"
                        },
                        "origin": "User",
                        "confidenceScore": 1.0
                    }
                ],
                "learnedSemanticTypes": [
                    {
                        "hNodeId": "HN25617",
                        "domain": {
                            "uri": "http://erlangen-crm.org/current/E55_Type"
                        },
                        "type": {
                            "uri": "http://isi.edu/integration/karma/dev#classLink"
                        },
                        "origin": "TfIdfModel",
                        "confidenceScore": 0.4161684743096191
                    },
                    {
                        "hNodeId": "HN25617",
                        "domain": {
                            "uri": "http://erlangen-crm.org/current/E57_Material"
                        },
                        "type": {
                            "uri": "http://isi.edu/integration/karma/dev#classLink"
                        },
                        "origin": "TfIdfModel",
                        "confidenceScore": 0.4139282778481184
                    },
                    {
                        "hNodeId": "HN25617",
                        "domain": {
                            "uri": "http://erlangen-crm.org/current/E74_Group"
                        },
                        "type": {
                            "uri": "http://isi.edu/integration/karma/dev#classLink"
                        },
                        "origin": "TfIdfModel",
                        "confidenceScore": 0.1443047939060109
                    },
                    {
                        "hNodeId": "HN25617",
                        "domain": {
                            "uri": "http://erlangen-crm.org/current/E55_Type"
                        },
                        "type": {
                            "uri": "http://www.w3.org/2000/01/rdf-schema#label"
                        },
                        "origin": "TfIdfModel",
                        "confidenceScore": 0.025598453936251583
                    }
                ],
                "modelIds": null
            },
            {
                "id": "HN26512",
                "label": {
                    "uri": "HN26512"
                },
                "type": "ColumnNode",
                "hNodeId": "HN26512",
                "columnName": "ArtistAppellation_URI",
                "rdfLiteralType": null,
                "userSemanticTypes": [
                    {
                        "hNodeId": "HN26512",
                        "domain": {
                            "uri": "http://erlangen-crm.org/current/E82_Actor_Appellation"
                        },
                        "type": {
                            "uri": "http://isi.edu/integration/karma/dev#classLink"
                        },
                        "origin": "User",
                        "confidenceScore": 1.0
                    }
                ],
                "learnedSemanticTypes": [
                    {
                        "hNodeId": "HN26512",
                        "domain": {
                            "uri": "http://erlangen-crm.org/current/E82_Actor_Appellation"
                        },
                        "type": {
                            "uri": "http://isi.edu/integration/karma/dev#classLink"
                        },
                        "origin": "TfIdfModel",
                        "confidenceScore": 0.7227932486541
                    },
                    {
                        "hNodeId": "HN26512",
                        "domain": {
                            "uri": "http://erlangen-crm.org/current/E21_Person"
                        },
                        "type": {
                            "uri": "http://isi.edu/integration/karma/dev#classLink"
                        },
                        "origin": "TfIdfModel",
                        "confidenceScore": 0.20919562659719276
                    },
                    {
                        "hNodeId": "HN26512",
                        "domain": {
                            "uri": "http://erlangen-crm.org/current/E67_Birth"
                        },
                        "type": {
                            "uri": "http://isi.edu/integration/karma/dev#classLink"
                        },
                        "origin": "TfIdfModel",
                        "confidenceScore": 0.034030548255940145
                    },
                    {
                        "hNodeId": "HN26512",
                        "domain": {
                            "uri": "http://erlangen-crm.org/current/E69_Death"
                        },
                        "type": {
                            "uri": "http://isi.edu/integration/karma/dev#classLink"
                        },
                        "origin": "TfIdfModel",
                        "confidenceScore": 0.033980576492767145
                    }
                ],
                "modelIds": null
            },
            {
                "id": "HN26696",
                "label": {
                    "uri": "HN26696"
                },
                "type": "ColumnNode",
                "hNodeId": "HN26696",
                "columnName": "Birth_URI",
                "rdfLiteralType": null,
                "userSemanticTypes": [
                    {
                        "hNodeId": "HN26696",
                        "domain": {
                            "uri": "http://erlangen-crm.org/current/E67_Birth"
                        },
                        "type": {
                            "uri": "http://isi.edu/integration/karma/dev#classLink"
                        },
                        "origin": "User",
                        "confidenceScore": 1.0
                    }
                ],
                "learnedSemanticTypes": [
                    {
                        "hNodeId": "HN26696",
                        "domain": {
                            "uri": "http://erlangen-crm.org/current/E67_Birth"
                        },
                        "type": {
                            "uri": "http://isi.edu/integration/karma/dev#classLink"
                        },
                        "origin": "TfIdfModel",
                        "confidenceScore": 0.572234023077415
                    },
                    {
                        "hNodeId": "HN26696",
                        "domain": {
                            "uri": "http://erlangen-crm.org/current/E82_Actor_Appellation"
                        },
                        "type": {
                            "uri": "http://isi.edu/integration/karma/dev#classLink"
                        },
                        "origin": "TfIdfModel",
                        "confidenceScore": 0.19215888549245683
                    },
                    {
                        "hNodeId": "HN26696",
                        "domain": {
                            "uri": "http://erlangen-crm.org/current/E21_Person"
                        },
                        "type": {
                            "uri": "http://isi.edu/integration/karma/dev#classLink"
                        },
                        "origin": "TfIdfModel",
                        "confidenceScore": 0.1410699194754738
                    },
                    {
                        "hNodeId": "HN26696",
                        "domain": {
                            "uri": "http://erlangen-crm.org/current/E69_Death"
                        },
                        "type": {
                            "uri": "http://isi.edu/integration/karma/dev#classLink"
                        },
                        "origin": "TfIdfModel",
                        "confidenceScore": 0.09453717195465439
                    }
                ],
                "modelIds": null
            },
            {
                "id": "HN26154",
                "label": {
                    "uri": "HN26154"
                },
                "type": "ColumnNode",
                "hNodeId": "HN26154",
                "columnName": "ArtistBornDate",
                "rdfLiteralType": null,
                "userSemanticTypes": [
                    {
                        "hNodeId": "HN26154",
                        "domain": {
                            "uri": "http://erlangen-crm.org/current/E52_Time-Span"
                        },
                        "type": {
                            "uri": "http://erlangen-crm.org/current/P82_at_some_time_within"
                        },
                        "origin": "User",
                        "confidenceScore": 1.0
                    }
                ],
                "learnedSemanticTypes": [
                    {
                        "hNodeId": "HN26154",
                        "domain": {
                            "uri": "http://erlangen-crm.org/current/E52_Time-Span"
                        },
                        "type": {
                            "uri": "http://erlangen-crm.org/current/P82_at_some_time_within"
                        },
                        "origin": "TfIdfModel",
                        "confidenceScore": 0.38243347440510017
                    },
                    {
                        "hNodeId": "HN26154",
                        "domain": {
                            "uri": "http://erlangen-crm.org/current/E52_Time-Span"
                        },
                        "type": {
                            "uri": "http://erlangen-crm.org/current/P82a_begin_of_the_begin"
                        },
                        "origin": "TfIdfModel",
                        "confidenceScore": 0.3798395977071952
                    },
                    {
                        "hNodeId": "HN26154",
                        "domain": {
                            "uri": "http://erlangen-crm.org/current/E52_Time-Span"
                        },
                        "type": {
                            "uri": "http://erlangen-crm.org/current/P82b_end_of_the_end"
                        },
                        "origin": "TfIdfModel",
                        "confidenceScore": 0.18338620958535679
                    },
                    {
                        "hNodeId": "HN26154",
                        "domain": {
                            "uri": "http://erlangen-crm.org/current/E34_Inscription"
                        },
                        "type": {
                            "uri": "http://erlangen-crm.org/current/P3_has_note"
                        },
                        "origin": "TfIdfModel",
                        "confidenceScore": 0.054340718302347824
                    }
                ],
                "modelIds": null
            },
            {
                "id": "HN25442",
                "label": {
                    "uri": "HN25442"
                },
                "type": "ColumnNode",
                "hNodeId": "HN25442",
                "columnName": "ClassificationURI",
                "rdfLiteralType": null,
                "userSemanticTypes": [
                    {
                        "hNodeId": "HN25442",
                        "domain": {
                            "uri": "http://erlangen-crm.org/current/E55_Type"
                        },
                        "type": {
                            "uri": "http://isi.edu/integration/karma/dev#classLink"
                        },
                        "origin": "User",
                        "confidenceScore": 1.0
                    }
                ],
                "learnedSemanticTypes": [
                    {
                        "hNodeId": "HN25442",
                        "domain": {
                            "uri": "http://erlangen-crm.org/current/E55_Type"
                        },
                        "type": {
                            "uri": "http://isi.edu/integration/karma/dev#classLink"
                        },
                        "origin": "TfIdfModel",
                        "confidenceScore": 0.592746066323524
                    },
                    {
                        "hNodeId": "HN25442",
                        "domain": {
                            "uri": "http://erlangen-crm.org/current/E55_Type"
                        },
                        "type": {
                            "uri": "http://www.w3.org/2000/01/rdf-schema#label"
                        },
                        "origin": "TfIdfModel",
                        "confidenceScore": 0.19735643872754796
                    },
                    {
                        "hNodeId": "HN25442",
                        "domain": {
                            "uri": "http://erlangen-crm.org/current/E74_Group"
                        },
                        "type": {
                            "uri": "http://isi.edu/integration/karma/dev#classLink"
                        },
                        "origin": "TfIdfModel",
                        "confidenceScore": 0.1083004730420962
                    },
                    {
                        "hNodeId": "HN25442",
                        "domain": {
                            "uri": "http://erlangen-crm.org/current/E57_Material"
                        },
                        "type": {
                            "uri": "http://isi.edu/integration/karma/dev#classLink"
                        },
                        "origin": "TfIdfModel",
                        "confidenceScore": 0.1015970219068318
                    }
                ],
                "modelIds": null
            },
            {
                "id": "HN26877",
                "label": {
                    "uri": "HN26877"
                },
                "type": "ColumnNode",
                "hNodeId": "HN26877",
                "columnName": "Death_URI",
                "rdfLiteralType": null,
                "userSemanticTypes": [
                    {
                        "hNodeId": "HN26877",
                        "domain": {
                            "uri": "http://erlangen-crm.org/current/E69_Death"
                        },
                        "type": {
                            "uri": "http://isi.edu/integration/karma/dev#classLink"
                        },
                        "origin": "User",
                        "confidenceScore": 1.0
                    }
                ],
                "learnedSemanticTypes": [
                    {
                        "hNodeId": "HN26877",
                        "domain": {
                            "uri": "http://erlangen-crm.org/current/E69_Death"
                        },
                        "type": {
                            "uri": "http://isi.edu/integration/karma/dev#classLink"
                        },
                        "origin": "TfIdfModel",
                        "confidenceScore": 0.5510550487283733
                    },
                    {
                        "hNodeId": "HN26877",
                        "domain": {
                            "uri": "http://erlangen-crm.org/current/E82_Actor_Appellation"
                        },
                        "type": {
                            "uri": "http://isi.edu/integration/karma/dev#classLink"
                        },
                        "origin": "TfIdfModel",
                        "confidenceScore": 0.19360366064438164
                    },
                    {
                        "hNodeId": "HN26877",
                        "domain": {
                            "uri": "http://erlangen-crm.org/current/E21_Person"
                        },
                        "type": {
                            "uri": "http://isi.edu/integration/karma/dev#classLink"
                        },
                        "origin": "TfIdfModel",
                        "confidenceScore": 0.14001194345631868
                    },
                    {
                        "hNodeId": "HN26877",
                        "domain": {
                            "uri": "http://erlangen-crm.org/current/E67_Birth"
                        },
                        "type": {
                            "uri": "http://isi.edu/integration/karma/dev#classLink"
                        },
                        "origin": "TfIdfModel",
                        "confidenceScore": 0.11532934717092636
                    }
                ],
                "modelIds": null
            },
            {
                "id": "HN25260",
                "label": {
                    "uri": "HN25260"
                },
                "type": "ColumnNode",
                "hNodeId": "HN25260",
                "columnName": "Artist_URI",
                "rdfLiteralType": null,
                "userSemanticTypes": [
                    {
                        "hNodeId": "HN25260",
                        "domain": {
                            "uri": "http://erlangen-crm.org/current/E21_Person"
                        },
                        "type": {
                            "uri": "http://isi.edu/integration/karma/dev#classLink"
                        },
                        "origin": "User",
                        "confidenceScore": 1.0
                    }
                ],
                "learnedSemanticTypes": [
                    {
                        "hNodeId": "HN25260",
                        "domain": {
                            "uri": "http://erlangen-crm.org/current/E82_Actor_Appellation"
                        },
                        "type": {
                            "uri": "http://isi.edu/integration/karma/dev#classLink"
                        },
                        "origin": "TfIdfModel",
                        "confidenceScore": 0.36983489751029913
                    },
                    {
                        "hNodeId": "HN25260",
                        "domain": {
                            "uri": "http://erlangen-crm.org/current/E21_Person"
                        },
                        "type": {
                            "uri": "http://isi.edu/integration/karma/dev#classLink"
                        },
                        "origin": "TfIdfModel",
                        "confidenceScore": 0.27590236226690634
                    },
                    {
                        "hNodeId": "HN25260",
                        "domain": {
                            "uri": "http://erlangen-crm.org/current/E67_Birth"
                        },
                        "type": {
                            "uri": "http://isi.edu/integration/karma/dev#classLink"
                        },
                        "origin": "TfIdfModel",
                        "confidenceScore": 0.17725498983854363
                    },
                    {
                        "hNodeId": "HN25260",
                        "domain": {
                            "uri": "http://erlangen-crm.org/current/E69_Death"
                        },
                        "type": {
                            "uri": "http://isi.edu/integration/karma/dev#classLink"
                        },
                        "origin": "TfIdfModel",
                        "confidenceScore": 0.1770077503842509
                    }
                ],
                "modelIds": null
            },
            {
                "id": "HN25979",
                "label": {
                    "uri": "HN25979"
                },
                "type": "ColumnNode",
                "hNodeId": "HN25979",
                "columnName": "ObjectURI",
                "rdfLiteralType": null,
                "userSemanticTypes": [
                    {
                        "hNodeId": "HN25979",
                        "domain": {
                            "uri": "http://erlangen-crm.org/current/E22_Man-Made_Object"
                        },
                        "type": {
                            "uri": "http://isi.edu/integration/karma/dev#classLink"
                        },
                        "origin": "User",
                        "confidenceScore": 1.0
                    }
                ],
                "learnedSemanticTypes": [
                    {
                        "hNodeId": "HN25979",
                        "domain": {
                            "uri": "http://erlangen-crm.org/current/E22_Man-Made_Object"
                        },
                        "type": {
                            "uri": "http://isi.edu/integration/karma/dev#classLink"
                        },
                        "origin": "TfIdfModel",
                        "confidenceScore": 0.7695562984315912
                    },
                    {
                        "hNodeId": "HN25979",
                        "domain": {
                            "uri": "http://erlangen-crm.org/current/E8_Acquisition"
                        },
                        "type": {
                            "uri": "http://isi.edu/integration/karma/dev#classLink"
                        },
                        "origin": "TfIdfModel",
                        "confidenceScore": 0.16230741641801713
                    },
                    {
                        "hNodeId": "HN25979",
                        "domain": {
                            "uri": "http://erlangen-crm.org/current/E22_Man-Made_Object"
                        },
                        "type": {
                            "uri": "http://erlangen-crm.org/current/P3_has_note"
                        },
                        "origin": "TfIdfModel",
                        "confidenceScore": 0.03815508647288822
                    },
                    {
                        "hNodeId": "HN25979",
                        "domain": {
                            "uri": "http://erlangen-crm.org/current/E33_Linguistic_Object"
                        },
                        "type": {
                            "uri": "http://erlangen-crm.org/current/P3_has_note"
                        },
                        "origin": "TfIdfModel",
                        "confidenceScore": 0.029981198677503405
                    }
                ],
                "modelIds": null
            },
            {
                "id": "HN26328",
                "label": {
                    "uri": "HN26328"
                },
                "type": "ColumnNode",
                "hNodeId": "HN26328",
                "columnName": "ArtistDiedDate",
                "rdfLiteralType": null,
                "userSemanticTypes": [
                    {
                        "hNodeId": "HN26328",
                        "domain": {
                            "uri": "http://erlangen-crm.org/current/E52_Time-Span"
                        },
                        "type": {
                            "uri": "http://erlangen-crm.org/current/P82_at_some_time_within"
                        },
                        "origin": "User",
                        "confidenceScore": 1.0
                    }
                ],
                "learnedSemanticTypes": [
                    {
                        "hNodeId": "HN26328",
                        "domain": {
                            "uri": "http://erlangen-crm.org/current/E52_Time-Span"
                        },
                        "type": {
                            "uri": "http://erlangen-crm.org/current/P82b_end_of_the_end"
                        },
                        "origin": "TfIdfModel",
                        "confidenceScore": 0.37723310926911985
                    },
                    {
                        "hNodeId": "HN26328",
                        "domain": {
                            "uri": "http://erlangen-crm.org/current/E52_Time-Span"
                        },
                        "type": {
                            "uri": "http://erlangen-crm.org/current/P82_at_some_time_within"
                        },
                        "origin": "TfIdfModel",
                        "confidenceScore": 0.33336036084209036
                    },
                    {
                        "hNodeId": "HN26328",
                        "domain": {
                            "uri": "http://erlangen-crm.org/current/E52_Time-Span"
                        },
                        "type": {
                            "uri": "http://erlangen-crm.org/current/P82a_begin_of_the_begin"
                        },
                        "origin": "TfIdfModel",
                        "confidenceScore": 0.2153127306970375
                    },
                    {
                        "hNodeId": "HN26328",
                        "domain": {
                            "uri": "http://erlangen-crm.org/current/E34_Inscription"
                        },
                        "type": {
                            "uri": "http://erlangen-crm.org/current/P3_has_note"
                        },
                        "origin": "TfIdfModel",
                        "confidenceScore": 0.07409379919175232
                    }
                ],
                "modelIds": null
            }
        ],
        "links": [
            {
                "id": "http://erlangen-crm.org/current/E12_Production1---http://erlangen-crm.org/current/P14_carried_out_by---http://erlangen-crm.org/current/E21_Person1",
                "weight": 0.009999999776482582,
                "type": "ObjectPropertyLink",
                "label": {
                    "uri": "http://erlangen-crm.org/current/P14_carried_out_by"
                },
                "objectPropertyType": "None",
                "status": "ForcedByUser",
                "keyInfo": "None",
                "modelIds": null
            },
            {
                "id": "http://erlangen-crm.org/current/E12_Production1---http://erlangen-crm.org/current/P4_has_time-span---http://erlangen-crm.org/current/E52_Time-Span4",
                "weight": 0.009999999776482582,
                "type": "ObjectPropertyLink",
                "label": {
                    "uri": "http://erlangen-crm.org/current/P4_has_time-span"
                },
                "objectPropertyType": "None",
                "status": "ForcedByUser",
                "keyInfo": "None",
                "modelIds": null
            },
            {
                "id": "http://erlangen-crm.org/current/E12_Production1---http://erlangen-crm.org/current/P32_used_general_technique---http://erlangen-crm.org/current/E55_Type2",
                "weight": 0.009999999776482582,
                "type": "ObjectPropertyLink",
                "label": {
                    "uri": "http://erlangen-crm.org/current/P32_used_general_technique"
                },
                "objectPropertyType": "None",
                "status": "ForcedByUser",
                "keyInfo": "None",
                "modelIds": null
            },
            {
                "id": "http://erlangen-crm.org/current/E21_Person1---http://erlangen-crm.org/current/P98i_was_born---http://erlangen-crm.org/current/E67_Birth1",
                "weight": 0.009999999776482582,
                "type": "ObjectPropertyLink",
                "label": {
                    "uri": "http://erlangen-crm.org/current/P98i_was_born"
                },
                "objectPropertyType": "None",
                "status": "ForcedByUser",
                "keyInfo": "None",
                "modelIds": null
            },
            {
                "id": "http://erlangen-crm.org/current/E21_Person1---http://erlangen-crm.org/current/P100i_died_in---http://erlangen-crm.org/current/E69_Death1",
                "weight": 0.009999999776482582,
                "type": "ObjectPropertyLink",
                "label": {
                    "uri": "http://erlangen-crm.org/current/P100i_died_in"
                },
                "objectPropertyType": "None",
                "status": "ForcedByUser",
                "keyInfo": "None",
                "modelIds": null
            },
            {
                "id": "http://erlangen-crm.org/current/E21_Person1---http://erlangen-crm.org/current/P131_is_identified_by---http://erlangen-crm.org/current/E82_Actor_Appellation1",
                "weight": 0.009999999776482582,
                "type": "ObjectPropertyLink",
                "label": {
                    "uri": "http://erlangen-crm.org/current/P131_is_identified_by"
                },
                "objectPropertyType": "None",
                "status": "ForcedByUser",
                "keyInfo": "None",
                "modelIds": null
            },
            {
                "id": "http://erlangen-crm.org/current/E21_Person2---http://erlangen-crm.org/current/P131_is_identified_by---http://erlangen-crm.org/current/E82_Actor_Appellation2",
                "weight": 0.009999999776482582,
                "type": "ObjectPropertyLink",
                "label": {
                    "uri": "http://erlangen-crm.org/current/P131_is_identified_by"
                },
                "objectPropertyType": "None",
                "status": "ForcedByUser",
                "keyInfo": "None",
                "modelIds": null
            },
            {
                "id": "http://erlangen-crm.org/current/E22_Man-Made_Object1---http://erlangen-crm.org/current/P108i_was_produced_by---http://erlangen-crm.org/current/E12_Production1",
                "weight": 0.009999999776482582,
                "type": "ObjectPropertyLink",
                "label": {
                    "uri": "http://erlangen-crm.org/current/P108i_was_produced_by"
                },
                "objectPropertyType": "None",
                "status": "ForcedByUser",
                "keyInfo": "None",
                "modelIds": null
            },
            {
                "id": "http://erlangen-crm.org/current/E22_Man-Made_Object1---http://erlangen-crm.org/current/P62_depicts---http://erlangen-crm.org/current/E21_Person2",
                "weight": 0.009999999776482582,
                "type": "ObjectPropertyLink",
                "label": {
                    "uri": "http://erlangen-crm.org/current/P62_depicts"
                },
                "objectPropertyType": "None",
                "status": "ForcedByUser",
                "keyInfo": "None",
                "modelIds": null
            },
            {
                "id": "http://erlangen-crm.org/current/E22_Man-Made_Object1---http://erlangen-crm.org/current/P51_has_former_or_current_owner---http://erlangen-crm.org/current/E40_Legal_Body1",
                "weight": 0.009999999776482582,
                "type": "ObjectPropertyLink",
                "label": {
                    "uri": "http://erlangen-crm.org/current/P51_has_former_or_current_owner"
                },
                "objectPropertyType": "None",
                "status": "ForcedByUser",
                "keyInfo": "None",
                "modelIds": null
            },
            {
                "id": "http://erlangen-crm.org/current/E22_Man-Made_Object1---http://erlangen-crm.org/current/P43_has_dimension---http://erlangen-crm.org/current/E54_Dimension1",
                "weight": 0.009999999776482582,
                "type": "ObjectPropertyLink",
                "label": {
                    "uri": "http://erlangen-crm.org/current/P43_has_dimension"
                },
                "objectPropertyType": "None",
                "status": "ForcedByUser",
                "keyInfo": "None",
                "modelIds": null
            },
            {
                "id": "http://erlangen-crm.org/current/E22_Man-Made_Object1---http://erlangen-crm.org/current/P2_has_type---http://erlangen-crm.org/current/E55_Type1",
                "weight": 0.009999999776482582,
                "type": "ObjectPropertyLink",
                "label": {
                    "uri": "http://erlangen-crm.org/current/P2_has_type"
                },
                "objectPropertyType": "None",
                "status": "ForcedByUser",
                "keyInfo": "None",
                "modelIds": null
            },
            {
                "id": "http://erlangen-crm.org/current/E22_Man-Made_Object1---http://erlangen-crm.org/current/P24i_changed_ownership_through---http://erlangen-crm.org/current/E8_Acquisition1",
                "weight": 0.009999999776482582,
                "type": "ObjectPropertyLink",
                "label": {
                    "uri": "http://erlangen-crm.org/current/P24i_changed_ownership_through"
                },
                "objectPropertyType": "None",
                "status": "ForcedByUser",
                "keyInfo": "None",
                "modelIds": null
            },
            {
                "id": "http://erlangen-crm.org/current/E38_Image1---http://erlangen-crm.org/current/P138_represents---http://erlangen-crm.org/current/E22_Man-Made_Object1",
                "weight": 0.009999999776482582,
                "type": "ObjectPropertyLink",
                "label": {
                    "uri": "http://erlangen-crm.org/current/P138_represents"
                },
                "objectPropertyType": "None",
                "status": "ForcedByUser",
                "keyInfo": "None",
                "modelIds": null
            },
            {
                "id": "http://erlangen-crm.org/current/E67_Birth1---http://erlangen-crm.org/current/P4_has_time-span---http://erlangen-crm.org/current/E52_Time-Span2",
                "weight": 0.009999999776482582,
                "type": "ObjectPropertyLink",
                "label": {
                    "uri": "http://erlangen-crm.org/current/P4_has_time-span"
                },
                "objectPropertyType": "None",
                "status": "ForcedByUser",
                "keyInfo": "None",
                "modelIds": null
            },
            {
                "id": "http://erlangen-crm.org/current/E69_Death1---http://erlangen-crm.org/current/P4_has_time-span---http://erlangen-crm.org/current/E52_Time-Span3",
                "weight": 0.009999999776482582,
                "type": "ObjectPropertyLink",
                "label": {
                    "uri": "http://erlangen-crm.org/current/P4_has_time-span"
                },
                "objectPropertyType": "None",
                "status": "ForcedByUser",
                "keyInfo": "None",
                "modelIds": null
            },
            {
                "id": "http://erlangen-crm.org/current/E8_Acquisition1---http://erlangen-crm.org/current/P4_has_time-span---http://erlangen-crm.org/current/E52_Time-Span1",
                "weight": 0.009999999776482582,
                "type": "ObjectPropertyLink",
                "label": {
                    "uri": "http://erlangen-crm.org/current/P4_has_time-span"
                },
                "objectPropertyType": "None",
                "status": "ForcedByUser",
                "keyInfo": "None",
                "modelIds": null
            },
            {
                "id": "http://erlangen-crm.org/current/E22_Man-Made_Object1---http://erlangen-crm.org/current/P3_has_note---HN17785",
                "weight": 0.01,
                "type": "DataPropertyLink",
                "label": {
                    "uri": "http://erlangen-crm.org/current/P3_has_note"
                },
                "status": "ForcedByUser",
                "keyInfo": "None",
                "modelIds": null
            },
            {
                "id": "http://erlangen-crm.org/current/E82_Actor_Appellation1---http://www.w3.org/2000/01/rdf-schema#label---HN17767",
                "weight": 0.01,
                "type": "DataPropertyLink",
                "label": {
                    "uri": "http://www.w3.org/2000/01/rdf-schema#label"
                },
                "status": "ForcedByUser",
                "keyInfo": "None",
                "modelIds": null
            },
            {
                "id": "http://erlangen-crm.org/current/E52_Time-Span4---http://erlangen-crm.org/current/P82_at_some_time_within---HN17787",
                "weight": 0.01,
                "type": "DataPropertyLink",
                "label": {
                    "uri": "http://erlangen-crm.org/current/P82_at_some_time_within"
                },
                "status": "ForcedByUser",
                "keyInfo": "None",
                "modelIds": null
            },
            {
                "id": "http://erlangen-crm.org/current/E8_Acquisition1---http://erlangen-crm.org/current/P3_has_note---HN17789",
                "weight": 0.01,
                "type": "DataPropertyLink",
                "label": {
                    "uri": "http://erlangen-crm.org/current/P3_has_note"
                },
                "status": "ForcedByUser",
                "keyInfo": "None",
                "modelIds": null
            },
            {
                "id": "http://erlangen-crm.org/current/E54_Dimension1---http://erlangen-crm.org/current/P3_has_note---HN17777",
                "weight": 0.01,
                "type": "DataPropertyLink",
                "label": {
                    "uri": "http://erlangen-crm.org/current/P3_has_note"
                },
                "status": "ForcedByUser",
                "keyInfo": "None",
                "modelIds": null
            },
            {
                "id": "http://erlangen-crm.org/current/E82_Actor_Appellation2---http://www.w3.org/2000/01/rdf-schema#label---HN17765",
                "weight": 0.01,
                "type": "DataPropertyLink",
                "label": {
                    "uri": "http://www.w3.org/2000/01/rdf-schema#label"
                },
                "status": "ForcedByUser",
                "keyInfo": "None",
                "modelIds": null
            },
            {
                "id": "http://erlangen-crm.org/current/E55_Type2---http://www.w3.org/2000/01/rdf-schema#label---HN17775",
                "weight": 0.01,
                "type": "DataPropertyLink",
                "label": {
                    "uri": "http://www.w3.org/2000/01/rdf-schema#label"
                },
                "status": "ForcedByUser",
                "keyInfo": "None",
                "modelIds": null
            },
            {
                "id": "http://erlangen-crm.org/current/E55_Type1---http://www.w3.org/2000/01/rdf-schema#label---HN17773",
                "weight": 0.01,
                "type": "DataPropertyLink",
                "label": {
                    "uri": "http://www.w3.org/2000/01/rdf-schema#label"
                },
                "status": "ForcedByUser",
                "keyInfo": "None",
                "modelIds": null
            },
            {
                "id": "http://erlangen-crm.org/current/E52_Time-Span1---http://erlangen-crm.org/current/P82_at_some_time_within---HN17781",
                "weight": 0.01,
                "type": "DataPropertyLink",
                "label": {
                    "uri": "http://erlangen-crm.org/current/P82_at_some_time_within"
                },
                "status": "ForcedByUser",
                "keyInfo": "None",
                "modelIds": null
            },
            {
                "id": "http://erlangen-crm.org/current/E40_Legal_Body1---http://isi.edu/integration/karma/dev#classLink---HN25797",
                "weight": 0.01,
                "type": "ClassInstanceLink",
                "label": {
                    "uri": "http://isi.edu/integration/karma/dev#classLink"
                },
                "status": "ForcedByUser",
                "keyInfo": "UriOfInstance",
                "modelIds": null
            },
            {
                "id": "http://erlangen-crm.org/current/E38_Image1---http://isi.edu/integration/karma/dev#classLink---HN17783",
                "weight": 0.01,
                "type": "ClassInstanceLink",
                "label": {
                    "uri": "http://isi.edu/integration/karma/dev#classLink"
                },
                "status": "ForcedByUser",
                "keyInfo": "UriOfInstance",
                "modelIds": null
            },
            {
                "id": "http://erlangen-crm.org/current/E55_Type2---http://isi.edu/integration/karma/dev#classLink---HN25617",
                "weight": 0.01,
                "type": "ClassInstanceLink",
                "label": {
                    "uri": "http://isi.edu/integration/karma/dev#classLink"
                },
                "status": "ForcedByUser",
                "keyInfo": "UriOfInstance",
                "modelIds": null
            },
            {
                "id": "http://erlangen-crm.org/current/E82_Actor_Appellation1---http://isi.edu/integration/karma/dev#classLink---HN26512",
                "weight": 0.01,
                "type": "ClassInstanceLink",
                "label": {
                    "uri": "http://isi.edu/integration/karma/dev#classLink"
                },
                "status": "ForcedByUser",
                "keyInfo": "UriOfInstance",
                "modelIds": null
            },
            {
                "id": "http://erlangen-crm.org/current/E67_Birth1---http://isi.edu/integration/karma/dev#classLink---HN26696",
                "weight": 0.01,
                "type": "ClassInstanceLink",
                "label": {
                    "uri": "http://isi.edu/integration/karma/dev#classLink"
                },
                "status": "ForcedByUser",
                "keyInfo": "UriOfInstance",
                "modelIds": null
            },
            {
                "id": "http://erlangen-crm.org/current/E52_Time-Span2---http://erlangen-crm.org/current/P82_at_some_time_within---HN26154",
                "weight": 0.01,
                "type": "DataPropertyLink",
                "label": {
                    "uri": "http://erlangen-crm.org/current/P82_at_some_time_within"
                },
                "status": "ForcedByUser",
                "keyInfo": "None",
                "modelIds": null
            },
            {
                "id": "http://erlangen-crm.org/current/E55_Type1---http://isi.edu/integration/karma/dev#classLink---HN25442",
                "weight": 0.01,
                "type": "ClassInstanceLink",
                "label": {
                    "uri": "http://isi.edu/integration/karma/dev#classLink"
                },
                "status": "ForcedByUser",
                "keyInfo": "UriOfInstance",
                "modelIds": null
            },
            {
                "id": "http://erlangen-crm.org/current/E69_Death1---http://isi.edu/integration/karma/dev#classLink---HN26877",
                "weight": 0.01,
                "type": "ClassInstanceLink",
                "label": {
                    "uri": "http://isi.edu/integration/karma/dev#classLink"
                },
                "status": "ForcedByUser",
                "keyInfo": "UriOfInstance",
                "modelIds": null
            },
            {
                "id": "http://erlangen-crm.org/current/E21_Person1---http://isi.edu/integration/karma/dev#classLink---HN25260",
                "weight": 0.01,
                "type": "ClassInstanceLink",
                "label": {
                    "uri": "http://isi.edu/integration/karma/dev#classLink"
                },
                "status": "ForcedByUser",
                "keyInfo": "UriOfInstance",
                "modelIds": null
            },
            {
                "id": "http://erlangen-crm.org/current/E22_Man-Made_Object1---http://isi.edu/integration/karma/dev#classLink---HN25979",
                "weight": 0.01,
                "type": "ClassInstanceLink",
                "label": {
                    "uri": "http://isi.edu/integration/karma/dev#classLink"
                },
                "status": "ForcedByUser",
                "keyInfo": "UriOfInstance",
                "modelIds": null
            },
            {
                "id": "http://erlangen-crm.org/current/E52_Time-Span3---http://erlangen-crm.org/current/P82_at_some_time_within---HN26328",
                "weight": 0.01,
                "type": "DataPropertyLink",
                "label": {
                    "uri": "http://erlangen-crm.org/current/P82_at_some_time_within"
                },
                "status": "ForcedByUser",
                "keyInfo": "None",
                "modelIds": null
            },
            {
                "id": "http://erlangen-crm.org/current/E8_Acquisition1---http://erlangen-crm.org/current/P22_transferred_title_to---http://erlangen-crm.org/current/E40_Legal_Body1",
                "weight": 0.01,
                "type": "ObjectPropertyLink",
                "label": {
                    "uri": "http://erlangen-crm.org/current/P22_transferred_title_to"
                },
                "objectPropertyType": "None",
                "status": "ForcedByUser",
                "keyInfo": "None",
                "modelIds": null
            }
        ]
    }
}