{
    "id": "s27-s-the-huntington.json",
    "name": "s27-s-the-huntington.json",
    "description": null,
    "sourceColumns": [
        {
            "id": "HN42824",
            "hNodeId": "HN42824",
            "columnName": "Artwork_Title"
        },
        {
            "id": "HN69162",
            "hNodeId": "HN69162",
            "columnName": "Death_URI"
        },
        {
            "id": "HN42861",
            "hNodeId": "HN42861",
            "columnName": "credit_line"
        },
        {
            "id": "HN42826",
            "hNodeId": "HN42826",
            "columnName": "date"
        },
        {
            "id": "HN42835",
            "hNodeId": "HN42835",
            "columnName": "nationality"
        },
        {
            "id": "HN67436",
            "hNodeId": "HN67436",
            "columnName": "artist_appellation_uri"
        },
        {
            "id": "HN42846",
            "hNodeId": "HN42846",
            "columnName": "dimensions_inch"
        },
        {
            "id": "HN42833",
            "hNodeId": "HN42833",
            "columnName": "name"
        },
        {
            "id": "HN42865",
            "hNodeId": "HN42865",
            "columnName": "description"
        },
        {
            "id": "HN64876",
            "hNodeId": "HN64876",
            "columnName": "artist_URI"
        },
        {
            "id": "HN42867",
            "hNodeId": "HN42867",
            "columnName": "image_url"
        },
        {
            "id": "HN65729",
            "hNodeId": "HN65729",
            "columnName": "object_uri"
        },
        {
            "id": "HN42859",
            "hNodeId": "HN42859",
            "columnName": "medium"
        },
        {
            "id": "HN64009",
            "hNodeId": "HN64009",
            "columnName": "Nationality_URI"
        },
        {
            "id": "HN42839",
            "hNodeId": "HN42839",
            "columnName": "death_date"
        },
        {
            "id": "HN68303",
            "hNodeId": "HN68303",
            "columnName": "Birth_URI"
        },
        {
            "id": "HN42837",
            "hNodeId": "HN42837",
            "columnName": "birth_date"
        },
        {
            "id": "HN66580",
            "hNodeId": "HN66580",
            "columnName": "medium_uri"
        }
    ],
    "mappingToSourceColumns": [
        {
            "id": "HN42824",
            "sourceColumnId": "HN42824"
        },
        {
            "id": "HN69162",
            "sourceColumnId": "HN69162"
        },
        {
            "id": "HN42861",
            "sourceColumnId": "HN42861"
        },
        {
            "id": "HN42826",
            "sourceColumnId": "HN42826"
        },
        {
            "id": "HN42835",
            "sourceColumnId": "HN42835"
        },
        {
            "id": "HN67436",
            "sourceColumnId": "HN67436"
        },
        {
            "id": "HN42846",
            "sourceColumnId": "HN42846"
        },
        {
            "id": "HN42833",
            "sourceColumnId": "HN42833"
        },
        {
            "id": "HN42865",
            "sourceColumnId": "HN42865"
        },
        {
            "id": "HN64876",
            "sourceColumnId": "HN64876"
        },
        {
            "id": "HN42867",
            "sourceColumnId": "HN42867"
        },
        {
            "id": "HN65729",
            "sourceColumnId": "HN65729"
        },
        {
            "id": "HN64009",
            "sourceColumnId": "HN64009"
        },
        {
            "id": "HN42859",
            "sourceColumnId": "HN42859"
        },
        {
            "id": "HN42839",
            "sourceColumnId": "HN42839"
        },
        {
            "id": "HN42837",
            "sourceColumnId": "HN42837"
        },
        {
            "id": "HN68303",
            "sourceColumnId": "HN68303"
        },
        {
            "id": "HN66580",
            "sourceColumnId": "HN66580"
        }
    ],
    "graph": {
        "nodes": [
            {
                "id": "http://erlangen-crm.org/current/E12_Production1",
                "label": {
                    "uri": "http://erlangen-crm.org/current/E12_Production"
                },
                "type": "InternalNode",
                "modelIds": null
            },
            {
                "id": "http://erlangen-crm.org/current/E21_Person1",
                "label": {
                    "uri": "http://erlangen-crm.org/current/E21_Person"
                },
                "type": "InternalNode",
                "modelIds": null
            },
            {
                "id": "http://erlangen-crm.org/current/E52_Time-Span3",
                "label": {
                    "uri": "http://erlangen-crm.org/current/E52_Time-Span"
                },
                "type": "InternalNode",
                "modelIds": null
            },
            {
                "id": "http://erlangen-crm.org/current/E55_Type1",
                "label": {
                    "uri": "http://erlangen-crm.org/current/E55_Type"
                },
                "type": "InternalNode",
                "modelIds": null
            },
            {
                "id": "http://erlangen-crm.org/current/E67_Birth1",
                "label": {
                    "uri": "http://erlangen-crm.org/current/E67_Birth"
                },
                "type": "InternalNode",
                "modelIds": null
            },
            {
                "id": "http://erlangen-crm.org/current/E69_Death1",
                "label": {
                    "uri": "http://erlangen-crm.org/current/E69_Death"
                },
                "type": "InternalNode",
                "modelIds": null
            },
            {
                "id": "http://erlangen-crm.org/current/E74_Group1",
                "label": {
                    "uri": "http://erlangen-crm.org/current/E74_Group"
                },
                "type": "InternalNode",
                "modelIds": null
            },
            {
                "id": "http://erlangen-crm.org/current/E82_Actor_Appellation1",
                "label": {
                    "uri": "http://erlangen-crm.org/current/E82_Actor_Appellation"
                },
                "type": "InternalNode",
                "modelIds": null
            },
            {
                "id": "http://erlangen-crm.org/current/E22_Man-Made_Object1",
                "label": {
                    "uri": "http://erlangen-crm.org/current/E22_Man-Made_Object"
                },
                "type": "InternalNode",
                "modelIds": null
            },
            {
                "id": "http://erlangen-crm.org/current/E35_Title1",
                "label": {
                    "uri": "http://erlangen-crm.org/current/E35_Title"
                },
                "type": "InternalNode",
                "modelIds": null
            },
            {
                "id": "http://erlangen-crm.org/current/E54_Dimension1",
                "label": {
                    "uri": "http://erlangen-crm.org/current/E54_Dimension"
                },
                "type": "InternalNode",
                "modelIds": null
            },
            {
                "id": "http://erlangen-crm.org/current/E8_Acquisition1",
                "label": {
                    "uri": "http://erlangen-crm.org/current/E8_Acquisition"
                },
                "type": "InternalNode",
                "modelIds": null
            },
            {
                "id": "http://erlangen-crm.org/current/E38_Image1",
                "label": {
                    "uri": "http://erlangen-crm.org/current/E38_Image"
                },
                "type": "InternalNode",
                "modelIds": null
            },
            {
                "id": "http://erlangen-crm.org/current/E52_Time-Span1",
                "label": {
                    "uri": "http://erlangen-crm.org/current/E52_Time-Span"
                },
                "type": "InternalNode",
                "modelIds": null
            },
            {
                "id": "http://erlangen-crm.org/current/E52_Time-Span2",
                "label": {
                    "uri": "http://erlangen-crm.org/current/E52_Time-Span"
                },
                "type": "InternalNode",
                "modelIds": null
            },
            {
                "id": "HN42824",
                "label": {
                    "uri": "HN42824"
                },
                "type": "ColumnNode",
                "hNodeId": "HN42824",
                "columnName": "Artwork_Title",
                "rdfLiteralType": null,
                "userSemanticTypes": [
                    {
                        "hNodeId": "HN42824",
                        "domain": {
                            "uri": "http://erlangen-crm.org/current/E35_Title"
                        },
                        "type": {
                            "uri": "http://www.w3.org/2000/01/rdf-schema#label"
                        },
                        "origin": "User",
                        "confidenceScore": 1.0
                    }
                ],
                "learnedSemanticTypes": [
                    {
                        "hNodeId": "HN42824",
                        "domain": {
                            "uri": "http://erlangen-crm.org/current/E35_Title"
                        },
                        "type": {
                            "uri": "http://www.w3.org/2000/01/rdf-schema#label"
                        },
                        "origin": "TfIdfModel",
                        "confidenceScore": 0.3529847481501666
                    },
                    {
                        "hNodeId": "HN42824",
                        "domain": {
                            "uri": "http://erlangen-crm.org/current/E22_Man-Made_Object"
                        },
                        "type": {
                            "uri": "http://erlangen-crm.org/current/P3_has_note"
                        },
                        "origin": "TfIdfModel",
                        "confidenceScore": 0.24383890195444347
                    },
                    {
                        "hNodeId": "HN42824",
                        "domain": {
                            "uri": "http://erlangen-crm.org/current/E73_Information_Object"
                        },
                        "type": {
                            "uri": "http://erlangen-crm.org/current/P3_has_note"
                        },
                        "origin": "TfIdfModel",
                        "confidenceScore": 0.21705374280881537
                    },
                    {
                        "hNodeId": "HN42824",
                        "domain": {
                            "uri": "http://erlangen-crm.org/current/E33_Linguistic_Object"
                        },
                        "type": {
                            "uri": "http://erlangen-crm.org/current/P3_has_note"
                        },
                        "origin": "TfIdfModel",
                        "confidenceScore": 0.18612260708657455
                    }
                ],
                "modelIds": null
            },
            {
                "id": "HN69162",
                "label": {
                    "uri": "HN69162"
                },
                "type": "ColumnNode",
                "hNodeId": "HN69162",
                "columnName": "Death_URI",
                "rdfLiteralType": null,
                "userSemanticTypes": [
                    {
                        "hNodeId": "HN69162",
                        "domain": {
                            "uri": "http://erlangen-crm.org/current/E69_Death"
                        },
                        "type": {
                            "uri": "http://isi.edu/integration/karma/dev#classLink"
                        },
                        "origin": "User",
                        "confidenceScore": 1.0
                    }
                ],
                "learnedSemanticTypes": [
                    {
                        "hNodeId": "HN69162",
                        "domain": {
                            "uri": "http://erlangen-crm.org/current/E69_Death"
                        },
                        "type": {
                            "uri": "http://isi.edu/integration/karma/dev#classLink"
                        },
                        "origin": "TfIdfModel",
                        "confidenceScore": 0.4533744939976743
                    },
                    {
                        "hNodeId": "HN69162",
                        "domain": {
                            "uri": "http://erlangen-crm.org/current/E82_Actor_Appellation"
                        },
                        "type": {
                            "uri": "http://isi.edu/integration/karma/dev#classLink"
                        },
                        "origin": "TfIdfModel",
                        "confidenceScore": 0.21782380542032298
                    },
                    {
                        "hNodeId": "HN69162",
                        "domain": {
                            "uri": "http://erlangen-crm.org/current/E67_Birth"
                        },
                        "type": {
                            "uri": "http://isi.edu/integration/karma/dev#classLink"
                        },
                        "origin": "TfIdfModel",
                        "confidenceScore": 0.17313790729416384
                    },
                    {
                        "hNodeId": "HN69162",
                        "domain": {
                            "uri": "http://erlangen-crm.org/current/E21_Person"
                        },
                        "type": {
                            "uri": "http://isi.edu/integration/karma/dev#classLink"
                        },
                        "origin": "TfIdfModel",
                        "confidenceScore": 0.1556637932878389
                    }
                ],
                "modelIds": null
            },
            {
                "id": "HN42861",
                "label": {
                    "uri": "HN42861"
                },
                "type": "ColumnNode",
                "hNodeId": "HN42861",
                "columnName": "credit_line",
                "rdfLiteralType": null,
                "userSemanticTypes": [
                    {
                        "hNodeId": "HN42861",
                        "domain": {
                            "uri": "http://erlangen-crm.org/current/E8_Acquisition"
                        },
                        "type": {
                            "uri": "http://erlangen-crm.org/current/P3_has_note"
                        },
                        "origin": "User",
                        "confidenceScore": 1.0
                    }
                ],
                "learnedSemanticTypes": [
                    {
                        "hNodeId": "HN42861",
                        "domain": {
                            "uri": "http://erlangen-crm.org/current/E8_Acquisition"
                        },
                        "type": {
                            "uri": "http://erlangen-crm.org/current/P3_has_note"
                        },
                        "origin": "TfIdfModel",
                        "confidenceScore": 0.6602731397466751
                    },
                    {
                        "hNodeId": "HN42861",
                        "domain": {
                            "uri": "http://erlangen-crm.org/current/E33_Linguistic_Object"
                        },
                        "type": {
                            "uri": "http://erlangen-crm.org/current/P3_has_note"
                        },
                        "origin": "TfIdfModel",
                        "confidenceScore": 0.11908475044408612
                    },
                    {
                        "hNodeId": "HN42861",
                        "domain": {
                            "uri": "http://erlangen-crm.org/current/E22_Man-Made_Object"
                        },
                        "type": {
                            "uri": "http://erlangen-crm.org/current/P3_has_note"
                        },
                        "origin": "TfIdfModel",
                        "confidenceScore": 0.11892203933942636
                    },
                    {
                        "hNodeId": "HN42861",
                        "domain": {
                            "uri": "http://erlangen-crm.org/current/E73_Information_Object"
                        },
                        "type": {
                            "uri": "http://erlangen-crm.org/current/P3_has_note"
                        },
                        "origin": "TfIdfModel",
                        "confidenceScore": 0.10172007046981241
                    }
                ],
                "modelIds": null
            },
            {
                "id": "HN42826",
                "label": {
                    "uri": "HN42826"
                },
                "type": "ColumnNode",
                "hNodeId": "HN42826",
                "columnName": "date",
                "rdfLiteralType": null,
                "userSemanticTypes": [
                    {
                        "hNodeId": "HN42826",
                        "domain": {
                            "uri": "http://erlangen-crm.org/current/E52_Time-Span"
                        },
                        "type": {
                            "uri": "http://erlangen-crm.org/current/P82_at_some_time_within"
                        },
                        "origin": "User",
                        "confidenceScore": 1.0
                    }
                ],
                "learnedSemanticTypes": [
                    {
                        "hNodeId": "HN42826",
                        "domain": {
                            "uri": "http://erlangen-crm.org/current/E52_Time-Span"
                        },
                        "type": {
                            "uri": "http://erlangen-crm.org/current/P82_at_some_time_within"
                        },
                        "origin": "TfIdfModel",
                        "confidenceScore": 0.613664538427391
                    },
                    {
                        "hNodeId": "HN42826",
                        "domain": {
                            "uri": "http://erlangen-crm.org/current/E52_Time-Span"
                        },
                        "type": {
                            "uri": "http://erlangen-crm.org/current/P82a_begin_of_the_begin"
                        },
                        "origin": "TfIdfModel",
                        "confidenceScore": 0.19216144510115432
                    },
                    {
                        "hNodeId": "HN42826",
                        "domain": {
                            "uri": "http://erlangen-crm.org/current/E52_Time-Span"
                        },
                        "type": {
                            "uri": "http://www.w3.org/2000/01/rdf-schema#label"
                        },
                        "origin": "TfIdfModel",
                        "confidenceScore": 0.10341109601875574
                    },
                    {
                        "hNodeId": "HN42826",
                        "domain": {
                            "uri": "http://erlangen-crm.org/current/E52_Time-Span"
                        },
                        "type": {
                            "uri": "http://erlangen-crm.org/current/P82b_end_of_the_end"
                        },
                        "origin": "TfIdfModel",
                        "confidenceScore": 0.0907629204526989
                    }
                ],
                "modelIds": null
            },
            {
                "id": "HN42835",
                "label": {
                    "uri": "HN42835"
                },
                "type": "ColumnNode",
                "hNodeId": "HN42835",
                "columnName": "nationality",
                "rdfLiteralType": null,
                "userSemanticTypes": [
                    {
                        "hNodeId": "HN42835",
                        "domain": {
                            "uri": "http://erlangen-crm.org/current/E74_Group"
                        },
                        "type": {
                            "uri": "http://www.w3.org/2000/01/rdf-schema#label"
                        },
                        "origin": "User",
                        "confidenceScore": 1.0
                    }
                ],
                "learnedSemanticTypes": [
                    {
                        "hNodeId": "HN42835",
                        "domain": {
                            "uri": "http://erlangen-crm.org/current/E74_Group"
                        },
                        "type": {
                            "uri": "http://www.w3.org/2000/01/rdf-schema#label"
                        },
                        "origin": "TfIdfModel",
                        "confidenceScore": 0.524607159381448
                    },
                    {
                        "hNodeId": "HN42835",
                        "domain": {
                            "uri": "http://erlangen-crm.org/current/E74_Group"
                        },
                        "type": {
                            "uri": "http://isi.edu/integration/karma/dev#classLink"
                        },
                        "origin": "TfIdfModel",
                        "confidenceScore": 0.36205301909051696
                    },
                    {
                        "hNodeId": "HN42835",
                        "domain": {
                            "uri": "http://erlangen-crm.org/current/E55_Type"
                        },
                        "type": {
                            "uri": "http://www.w3.org/2000/01/rdf-schema#label"
                        },
                        "origin": "TfIdfModel",
                        "confidenceScore": 0.06111432482090718
                    },
                    {
                        "hNodeId": "HN42835",
                        "domain": {
                            "uri": "http://erlangen-crm.org/current/E21_Person"
                        },
                        "type": {
                            "uri": "http://erlangen-crm.org/current/P3_has_note"
                        },
                        "origin": "TfIdfModel",
                        "confidenceScore": 0.05222549670712788
                    }
                ],
                "modelIds": null
            },
            {
                "id": "HN67436",
                "label": {
                    "uri": "HN67436"
                },
                "type": "ColumnNode",
                "hNodeId": "HN67436",
                "columnName": "artist_appellation_uri",
                "rdfLiteralType": null,
                "userSemanticTypes": [
                    {
                        "hNodeId": "HN67436",
                        "domain": {
                            "uri": "http://erlangen-crm.org/current/E82_Actor_Appellation"
                        },
                        "type": {
                            "uri": "http://isi.edu/integration/karma/dev#classLink"
                        },
                        "origin": "User",
                        "confidenceScore": 1.0
                    }
                ],
                "learnedSemanticTypes": [
                    {
                        "hNodeId": "HN67436",
                        "domain": {
                            "uri": "http://erlangen-crm.org/current/E82_Actor_Appellation"
                        },
                        "type": {
                            "uri": "http://isi.edu/integration/karma/dev#classLink"
                        },
                        "origin": "TfIdfModel",
                        "confidenceScore": 0.7079509405248381
                    },
                    {
                        "hNodeId": "HN67436",
                        "domain": {
                            "uri": "http://erlangen-crm.org/current/E21_Person"
                        },
                        "type": {
                            "uri": "http://isi.edu/integration/karma/dev#classLink"
                        },
                        "origin": "TfIdfModel",
                        "confidenceScore": 0.20891779448521616
                    },
                    {
                        "hNodeId": "HN67436",
                        "domain": {
                            "uri": "http://erlangen-crm.org/current/E67_Birth"
                        },
                        "type": {
                            "uri": "http://isi.edu/integration/karma/dev#classLink"
                        },
                        "origin": "TfIdfModel",
                        "confidenceScore": 0.05509920586990358
                    },
                    {
                        "hNodeId": "HN67436",
                        "domain": {
                            "uri": "http://erlangen-crm.org/current/E69_Death"
                        },
                        "type": {
                            "uri": "http://isi.edu/integration/karma/dev#classLink"
                        },
                        "origin": "TfIdfModel",
                        "confidenceScore": 0.028032059120042113
                    }
                ],
                "modelIds": null
            },
            {
                "id": "HN42846",
                "label": {
                    "uri": "HN42846"
                },
                "type": "ColumnNode",
                "hNodeId": "HN42846",
                "columnName": "dimensions_inch",
                "rdfLiteralType": null,
                "userSemanticTypes": [
                    {
                        "hNodeId": "HN42846",
                        "domain": {
                            "uri": "http://erlangen-crm.org/current/E54_Dimension"
                        },
                        "type": {
                            "uri": "http://erlangen-crm.org/current/P3_has_note"
                        },
                        "origin": "User",
                        "confidenceScore": 1.0
                    }
                ],
                "learnedSemanticTypes": [
                    {
                        "hNodeId": "HN42846",
                        "domain": {
                            "uri": "http://erlangen-crm.org/current/E54_Dimension"
                        },
                        "type": {
                            "uri": "http://erlangen-crm.org/current/P3_has_note"
                        },
                        "origin": "TfIdfModel",
                        "confidenceScore": 0.660864831772153
                    },
                    {
                        "hNodeId": "HN42846",
                        "domain": {
                            "uri": "http://erlangen-crm.org/current/E34_Inscription"
                        },
                        "type": {
                            "uri": "http://erlangen-crm.org/current/P3_has_note"
                        },
                        "origin": "TfIdfModel",
                        "confidenceScore": 0.14113077991686504
                    },
                    {
                        "hNodeId": "HN42846",
                        "domain": {
                            "uri": "http://erlangen-crm.org/current/E12_Production"
                        },
                        "type": {
                            "uri": "http://erlangen-crm.org/current/P3_has_note"
                        },
                        "origin": "TfIdfModel",
                        "confidenceScore": 0.10026286207231638
                    },
                    {
                        "hNodeId": "HN42846",
                        "domain": {
                            "uri": "http://erlangen-crm.org/current/E22_Man-Made_Object"
                        },
                        "type": {
                            "uri": "http://erlangen-crm.org/current/P3_has_note"
                        },
                        "origin": "TfIdfModel",
                        "confidenceScore": 0.09774152623866558
                    }
                ],
                "modelIds": null
            },
            {
                "id": "HN42833",
                "label": {
                    "uri": "HN42833"
                },
                "type": "ColumnNode",
                "hNodeId": "HN42833",
                "columnName": "name",
                "rdfLiteralType": null,
                "userSemanticTypes": [
                    {
                        "hNodeId": "HN42833",
                        "domain": {
                            "uri": "http://erlangen-crm.org/current/E82_Actor_Appellation"
                        },
                        "type": {
                            "uri": "http://www.w3.org/2000/01/rdf-schema#label"
                        },
                        "origin": "User",
                        "confidenceScore": 1.0
                    }
                ],
                "learnedSemanticTypes": [
                    {
                        "hNodeId": "HN42833",
                        "domain": {
                            "uri": "http://erlangen-crm.org/current/E82_Actor_Appellation"
                        },
                        "type": {
                            "uri": "http://www.w3.org/2000/01/rdf-schema#label"
                        },
                        "origin": "TfIdfModel",
                        "confidenceScore": 0.7024621275605919
                    },
                    {
                        "hNodeId": "HN42833",
                        "domain": {
                            "uri": "http://erlangen-crm.org/current/E8_Acquisition"
                        },
                        "type": {
                            "uri": "http://erlangen-crm.org/current/P3_has_note"
                        },
                        "origin": "TfIdfModel",
                        "confidenceScore": 0.10343378054370443
                    },
                    {
                        "hNodeId": "HN42833",
                        "domain": {
                            "uri": "http://erlangen-crm.org/current/E22_Man-Made_Object"
                        },
                        "type": {
                            "uri": "http://erlangen-crm.org/current/P3_has_note"
                        },
                        "origin": "TfIdfModel",
                        "confidenceScore": 0.10218926974389995
                    },
                    {
                        "hNodeId": "HN42833",
                        "domain": {
                            "uri": "http://erlangen-crm.org/current/E73_Information_Object"
                        },
                        "type": {
                            "uri": "http://erlangen-crm.org/current/P3_has_note"
                        },
                        "origin": "TfIdfModel",
                        "confidenceScore": 0.09191482215180365
                    }
                ],
                "modelIds": null
            },
            {
                "id": "HN42865",
                "label": {
                    "uri": "HN42865"
                },
                "type": "ColumnNode",
                "hNodeId": "HN42865",
                "columnName": "description",
                "rdfLiteralType": null,
                "userSemanticTypes": [
                    {
                        "hNodeId": "HN42865",
                        "domain": {
                            "uri": "http://erlangen-crm.org/current/E22_Man-Made_Object"
                        },
                        "type": {
                            "uri": "http://erlangen-crm.org/current/P3_has_note"
                        },
                        "origin": "User",
                        "confidenceScore": 1.0
                    }
                ],
                "learnedSemanticTypes": [
                    {
                        "hNodeId": "HN42865",
                        "domain": {
                            "uri": "http://erlangen-crm.org/current/E33_Linguistic_Object"
                        },
                        "type": {
                            "uri": "http://erlangen-crm.org/current/P3_has_note"
                        },
                        "origin": "TfIdfModel",
                        "confidenceScore": 0.3243548424861387
                    },
                    {
                        "hNodeId": "HN42865",
                        "domain": {
                            "uri": "http://erlangen-crm.org/current/E22_Man-Made_Object"
                        },
                        "type": {
                            "uri": "http://erlangen-crm.org/current/P3_has_note"
                        },
                        "origin": "TfIdfModel",
                        "confidenceScore": 0.3048889670544587
                    },
                    {
                        "hNodeId": "HN42865",
                        "domain": {
                            "uri": "http://erlangen-crm.org/current/E52_Time-Span"
                        },
                        "type": {
                            "uri": "http://erlangen-crm.org/current/P82b_end_of_the_end"
                        },
                        "origin": "TfIdfModel",
                        "confidenceScore": 0.2387336972928806
                    },
                    {
                        "hNodeId": "HN42865",
                        "domain": {
                            "uri": "http://erlangen-crm.org/current/E52_Time-Span"
                        },
                        "type": {
                            "uri": "http://erlangen-crm.org/current/P82a_begin_of_the_begin"
                        },
                        "origin": "TfIdfModel",
                        "confidenceScore": 0.13202249316652195
                    }
                ],
                "modelIds": null
            },
            {
                "id": "HN64876",
                "label": {
                    "uri": "HN64876"
                },
                "type": "ColumnNode",
                "hNodeId": "HN64876",
                "columnName": "artist_URI",
                "rdfLiteralType": null,
                "userSemanticTypes": [
                    {
                        "hNodeId": "HN64876",
                        "domain": {
                            "uri": "http://erlangen-crm.org/current/E21_Person"
                        },
                        "type": {
                            "uri": "http://isi.edu/integration/karma/dev#classLink"
                        },
                        "origin": "User",
                        "confidenceScore": 1.0
                    }
                ],
                "learnedSemanticTypes": [
                    {
                        "hNodeId": "HN64876",
                        "domain": {
                            "uri": "http://erlangen-crm.org/current/E82_Actor_Appellation"
                        },
                        "type": {
                            "uri": "http://isi.edu/integration/karma/dev#classLink"
                        },
                        "origin": "TfIdfModel",
                        "confidenceScore": 0.33770985363278627
                    },
                    {
                        "hNodeId": "HN64876",
                        "domain": {
                            "uri": "http://erlangen-crm.org/current/E67_Birth"
                        },
                        "type": {
                            "uri": "http://isi.edu/integration/karma/dev#classLink"
                        },
                        "origin": "TfIdfModel",
                        "confidenceScore": 0.27383303658279917
                    },
                    {
                        "hNodeId": "HN64876",
                        "domain": {
                            "uri": "http://erlangen-crm.org/current/E21_Person"
                        },
                        "type": {
                            "uri": "http://isi.edu/integration/karma/dev#classLink"
                        },
                        "origin": "TfIdfModel",
                        "confidenceScore": 0.2463482325338777
                    },
                    {
                        "hNodeId": "HN64876",
                        "domain": {
                            "uri": "http://erlangen-crm.org/current/E69_Death"
                        },
                        "type": {
                            "uri": "http://isi.edu/integration/karma/dev#classLink"
                        },
                        "origin": "TfIdfModel",
                        "confidenceScore": 0.14210887725053684
                    }
                ],
                "modelIds": null
            },
            {
                "id": "HN42867",
                "label": {
                    "uri": "HN42867"
                },
                "type": "ColumnNode",
                "hNodeId": "HN42867",
                "columnName": "image_url",
                "rdfLiteralType": null,
                "userSemanticTypes": [
                    {
                        "hNodeId": "HN42867",
                        "domain": {
                            "uri": "http://erlangen-crm.org/current/E38_Image"
                        },
                        "type": {
                            "uri": "http://isi.edu/integration/karma/dev#classLink"
                        },
                        "origin": "User",
                        "confidenceScore": 1.0
                    }
                ],
                "learnedSemanticTypes": [
                    {
                        "hNodeId": "HN42867",
                        "domain": {
                            "uri": "http://erlangen-crm.org/current/E38_Image"
                        },
                        "type": {
                            "uri": "http://isi.edu/integration/karma/dev#classLink"
                        },
                        "origin": "TfIdfModel",
                        "confidenceScore": 0.5855929161785383
                    },
                    {
                        "hNodeId": "HN42867",
                        "domain": {
                            "uri": "http://erlangen-crm.org/current/E53_Place"
                        },
                        "type": {
                            "uri": "http://isi.edu/integration/karma/dev#classLink"
                        },
                        "origin": "TfIdfModel",
                        "confidenceScore": 0.1456699341762374
                    },
                    {
                        "hNodeId": "HN42867",
                        "domain": {
                            "uri": "http://erlangen-crm.org/current/E22_Man-Made_Object"
                        },
                        "type": {
                            "uri": "http://isi.edu/integration/karma/dev#classLink"
                        },
                        "origin": "TfIdfModel",
                        "confidenceScore": 0.13629415324701752
                    },
                    {
                        "hNodeId": "HN42867",
                        "domain": {
                            "uri": "http://erlangen-crm.org/current/E67_Birth"
                        },
                        "type": {
                            "uri": "http://isi.edu/integration/karma/dev#classLink"
                        },
                        "origin": "TfIdfModel",
                        "confidenceScore": 0.1324429963982068
                    }
                ],
                "modelIds": null
            },
            {
                "id": "HN65729",
                "label": {
                    "uri": "HN65729"
                },
                "type": "ColumnNode",
                "hNodeId": "HN65729",
                "columnName": "object_uri",
                "rdfLiteralType": null,
                "userSemanticTypes": [
                    {
                        "hNodeId": "HN65729",
                        "domain": {
                            "uri": "http://erlangen-crm.org/current/E22_Man-Made_Object"
                        },
                        "type": {
                            "uri": "http://isi.edu/integration/karma/dev#classLink"
                        },
                        "origin": "User",
                        "confidenceScore": 1.0
                    }
                ],
                "learnedSemanticTypes": [
                    {
                        "hNodeId": "HN65729",
                        "domain": {
                            "uri": "http://erlangen-crm.org/current/E22_Man-Made_Object"
                        },
                        "type": {
                            "uri": "http://isi.edu/integration/karma/dev#classLink"
                        },
                        "origin": "TfIdfModel",
                        "confidenceScore": 0.3203370023439523
                    },
                    {
                        "hNodeId": "HN65729",
                        "domain": {
                            "uri": "http://erlangen-crm.org/current/E82_Actor_Appellation"
                        },
                        "type": {
                            "uri": "http://www.w3.org/2000/01/rdf-schema#label"
                        },
                        "origin": "TfIdfModel",
                        "confidenceScore": 0.2889036123763106
                    },
                    {
                        "hNodeId": "HN65729",
                        "domain": {
                            "uri": "http://erlangen-crm.org/current/E8_Acquisition"
                        },
                        "type": {
                            "uri": "http://erlangen-crm.org/current/P3_has_note"
                        },
                        "origin": "TfIdfModel",
                        "confidenceScore": 0.21984170481499668
                    },
                    {
                        "hNodeId": "HN65729",
                        "domain": {
                            "uri": "http://erlangen-crm.org/current/E38_Image"
                        },
                        "type": {
                            "uri": "http://isi.edu/integration/karma/dev#classLink"
                        },
                        "origin": "TfIdfModel",
                        "confidenceScore": 0.1709176804647404
                    }
                ],
                "modelIds": null
            },
            {
                "id": "HN42859",
                "label": {
                    "uri": "HN42859"
                },
                "type": "ColumnNode",
                "hNodeId": "HN42859",
                "columnName": "medium",
                "rdfLiteralType": null,
                "userSemanticTypes": [
                    {
                        "hNodeId": "HN42859",
                        "domain": {
                            "uri": "http://erlangen-crm.org/current/E55_Type"
                        },
                        "type": {
                            "uri": "http://www.w3.org/2000/01/rdf-schema#label"
                        },
                        "origin": "User",
                        "confidenceScore": 1.0
                    }
                ],
                "learnedSemanticTypes": [
                    {
                        "hNodeId": "HN42859",
                        "domain": {
                            "uri": "http://erlangen-crm.org/current/E55_Type"
                        },
                        "type": {
                            "uri": "http://www.w3.org/2000/01/rdf-schema#label"
                        },
                        "origin": "TfIdfModel",
                        "confidenceScore": 0.3512483818631229
                    },
                    {
                        "hNodeId": "HN42859",
                        "domain": {
                            "uri": "http://erlangen-crm.org/current/E29_Design_or_Procedure"
                        },
                        "type": {
                            "uri": "http://erlangen-crm.org/current/P3_has_note"
                        },
                        "origin": "TfIdfModel",
                        "confidenceScore": 0.24267517952750153
                    },
                    {
                        "hNodeId": "HN42859",
                        "domain": {
                            "uri": "http://erlangen-crm.org/current/E12_Production"
                        },
                        "type": {
                            "uri": "http://erlangen-crm.org/current/P3_has_note"
                        },
                        "origin": "TfIdfModel",
                        "confidenceScore": 0.20789862627872635
                    },
                    {
                        "hNodeId": "HN42859",
                        "domain": {
                            "uri": "http://erlangen-crm.org/current/E57_Material"
                        },
                        "type": {
                            "uri": "http://www.w3.org/2000/01/rdf-schema#label"
                        },
                        "origin": "TfIdfModel",
                        "confidenceScore": 0.19817781233064918
                    }
                ],
                "modelIds": null
            },
            {
                "id": "HN64009",
                "label": {
                    "uri": "HN64009"
                },
                "type": "ColumnNode",
                "hNodeId": "HN64009",
                "columnName": "Nationality_URI",
                "rdfLiteralType": null,
                "userSemanticTypes": [
                    {
                        "hNodeId": "HN64009",
                        "domain": {
                            "uri": "http://erlangen-crm.org/current/E74_Group"
                        },
                        "type": {
                            "uri": "http://isi.edu/integration/karma/dev#classLink"
                        },
                        "origin": "User",
                        "confidenceScore": 1.0
                    }
                ],
                "learnedSemanticTypes": [
                    {
                        "hNodeId": "HN64009",
                        "domain": {
                            "uri": "http://erlangen-crm.org/current/E74_Group"
                        },
                        "type": {
                            "uri": "http://isi.edu/integration/karma/dev#classLink"
                        },
                        "origin": "TfIdfModel",
                        "confidenceScore": 0.7151137713001813
                    },
                    {
                        "hNodeId": "HN64009",
                        "domain": {
                            "uri": "http://erlangen-crm.org/current/E55_Type"
                        },
                        "type": {
                            "uri": "http://isi.edu/integration/karma/dev#classLink"
                        },
                        "origin": "TfIdfModel",
                        "confidenceScore": 0.16405298406875607
                    },
                    {
                        "hNodeId": "HN64009",
                        "domain": {
                            "uri": "http://erlangen-crm.org/current/E57_Material"
                        },
                        "type": {
                            "uri": "http://isi.edu/integration/karma/dev#classLink"
                        },
                        "origin": "TfIdfModel",
                        "confidenceScore": 0.08274038205126587
                    },
                    {
                        "hNodeId": "HN64009",
                        "domain": {
                            "uri": "http://erlangen-crm.org/current/E55_Type"
                        },
                        "type": {
                            "uri": "http://www.w3.org/2000/01/rdf-schema#label"
                        },
                        "origin": "TfIdfModel",
                        "confidenceScore": 0.03809286257979679
                    }
                ],
                "modelIds": null
            },
            {
                "id": "HN42839",
                "label": {
                    "uri": "HN42839"
                },
                "type": "ColumnNode",
                "hNodeId": "HN42839",
                "columnName": "death_date",
                "rdfLiteralType": null,
                "userSemanticTypes": [
                    {
                        "hNodeId": "HN42839",
                        "domain": {
                            "uri": "http://erlangen-crm.org/current/E52_Time-Span"
                        },
                        "type": {
                            "uri": "http://erlangen-crm.org/current/P82_at_some_time_within"
                        },
                        "origin": "User",
                        "confidenceScore": 1.0
                    }
                ],
                "learnedSemanticTypes": [
                    {
                        "hNodeId": "HN42839",
                        "domain": {
                            "uri": "http://erlangen-crm.org/current/E52_Time-Span"
                        },
                        "type": {
                            "uri": "http://erlangen-crm.org/current/P82b_end_of_the_end"
                        },
                        "origin": "TfIdfModel",
                        "confidenceScore": 0.44580489050185673
                    },
                    {
                        "hNodeId": "HN42839",
                        "domain": {
                            "uri": "http://erlangen-crm.org/current/E52_Time-Span"
                        },
                        "type": {
                            "uri": "http://erlangen-crm.org/current/P82_at_some_time_within"
                        },
                        "origin": "TfIdfModel",
                        "confidenceScore": 0.3252298025080295
                    },
                    {
                        "hNodeId": "HN42839",
                        "domain": {
                            "uri": "http://erlangen-crm.org/current/E52_Time-Span"
                        },
                        "type": {
                            "uri": "http://erlangen-crm.org/current/P82a_begin_of_the_begin"
                        },
                        "origin": "TfIdfModel",
                        "confidenceScore": 0.16051451898149469
                    },
                    {
                        "hNodeId": "HN42839",
                        "domain": {
                            "uri": "http://erlangen-crm.org/current/E33_Linguistic_Object"
                        },
                        "type": {
                            "uri": "http://erlangen-crm.org/current/P3_has_note"
                        },
                        "origin": "TfIdfModel",
                        "confidenceScore": 0.06845078800861902
                    }
                ],
                "modelIds": null
            },
            {
                "id": "HN68303",
                "label": {
                    "uri": "HN68303"
                },
                "type": "ColumnNode",
                "hNodeId": "HN68303",
                "columnName": "Birth_URI",
                "rdfLiteralType": null,
                "userSemanticTypes": [
                    {
                        "hNodeId": "HN68303",
                        "domain": {
                            "uri": "http://erlangen-crm.org/current/E67_Birth"
                        },
                        "type": {
                            "uri": "http://isi.edu/integration/karma/dev#classLink"
                        },
                        "origin": "User",
                        "confidenceScore": 1.0
                    }
                ],
                "learnedSemanticTypes": [
                    {
                        "hNodeId": "HN68303",
                        "domain": {
                            "uri": "http://erlangen-crm.org/current/E67_Birth"
                        },
                        "type": {
                            "uri": "http://isi.edu/integration/karma/dev#classLink"
                        },
                        "origin": "TfIdfModel",
                        "confidenceScore": 0.5717679777832795
                    },
                    {
                        "hNodeId": "HN68303",
                        "domain": {
                            "uri": "http://erlangen-crm.org/current/E82_Actor_Appellation"
                        },
                        "type": {
                            "uri": "http://isi.edu/integration/karma/dev#classLink"
                        },
                        "origin": "TfIdfModel",
                        "confidenceScore": 0.18052223938107342
                    },
                    {
                        "hNodeId": "HN68303",
                        "domain": {
                            "uri": "http://erlangen-crm.org/current/E21_Person"
                        },
                        "type": {
                            "uri": "http://isi.edu/integration/karma/dev#classLink"
                        },
                        "origin": "TfIdfModel",
                        "confidenceScore": 0.1287789885226922
                    },
                    {
                        "hNodeId": "HN68303",
                        "domain": {
                            "uri": "http://erlangen-crm.org/current/E69_Death"
                        },
                        "type": {
                            "uri": "http://isi.edu/integration/karma/dev#classLink"
                        },
                        "origin": "TfIdfModel",
                        "confidenceScore": 0.11893079431295492
                    }
                ],
                "modelIds": null
            },
            {
                "id": "HN42837",
                "label": {
                    "uri": "HN42837"
                },
                "type": "ColumnNode",
                "hNodeId": "HN42837",
                "columnName": "birth_date",
                "rdfLiteralType": null,
                "userSemanticTypes": [
                    {
                        "hNodeId": "HN42837",
                        "domain": {
                            "uri": "http://erlangen-crm.org/current/E52_Time-Span"
                        },
                        "type": {
                            "uri": "http://erlangen-crm.org/current/P82_at_some_time_within"
                        },
                        "origin": "User",
                        "confidenceScore": 1.0
                    }
                ],
                "learnedSemanticTypes": [
                    {
                        "hNodeId": "HN42837",
                        "domain": {
                            "uri": "http://erlangen-crm.org/current/E52_Time-Span"
                        },
                        "type": {
                            "uri": "http://erlangen-crm.org/current/P82a_begin_of_the_begin"
                        },
                        "origin": "TfIdfModel",
                        "confidenceScore": 0.43094325111061077
                    },
                    {
                        "hNodeId": "HN42837",
                        "domain": {
                            "uri": "http://erlangen-crm.org/current/E52_Time-Span"
                        },
                        "type": {
                            "uri": "http://erlangen-crm.org/current/P82_at_some_time_within"
                        },
                        "origin": "TfIdfModel",
                        "confidenceScore": 0.35053783402684446
                    },
                    {
                        "hNodeId": "HN42837",
                        "domain": {
                            "uri": "http://erlangen-crm.org/current/E52_Time-Span"
                        },
                        "type": {
                            "uri": "http://erlangen-crm.org/current/P82b_end_of_the_end"
                        },
                        "origin": "TfIdfModel",
                        "confidenceScore": 0.1658128439874464
                    },
                    {
                        "hNodeId": "HN42837",
                        "domain": {
                            "uri": "http://erlangen-crm.org/current/E33_Linguistic_Object"
                        },
                        "type": {
                            "uri": "http://erlangen-crm.org/current/P3_has_note"
                        },
                        "origin": "TfIdfModel",
                        "confidenceScore": 0.05270607087509838
                    }
                ],
                "modelIds": null
            },
            {
                "id": "HN66580",
                "label": {
                    "uri": "HN66580"
                },
                "type": "ColumnNode",
                "hNodeId": "HN66580",
                "columnName": "medium_uri",
                "rdfLiteralType": null,
                "userSemanticTypes": [
                    {
                        "hNodeId": "HN66580",
                        "domain": {
                            "uri": "http://erlangen-crm.org/current/E55_Type"
                        },
                        "type": {
                            "uri": "http://isi.edu/integration/karma/dev#classLink"
                        },
                        "origin": "User",
                        "confidenceScore": 1.0
                    }
                ],
                "learnedSemanticTypes": [
                    {
                        "hNodeId": "HN66580",
                        "domain": {
                            "uri": "http://erlangen-crm.org/current/E55_Type"
                        },
                        "type": {
                            "uri": "http://isi.edu/integration/karma/dev#classLink"
                        },
                        "origin": "TfIdfModel",
                        "confidenceScore": 0.41900017940052764
                    },
                    {
                        "hNodeId": "HN66580",
                        "domain": {
                            "uri": "http://erlangen-crm.org/current/E57_Material"
                        },
                        "type": {
                            "uri": "http://isi.edu/integration/karma/dev#classLink"
                        },
                        "origin": "TfIdfModel",
                        "confidenceScore": 0.3005319618335117
                    },
                    {
                        "hNodeId": "HN66580",
                        "domain": {
                            "uri": "http://erlangen-crm.org/current/E74_Group"
                        },
                        "type": {
                            "uri": "http://isi.edu/integration/karma/dev#classLink"
                        },
                        "origin": "TfIdfModel",
                        "confidenceScore": 0.2394297788343781
                    },
                    {
                        "hNodeId": "HN66580",
                        "domain": {
                            "uri": "http://erlangen-crm.org/current/E55_Type"
                        },
                        "type": {
                            "uri": "http://www.w3.org/2000/01/rdf-schema#label"
                        },
                        "origin": "TfIdfModel",
                        "confidenceScore": 0.0410380799315825
                    }
                ],
                "modelIds": null
            }
        ],
        "links": [
            {
                "id": "http://erlangen-crm.org/current/E12_Production1---http://erlangen-crm.org/current/P14_carried_out_by---http://erlangen-crm.org/current/E21_Person1",
                "weight": 0.009999999776482582,
                "type": "ObjectPropertyLink",
                "label": {
                    "uri": "http://erlangen-crm.org/current/P14_carried_out_by"
                },
                "objectPropertyType": "None",
                "status": "ForcedByUser",
                "keyInfo": "None",
                "modelIds": null
            },
            {
                "id": "http://erlangen-crm.org/current/E12_Production1---http://erlangen-crm.org/current/P4_has_time-span---http://erlangen-crm.org/current/E52_Time-Span3",
                "weight": 0.009999999776482582,
                "type": "ObjectPropertyLink",
                "label": {
                    "uri": "http://erlangen-crm.org/current/P4_has_time-span"
                },
                "objectPropertyType": "None",
                "status": "ForcedByUser",
                "keyInfo": "None",
                "modelIds": null
            },
            {
                "id": "http://erlangen-crm.org/current/E12_Production1---http://erlangen-crm.org/current/P32_used_general_technique---http://erlangen-crm.org/current/E55_Type1",
                "weight": 0.009999999776482582,
                "type": "ObjectPropertyLink",
                "label": {
                    "uri": "http://erlangen-crm.org/current/P32_used_general_technique"
                },
                "objectPropertyType": "None",
                "status": "ForcedByUser",
                "keyInfo": "None",
                "modelIds": null
            },
            {
                "id": "http://erlangen-crm.org/current/E21_Person1---http://erlangen-crm.org/current/P98i_was_born---http://erlangen-crm.org/current/E67_Birth1",
                "weight": 0.009999999776482582,
                "type": "ObjectPropertyLink",
                "label": {
                    "uri": "http://erlangen-crm.org/current/P98i_was_born"
                },
                "objectPropertyType": "None",
                "status": "ForcedByUser",
                "keyInfo": "None",
                "modelIds": null
            },
            {
                "id": "http://erlangen-crm.org/current/E21_Person1---http://erlangen-crm.org/current/P100i_died_in---http://erlangen-crm.org/current/E69_Death1",
                "weight": 0.009999999776482582,
                "type": "ObjectPropertyLink",
                "label": {
                    "uri": "http://erlangen-crm.org/current/P100i_died_in"
                },
                "objectPropertyType": "None",
                "status": "ForcedByUser",
                "keyInfo": "None",
                "modelIds": null
            },
            {
                "id": "http://erlangen-crm.org/current/E21_Person1---http://erlangen-crm.org/current/P107i_is_current_or_former_member_of---http://erlangen-crm.org/current/E74_Group1",
                "weight": 0.009999999776482582,
                "type": "ObjectPropertyLink",
                "label": {
                    "uri": "http://erlangen-crm.org/current/P107i_is_current_or_former_member_of"
                },
                "objectPropertyType": "None",
                "status": "ForcedByUser",
                "keyInfo": "None",
                "modelIds": null
            },
            {
                "id": "http://erlangen-crm.org/current/E21_Person1---http://erlangen-crm.org/current/P131_is_identified_by---http://erlangen-crm.org/current/E82_Actor_Appellation1",
                "weight": 0.009999999776482582,
                "type": "ObjectPropertyLink",
                "label": {
                    "uri": "http://erlangen-crm.org/current/P131_is_identified_by"
                },
                "objectPropertyType": "None",
                "status": "ForcedByUser",
                "keyInfo": "None",
                "modelIds": null
            },
            {
                "id": "http://erlangen-crm.org/current/E22_Man-Made_Object1---http://erlangen-crm.org/current/P108i_was_produced_by---http://erlangen-crm.org/current/E12_Production1",
                "weight": 0.009999999776482582,
                "type": "ObjectPropertyLink",
                "label": {
                    "uri": "http://erlangen-crm.org/current/P108i_was_produced_by"
                },
                "objectPropertyType": "None",
                "status": "ForcedByUser",
                "keyInfo": "None",
                "modelIds": null
            },
            {
                "id": "http://erlangen-crm.org/current/E22_Man-Made_Object1---http://erlangen-crm.org/current/P102_has_title---http://erlangen-crm.org/current/E35_Title1",
                "weight": 0.009999999776482582,
                "type": "ObjectPropertyLink",
                "label": {
                    "uri": "http://erlangen-crm.org/current/P102_has_title"
                },
                "objectPropertyType": "None",
                "status": "ForcedByUser",
                "keyInfo": "None",
                "modelIds": null
            },
            {
                "id": "http://erlangen-crm.org/current/E22_Man-Made_Object1---http://erlangen-crm.org/current/P43_has_dimension---http://erlangen-crm.org/current/E54_Dimension1",
                "weight": 0.009999999776482582,
                "type": "ObjectPropertyLink",
                "label": {
                    "uri": "http://erlangen-crm.org/current/P43_has_dimension"
                },
                "objectPropertyType": "None",
                "status": "ForcedByUser",
                "keyInfo": "None",
                "modelIds": null
            },
            {
                "id": "http://erlangen-crm.org/current/E22_Man-Made_Object1---http://erlangen-crm.org/current/P24i_changed_ownership_through---http://erlangen-crm.org/current/E8_Acquisition1",
                "weight": 0.009999999776482582,
                "type": "ObjectPropertyLink",
                "label": {
                    "uri": "http://erlangen-crm.org/current/P24i_changed_ownership_through"
                },
                "objectPropertyType": "None",
                "status": "ForcedByUser",
                "keyInfo": "None",
                "modelIds": null
            },
            {
                "id": "http://erlangen-crm.org/current/E38_Image1---http://erlangen-crm.org/current/P138_represents---http://erlangen-crm.org/current/E22_Man-Made_Object1",
                "weight": 0.009999999776482582,
                "type": "ObjectPropertyLink",
                "label": {
                    "uri": "http://erlangen-crm.org/current/P138_represents"
                },
                "objectPropertyType": "None",
                "status": "ForcedByUser",
                "keyInfo": "None",
                "modelIds": null
            },
            {
                "id": "http://erlangen-crm.org/current/E67_Birth1---http://erlangen-crm.org/current/P4_has_time-span---http://erlangen-crm.org/current/E52_Time-Span1",
                "weight": 0.009999999776482582,
                "type": "ObjectPropertyLink",
                "label": {
                    "uri": "http://erlangen-crm.org/current/P4_has_time-span"
                },
                "objectPropertyType": "None",
                "status": "ForcedByUser",
                "keyInfo": "None",
                "modelIds": null
            },
            {
                "id": "http://erlangen-crm.org/current/E69_Death1---http://erlangen-crm.org/current/P4_has_time-span---http://erlangen-crm.org/current/E52_Time-Span2",
                "weight": 0.009999999776482582,
                "type": "ObjectPropertyLink",
                "label": {
                    "uri": "http://erlangen-crm.org/current/P4_has_time-span"
                },
                "objectPropertyType": "None",
                "status": "ForcedByUser",
                "keyInfo": "None",
                "modelIds": null
            },
            {
                "id": "http://erlangen-crm.org/current/E35_Title1---http://www.w3.org/2000/01/rdf-schema#label---HN42824",
                "weight": 0.01,
                "type": "DataPropertyLink",
                "label": {
                    "uri": "http://www.w3.org/2000/01/rdf-schema#label"
                },
                "status": "ForcedByUser",
                "keyInfo": "None",
                "modelIds": null
            },
            {
                "id": "http://erlangen-crm.org/current/E69_Death1---http://isi.edu/integration/karma/dev#classLink---HN69162",
                "weight": 0.01,
                "type": "ClassInstanceLink",
                "label": {
                    "uri": "http://isi.edu/integration/karma/dev#classLink"
                },
                "status": "ForcedByUser",
                "keyInfo": "UriOfInstance",
                "modelIds": null
            },
            {
                "id": "http://erlangen-crm.org/current/E8_Acquisition1---http://erlangen-crm.org/current/P3_has_note---HN42861",
                "weight": 0.01,
                "type": "DataPropertyLink",
                "label": {
                    "uri": "http://erlangen-crm.org/current/P3_has_note"
                },
                "status": "ForcedByUser",
                "keyInfo": "None",
                "modelIds": null
            },
            {
                "id": "http://erlangen-crm.org/current/E52_Time-Span3---http://erlangen-crm.org/current/P82_at_some_time_within---HN42826",
                "weight": 0.01,
                "type": "DataPropertyLink",
                "label": {
                    "uri": "http://erlangen-crm.org/current/P82_at_some_time_within"
                },
                "status": "ForcedByUser",
                "keyInfo": "None",
                "modelIds": null
            },
            {
                "id": "http://erlangen-crm.org/current/E74_Group1---http://www.w3.org/2000/01/rdf-schema#label---HN42835",
                "weight": 0.01,
                "type": "DataPropertyLink",
                "label": {
                    "uri": "http://www.w3.org/2000/01/rdf-schema#label"
                },
                "status": "ForcedByUser",
                "keyInfo": "None",
                "modelIds": null
            },
            {
                "id": "http://erlangen-crm.org/current/E82_Actor_Appellation1---http://isi.edu/integration/karma/dev#classLink---HN67436",
                "weight": 0.01,
                "type": "ClassInstanceLink",
                "label": {
                    "uri": "http://isi.edu/integration/karma/dev#classLink"
                },
                "status": "ForcedByUser",
                "keyInfo": "UriOfInstance",
                "modelIds": null
            },
            {
                "id": "http://erlangen-crm.org/current/E54_Dimension1---http://erlangen-crm.org/current/P3_has_note---HN42846",
                "weight": 0.01,
                "type": "DataPropertyLink",
                "label": {
                    "uri": "http://erlangen-crm.org/current/P3_has_note"
                },
                "status": "ForcedByUser",
                "keyInfo": "None",
                "modelIds": null
            },
            {
                "id": "http://erlangen-crm.org/current/E82_Actor_Appellation1---http://www.w3.org/2000/01/rdf-schema#label---HN42833",
                "weight": 0.01,
                "type": "DataPropertyLink",
                "label": {
                    "uri": "http://www.w3.org/2000/01/rdf-schema#label"
                },
                "status": "ForcedByUser",
                "keyInfo": "None",
                "modelIds": null
            },
            {
                "id": "http://erlangen-crm.org/current/E22_Man-Made_Object1---http://erlangen-crm.org/current/P3_has_note---HN42865",
                "weight": 0.01,
                "type": "DataPropertyLink",
                "label": {
                    "uri": "http://erlangen-crm.org/current/P3_has_note"
                },
                "status": "ForcedByUser",
                "keyInfo": "None",
                "modelIds": null
            },
            {
                "id": "http://erlangen-crm.org/current/E21_Person1---http://isi.edu/integration/karma/dev#classLink---HN64876",
                "weight": 0.01,
                "type": "ClassInstanceLink",
                "label": {
                    "uri": "http://isi.edu/integration/karma/dev#classLink"
                },
                "status": "ForcedByUser",
                "keyInfo": "UriOfInstance",
                "modelIds": null
            },
            {
                "id": "http://erlangen-crm.org/current/E38_Image1---http://isi.edu/integration/karma/dev#classLink---HN42867",
                "weight": 0.01,
                "type": "ClassInstanceLink",
                "label": {
                    "uri": "http://isi.edu/integration/karma/dev#classLink"
                },
                "status": "ForcedByUser",
                "keyInfo": "UriOfInstance",
                "modelIds": null
            },
            {
                "id": "http://erlangen-crm.org/current/E22_Man-Made_Object1---http://isi.edu/integration/karma/dev#classLink---HN65729",
                "weight": 0.01,
                "type": "ClassInstanceLink",
                "label": {
                    "uri": "http://isi.edu/integration/karma/dev#classLink"
                },
                "status": "ForcedByUser",
                "keyInfo": "UriOfInstance",
                "modelIds": null
            },
            {
                "id": "http://erlangen-crm.org/current/E55_Type1---http://www.w3.org/2000/01/rdf-schema#label---HN42859",
                "weight": 0.01,
                "type": "DataPropertyLink",
                "label": {
                    "uri": "http://www.w3.org/2000/01/rdf-schema#label"
                },
                "status": "ForcedByUser",
                "keyInfo": "None",
                "modelIds": null
            },
            {
                "id": "http://erlangen-crm.org/current/E74_Group1---http://isi.edu/integration/karma/dev#classLink---HN64009",
                "weight": 0.01,
                "type": "ClassInstanceLink",
                "label": {
                    "uri": "http://isi.edu/integration/karma/dev#classLink"
                },
                "status": "ForcedByUser",
                "keyInfo": "UriOfInstance",
                "modelIds": null
            },
            {
                "id": "http://erlangen-crm.org/current/E52_Time-Span2---http://erlangen-crm.org/current/P82_at_some_time_within---HN42839",
                "weight": 0.01,
                "type": "DataPropertyLink",
                "label": {
                    "uri": "http://erlangen-crm.org/current/P82_at_some_time_within"
                },
                "status": "ForcedByUser",
                "keyInfo": "None",
                "modelIds": null
            },
            {
                "id": "http://erlangen-crm.org/current/E67_Birth1---http://isi.edu/integration/karma/dev#classLink---HN68303",
                "weight": 0.01,
                "type": "ClassInstanceLink",
                "label": {
                    "uri": "http://isi.edu/integration/karma/dev#classLink"
                },
                "status": "ForcedByUser",
                "keyInfo": "UriOfInstance",
                "modelIds": null
            },
            {
                "id": "http://erlangen-crm.org/current/E52_Time-Span1---http://erlangen-crm.org/current/P82_at_some_time_within---HN42837",
                "weight": 0.01,
                "type": "DataPropertyLink",
                "label": {
                    "uri": "http://erlangen-crm.org/current/P82_at_some_time_within"
                },
                "status": "ForcedByUser",
                "keyInfo": "None",
                "modelIds": null
            },
            {
                "id": "http://erlangen-crm.org/current/E55_Type1---http://isi.edu/integration/karma/dev#classLink---HN66580",
                "weight": 0.01,
                "type": "ClassInstanceLink",
                "label": {
                    "uri": "http://isi.edu/integration/karma/dev#classLink"
                },
                "status": "ForcedByUser",
                "keyInfo": "UriOfInstance",
                "modelIds": null
            }
        ]
    }
}