{
    "id": "p1D2145C14-2900-E582-DB01-EE52867664BB",
    "length": 1,
    "frequency": "516",
    "graph": {
        "nodes": [
            {
                "id": "http://schema.org/Offer2",
                "label": {
                    "uri": "http://schema.org/Offer"
                },
                "type": "InternalNode",
                "modelIds": null
            },
            {
                "id": "http://schema.org/Offer1",
                "label": {
                    "uri": "http://schema.org/Offer"
                },
                "type": "InternalNode",
                "modelIds": null
            }
        ],
        "links": [
            {
                "id": "http://schema.org/Offer1---http://schema.org/relatedTo---http://schema.org/Offer2",
                "weight": 0.8615879828326181,
                "type": "ObjectPropertyLink",
                "label": {
                    "uri": "http://schema.org/relatedTo"
                },
                "objectPropertyType": "None",
                "status": "Normal",
                "keyInfo": "None",
                "modelIds": null
            }
        ]
    }
}