{
    "id": "p1E96198BE-AF39-8410-7DE0-C7CED22D4BFC",
    "length": 1,
    "frequency": "161",
    "graph": {
        "nodes": [
            {
                "id": "http://schema.dig.isi.edu/ontology/PersonOrOrganization1",
                "label": {
                    "uri": "http://schema.dig.isi.edu/ontology/PersonOrOrganization"
                },
                "type": "InternalNode",
                "modelIds": null
            },
            {
                "id": "http://schema.dig.isi.edu/ontology/Firearm1",
                "label": {
                    "uri": "http://schema.dig.isi.edu/ontology/Firearm"
                },
                "type": "InternalNode",
                "modelIds": null
            }
        ],
        "links": [
            {
                "id": "http://schema.dig.isi.edu/ontology/Firearm1---http://schema.org/manufacturer---http://schema.dig.isi.edu/ontology/PersonOrOrganization1",
                "weight": 0.9568133047210301,
                "type": "ObjectPropertyLink",
                "label": {
                    "uri": "http://schema.org/manufacturer"
                },
                "objectPropertyType": "None",
                "status": "Normal",
                "keyInfo": "None",
                "modelIds": null
            }
        ]
    }
}