source 	 p 	 r 	 t 

s01-cb.csv	1.0	0.64	0.436
s02-dma.csv	0.75	0.6	1.6
s03-ima-artists.xml	0.83	0.56	0.025
s04-ima-artworks.xml	0.83	0.56	0.307
s05-met.json	0.58	0.5	0.167
s06-npg.json	0.9	0.5	0.167
s07-s-13.json	0.83	0.56	0.196
s08-s-17-edited.xml	0.57	0.57	0.842
s09-s-18-artists.json	0.0	0.0	0.04
s10-s-18-artworks.json	0.8	0.8	0.176
s11-s-19-artists.json	0.29	0.33	0.088
s12-s-19-artworks.json	0.78	0.78	0.076
s13-s-art-institute-of-chicago.xml	0.7	0.54	0.085
s14-s-california-african-american.json	0.4	0.44	0.567
s15-s-detroit-institute-of-art.json	0.91	0.67	0.176
s16-s-hammer.xml	0.88	0.88	0.083
s17-s-houston-museum-of-fine-arts.json	1.0	0.71	0.114
s18-s-indianapolis-artists.xml	0.83	0.56	0.027
s19-s-indianapolis-artworks.xml	0.75	0.5	0.089
s20-s-lacma.xml	0.78	0.54	0.106
s21-s-met.json	0.9	0.64	0.129
s22-s-moca.xml	0.88	0.88	0.014
s23-s-national-portrait-gallery.json	1.0	0.47	0.037
s24-s-norton-simon.json	0.89	0.62	0.017
s25-s-oakland-museum-paintings.json	0.82	0.6	0.132
s26-s-san-francisco-moma.json	0.69	0.53	0.4
s27-s-the-huntington.json	1.0	0.71	0.114
s28-wildlife-art.csv	0.71	0.53	0.186
s29-gilcrease.csv	0.88	0.78	0.083
