source 	 p 	 r 	 t 

s01-cb.csv	0.86	0.55	0.447
s02-dma.csv	0.75	0.6	0.834
s03-ima-artists.xml	0.83	0.56	0.017
s04-ima-artworks.xml	0.83	0.56	0.132
s05-met.json	0.75	0.64	0.588
s06-npg.json	0.56	0.28	0.4
s07-s-13.json	0.83	0.56	0.201
s08-s-17-edited.xml	0.57	0.57	0.941
s09-s-18-artists.json	0.0	0.0	0.055
s10-s-18-artworks.json	0.7	0.7	0.084
s11-s-19-artists.json	0.29	0.33	0.109
s12-s-19-artworks.json	0.78	0.78	0.049
s13-s-art-institute-of-chicago.xml	0.6	0.46	0.364
s14-s-california-african-american.json	0.4	0.44	0.48
s15-s-detroit-institute-of-art.json	0.91	0.67	0.096
s16-s-hammer.xml	0.75	0.75	0.213
s17-s-houston-museum-of-fine-arts.json	0.8	0.57	0.31
s18-s-indianapolis-artists.xml	0.83	0.56	0.018
s19-s-indianapolis-artworks.xml	0.75	0.5	0.124
s20-s-lacma.xml	0.78	0.54	0.162
s21-s-met.json	0.9	0.64	0.347
s22-s-moca.xml	0.88	0.88	0.032
s23-s-national-portrait-gallery.json	0.5	0.21	0.078
s24-s-norton-simon.json	0.78	0.54	0.018
s25-s-oakland-museum-paintings.json	0.82	0.6	0.18
s26-s-san-francisco-moma.json	0.69	0.53	0.216
s27-s-the-huntington.json	0.8	0.57	0.194
s28-wildlife-art.csv	0.71	0.53	0.234
s29-gilcrease.csv	0.88	0.78	0.087
