source 	 p 	 r 	 t 

s01-cb.csv	0.46	0.55	0.998
s02-dma.csv	0.38	0.4	0.756
s03-ima-artists.xml	0.78	0.78	0.367
s04-ima-artworks.xml	0.33	0.39	2.255
s05-met.json	0.33	0.36	1.472
s06-npg.json	0.61	0.61	0.76
s07-s-13.json	0.4	0.44	1.901
s08-s-17-edited.xml	0.33	0.29	0.777
s09-s-18-artists.json	0.57	0.8	0.169
s10-s-18-artworks.json	0.55	0.6	2.245
s11-s-19-artists.json	0.43	0.5	0.825
s12-s-19-artworks.json	0.44	0.44	0.345
s13-s-art-institute-of-chicago.xml	0.64	0.69	0.713
s14-s-california-african-american.json	0.75	0.67	0.249
s15-s-detroit-institute-of-art.json	0.5	0.6	0.536
s16-s-hammer.xml	0.44	0.5	0.226
s17-s-houston-museum-of-fine-arts.json	0.62	0.71	0.73
s18-s-indianapolis-artists.xml	0.78	0.78	0.161
s19-s-indianapolis-artworks.xml	0.52	0.61	1.937
s20-s-lacma.xml	0.67	0.77	0.27
s21-s-met.json	0.53	0.57	0.257
s22-s-moca.xml	0.78	0.88	0.251
s23-s-national-portrait-gallery.json	0.42	0.42	0.466
s24-s-norton-simon.json	0.73	0.85	0.205
s25-s-oakland-museum-paintings.json	0.56	0.67	1.619
s26-s-san-francisco-moma.json	0.47	0.53	0.604
s27-s-the-huntington.json	0.62	0.71	0.291
s28-wildlife-art.csv	0.4	0.42	2.336
s29-gilcrease.csv	0.3	0.33	0.233
