source 	 p 	 r 	 t 

s01-cb.csv	1.0	1.0	1.121
s02-dma.csv	0.73	0.73	1.389
s03-ima-artists.xml	0.89	0.89	0.358
s04-ima-artworks.xml	0.78	0.78	0.922
s05-met.json	0.71	0.71	1.144
s06-npg.json	0.67	0.67	0.963
s07-s-13.json	0.63	0.67	0.71
s08-s-17-edited.xml	0.5	0.57	0.916
s09-s-18-artists.json	0.29	0.4	0.091
s10-s-18-artworks.json	0.7	0.7	0.899
s11-s-19-artists.json	0.33	0.33	0.512
s12-s-19-artworks.json	0.6	0.67	0.288
s13-s-art-institute-of-chicago.xml	0.92	0.92	0.489
s14-s-california-african-american.json	0.4	0.44	0.357
s15-s-detroit-institute-of-art.json	0.76	0.87	0.518
s16-s-hammer.xml	0.88	0.88	0.295
s17-s-houston-museum-of-fine-arts.json	0.86	0.86	0.47
s18-s-indianapolis-artists.xml	0.89	0.89	0.16
s19-s-indianapolis-artworks.xml	0.72	0.72	0.762
s20-s-lacma.xml	0.71	0.77	0.49
s21-s-met.json	0.79	0.79	0.511
s22-s-moca.xml	0.88	0.88	0.225
s23-s-national-portrait-gallery.json	0.76	0.68	1.205
s24-s-norton-simon.json	0.92	0.92	0.382
s25-s-oakland-museum-paintings.json	0.8	0.8	0.636
s26-s-san-francisco-moma.json	0.82	0.82	0.741
s27-s-the-huntington.json	0.8	0.86	0.483
s28-wildlife-art.csv	0.74	0.74	0.496
s29-gilcrease.csv	1.0	1.0	0.495
