source 	 p 	 r 	 t 

s01-cb.csv	0.86	0.55	2.349
s02-dma.csv	0.82	0.6	1.853
s03-ima-artists.xml	0.83	0.56	0.648
s04-ima-artworks.xml	0.75	0.5	3.319
s05-met.json	0.67	0.57	1.358
s06-npg.json	0.73	0.44	0.507
s07-s-13.json	0.75	0.5	2.452
s08-s-17-edited.xml	0.33	0.29	1.098
s09-s-18-artists.json	0.33	0.2	0.202
s10-s-18-artworks.json	0.6	0.6	1.702
s11-s-19-artists.json	0.8	0.67	0.318
s12-s-19-artworks.json	0.89	0.89	0.473
s13-s-art-institute-of-chicago.xml	0.8	0.62	0.62
s14-s-california-african-american.json	0.56	0.56	1.209
s15-s-detroit-institute-of-art.json	0.82	0.6	0.5
s16-s-hammer.xml	0.88	0.88	0.987
s17-s-houston-museum-of-fine-arts.json	0.9	0.64	0.583
s18-s-indianapolis-artists.xml	0.83	0.56	0.25
s19-s-indianapolis-artworks.xml	0.83	0.56	3.094
s20-s-lacma.xml	0.8	0.62	1.22
s21-s-met.json	0.9	0.64	0.616
s22-s-moca.xml	1.0	1.0	0.504
s23-s-national-portrait-gallery.json	0.73	0.42	0.485
s24-s-norton-simon.json	1.0	0.69	0.334
s25-s-oakland-museum-paintings.json	0.62	0.53	1.578
s26-s-san-francisco-moma.json	0.71	0.59	0.849
s27-s-the-huntington.json	0.9	0.64	0.632
s28-wildlife-art.csv	0.57	0.42	1.491
s29-gilcrease.csv	0.88	0.78	0.362
