source 	 p 	 r 	 t 

s01-cb.csv	0.67	0.91	1.188
s02-dma.csv	0.75	0.8	1.387
s03-ima-artists.xml	0.78	0.78	0.268
s04-ima-artworks.xml	0.48	0.56	0.752
s05-met.json	0.47	0.5	0.364
s06-npg.json	0.71	0.67	0.813
s07-s-13.json	0.76	0.72	0.326
s08-s-17-edited.xml	0.33	0.29	0.449
s09-s-18-artists.json	0.14	0.2	0.096
s10-s-18-artworks.json	0.64	0.7	0.805
s11-s-19-artists.json	0.29	0.33	0.501
s12-s-19-artworks.json	0.78	0.78	0.115
s13-s-art-institute-of-chicago.xml	0.67	0.77	0.162
s14-s-california-african-american.json	0.4	0.44	0.216
s15-s-detroit-institute-of-art.json	0.73	0.73	0.377
s16-s-hammer.xml	0.75	0.75	0.08
s17-s-houston-museum-of-fine-arts.json	0.79	0.79	0.25
s18-s-indianapolis-artists.xml	0.78	0.78	0.131
s19-s-indianapolis-artworks.xml	0.45	0.5	0.484
s20-s-lacma.xml	0.77	0.77	0.277
s21-s-met.json	0.79	0.79	0.275
s22-s-moca.xml	0.88	0.88	0.106
s23-s-national-portrait-gallery.json	0.58	0.58	0.525
s24-s-norton-simon.json	0.71	0.77	0.254
s25-s-oakland-museum-paintings.json	0.75	0.8	0.647
s26-s-san-francisco-moma.json	0.63	0.71	0.809
s27-s-the-huntington.json	0.67	0.71	0.412
s28-wildlife-art.csv	0.7	0.74	0.915
s29-gilcrease.csv	0.7	0.78	0.225
