source 	 p 	 r 	 t 

s01-cb.csv	0.86	0.55	3.283
s02-dma.csv	0.82	0.6	3.166
s03-ima-artists.xml	0.83	0.56	0.353
s04-ima-artworks.xml	0.75	0.5	2.261
s05-met.json	0.67	0.57	1.251
s06-npg.json	0.73	0.44	0.636
s07-s-13.json	0.75	0.5	1.532
s08-s-17-edited.xml	0.29	0.29	1.274
s09-s-18-artists.json	0.33	0.2	0.169
s10-s-18-artworks.json	0.55	0.6	1.25
s11-s-19-artists.json	0.8	0.67	0.348
s12-s-19-artworks.json	0.89	0.89	0.702
s13-s-art-institute-of-chicago.xml	0.8	0.62	0.747
s14-s-california-african-american.json	0.56	0.56	1.239
s15-s-detroit-institute-of-art.json	0.91	0.67	0.652
s16-s-hammer.xml	0.88	0.88	1.131
s17-s-houston-museum-of-fine-arts.json	0.9	0.64	0.707
s18-s-indianapolis-artists.xml	0.83	0.56	0.248
s19-s-indianapolis-artworks.xml	0.83	0.56	1.488
s20-s-lacma.xml	1.0	0.69	0.729
s21-s-met.json	0.9	0.64	0.723
s22-s-moca.xml	1.0	1.0	0.69
s23-s-national-portrait-gallery.json	0.73	0.42	0.519
s24-s-norton-simon.json	1.0	0.69	0.292
s25-s-oakland-museum-paintings.json	0.73	0.53	1.626
s26-s-san-francisco-moma.json	0.71	0.59	0.536
s27-s-the-huntington.json	0.9	0.64	0.767
s28-wildlife-art.csv	0.57	0.42	3.758
s29-gilcrease.csv	0.88	0.78	0.485
