source 	 p 	 r 	 t 

s01-cb.csv	0.0	0.0	0.632
s02-dma.csv	0.0	0.0	0.355
s03-ima-artists.xml	0.0	0.0	0.125
s04-ima-artworks.xml	0.0	0.0	0.203
s05-met.json	0.0	0.0	0.187
s06-npg.json	0.0	0.0	0.162
s07-s-13.json	0.0	0.0	0.202
s08-s-17-edited.xml	0.0	0.0	0.163
s09-s-18-artists.json	0.0	0.0	0.107
s10-s-18-artworks.json	0.0	0.0	0.146
s11-s-19-artists.json	0.0	0.0	0.098
s12-s-19-artworks.json	0.0	0.0	0.16
s13-s-art-institute-of-chicago.xml	0.0	0.0	0.146
s14-s-california-african-american.json	0.0	0.0	0.123
s15-s-detroit-institute-of-art.json	0.0	0.0	0.158
s16-s-hammer.xml	0.0	0.0	0.168
s17-s-houston-museum-of-fine-arts.json	0.0	0.0	0.157
s18-s-indianapolis-artists.xml	0.0	0.0	0.159
s19-s-indianapolis-artworks.xml	0.0	0.0	0.198
s20-s-lacma.xml	0.0	0.0	0.157
s21-s-met.json	0.0	0.0	0.206
s22-s-moca.xml	0.0	0.0	0.108
s23-s-national-portrait-gallery.json	0.0	0.0	0.141
s24-s-norton-simon.json	0.0	0.0	0.135
s25-s-oakland-museum-paintings.json	0.0	0.0	0.199
s26-s-san-francisco-moma.json	0.0	0.0	0.179
s27-s-the-huntington.json	0.0	0.0	0.171
s28-wildlife-art.csv	0.0	0.0	0.166
s29-gilcrease.csv	0.0	0.0	0.146
