source 	 p 	 r 	 t 

s01-cb.csv	0.75	0.82	0.865
s02-dma.csv	0.67	0.67	1.512
s03-ima-artists.xml	0.7	0.78	0.223
s04-ima-artworks.xml	0.72	0.72	0.469
s05-met.json	0.5	0.5	1.421
s06-npg.json	0.76	0.72	0.288
s07-s-13.json	0.68	0.72	0.433
s08-s-17-edited.xml	0.33	0.29	0.509
s09-s-18-artists.json	0.14	0.2	0.149
s10-s-18-artworks.json	0.7	0.7	0.619
s11-s-19-artists.json	0.33	0.33	0.187
s12-s-19-artworks.json	0.78	0.78	0.162
s13-s-art-institute-of-chicago.xml	0.71	0.77	0.267
s14-s-california-african-american.json	0.4	0.44	0.253
s15-s-detroit-institute-of-art.json	0.8	0.8	0.63
s16-s-hammer.xml	0.75	0.75	0.27
s17-s-houston-museum-of-fine-arts.json	0.93	0.93	0.538
s18-s-indianapolis-artists.xml	0.89	0.89	0.117
s19-s-indianapolis-artworks.xml	0.61	0.61	0.905
s20-s-lacma.xml	0.64	0.69	0.237
s21-s-met.json	0.92	0.86	0.3
s22-s-moca.xml	0.56	0.62	0.349
s23-s-national-portrait-gallery.json	0.78	0.74	0.774
s24-s-norton-simon.json	0.85	0.85	0.219
s25-s-oakland-museum-paintings.json	0.69	0.73	0.308
s26-s-san-francisco-moma.json	0.76	0.76	0.228
s27-s-the-huntington.json	0.73	0.79	0.299
s28-wildlife-art.csv	0.65	0.68	0.601
s29-gilcrease.csv	0.67	0.67	0.199
