source 	 p 	 r 	 t 

s01-cb.csv	0.86	0.55	0.537
s02-dma.csv	0.75	0.6	1.05
s03-ima-artists.xml	0.67	0.44	0.01
s04-ima-artworks.xml	0.75	0.5	0.282
s05-met.json	0.58	0.5	0.288
s06-npg.json	0.56	0.28	0.335
s07-s-13.json	0.75	0.5	0.08
s08-s-17-edited.xml	0.33	0.29	1.017
s09-s-18-artists.json	0.0	0.0	0.066
s10-s-18-artworks.json	0.7	0.7	0.168
s11-s-19-artists.json	0.29	0.33	0.144
s12-s-19-artworks.json	0.78	0.78	0.067
s13-s-art-institute-of-chicago.xml	0.7	0.54	0.249
s14-s-california-african-american.json	0.4	0.44	0.192
s15-s-detroit-institute-of-art.json	0.82	0.6	0.231
s16-s-hammer.xml	0.62	0.62	0.069
s17-s-houston-museum-of-fine-arts.json	0.8	0.57	0.304
s18-s-indianapolis-artists.xml	0.67	0.44	0.023
s19-s-indianapolis-artworks.xml	0.67	0.44	0.166
s20-s-lacma.xml	0.67	0.46	0.131
s21-s-met.json	0.9	0.64	0.196
s22-s-moca.xml	0.75	0.75	0.017
s23-s-national-portrait-gallery.json	0.5	0.21	0.047
s24-s-norton-simon.json	0.62	0.38	0.033
s25-s-oakland-museum-paintings.json	0.82	0.6	0.229
s26-s-san-francisco-moma.json	0.77	0.59	1.071
s27-s-the-huntington.json	0.9	0.64	0.177
s28-wildlife-art.csv	0.79	0.58	0.208
s29-gilcrease.csv	0.75	0.67	0.078
