source 	 p 	 r 	 t 

s01-cb.csv	0.62	0.73	0.985
s02-dma.csv	0.47	0.47	2.813
s03-ima-artists.xml	1.0	1.0	0.426
s04-ima-artworks.xml	0.48	0.56	2.734
s05-met.json	0.25	0.29	1.604
s06-npg.json	0.5	0.56	0.545
s07-s-13.json	0.53	0.56	3.163
s08-s-17-edited.xml	0.33	0.29	1.061
s09-s-18-artists.json	0.8	0.8	0.182
s10-s-18-artworks.json	0.5	0.6	2.069
s11-s-19-artists.json	0.43	0.5	0.894
s12-s-19-artworks.json	0.56	0.56	0.35
s13-s-art-institute-of-chicago.xml	0.71	0.77	0.783
s14-s-california-african-american.json	0.44	0.44	1.223
s15-s-detroit-institute-of-art.json	0.53	0.67	0.486
s16-s-hammer.xml	0.33	0.38	0.587
s17-s-houston-museum-of-fine-arts.json	0.73	0.79	0.955
s18-s-indianapolis-artists.xml	0.6	0.67	0.357
s19-s-indianapolis-artworks.xml	0.6	0.67	2.434
s20-s-lacma.xml	0.62	0.62	1.115
s21-s-met.json	0.5	0.5	1.5
s22-s-moca.xml	0.78	0.88	0.373
s23-s-national-portrait-gallery.json	0.43	0.47	1.607
s24-s-norton-simon.json	0.73	0.85	0.385
s25-s-oakland-museum-paintings.json	0.53	0.6	1.45
s26-s-san-francisco-moma.json	0.55	0.65	1.104
s27-s-the-huntington.json	0.69	0.79	0.487
s28-wildlife-art.csv	0.45	0.53	2.859
s29-gilcrease.csv	0.3	0.33	0.754
