source 	 p 	 r 	 t 

s01-cb.csv	0.14	0.09	0.64
s02-dma.csv	0.09	0.07	0.37
s03-ima-artists.xml	0.17	0.11	0.156
s04-ima-artworks.xml	0.08	0.06	0.195
s05-met.json	0.0	0.0	0.157
s06-npg.json	0.1	0.06	0.151
s07-s-13.json	0.08	0.06	0.198
s08-s-17-edited.xml	0.0	0.0	0.16
s09-s-18-artists.json	0.0	0.0	0.108
s10-s-18-artworks.json	0.0	0.0	0.139
s11-s-19-artists.json	0.0	0.0	0.084
s12-s-19-artworks.json	0.0	0.0	0.136
s13-s-art-institute-of-chicago.xml	0.09	0.08	0.152
s14-s-california-african-american.json	0.0	0.0	0.135
s15-s-detroit-institute-of-art.json	0.09	0.07	0.162
s16-s-hammer.xml	0.0	0.0	0.126
s17-s-houston-museum-of-fine-arts.json	0.09	0.07	0.205
s18-s-indianapolis-artists.xml	0.17	0.11	0.17
s19-s-indianapolis-artworks.xml	0.08	0.06	0.213
s20-s-lacma.xml	0.11	0.08	0.179
s21-s-met.json	0.1	0.07	0.188
s22-s-moca.xml	0.0	0.0	0.106
s23-s-national-portrait-gallery.json	0.1	0.05	0.144
s24-s-norton-simon.json	0.1	0.08	0.132
s25-s-oakland-museum-paintings.json	0.09	0.07	0.163
s26-s-san-francisco-moma.json	0.08	0.06	0.15
s27-s-the-huntington.json	0.09	0.07	0.141
s28-wildlife-art.csv	0.07	0.05	0.142
s29-gilcrease.csv	0.0	0.0	0.104
