source 	 p 	 r 	 t 

s01-cb.csv	0.75	0.55	2.561
s02-dma.csv	0.67	0.53	2.513
s03-ima-artists.xml	0.83	0.56	0.429
s04-ima-artworks.xml	0.67	0.44	3.082
s05-met.json	0.58	0.5	2.936
s06-npg.json	0.64	0.39	0.263
s07-s-13.json	0.67	0.44	2.261
s08-s-17-edited.xml	0.33	0.29	1.504
s09-s-18-artists.json	0.33	0.2	0.189
s10-s-18-artworks.json	0.58	0.7	1.198
s11-s-19-artists.json	0.8	0.67	0.34
s12-s-19-artworks.json	0.78	0.78	0.608
s13-s-art-institute-of-chicago.xml	0.7	0.54	0.769
s14-s-california-african-american.json	0.62	0.56	0.824
s15-s-detroit-institute-of-art.json	0.82	0.6	0.612
s16-s-hammer.xml	0.75	0.75	1.212
s17-s-houston-museum-of-fine-arts.json	0.8	0.57	0.752
s18-s-indianapolis-artists.xml	0.83	0.56	0.177
s19-s-indianapolis-artworks.xml	0.75	0.5	2.277
s20-s-lacma.xml	0.78	0.54	1.174
s21-s-met.json	0.73	0.57	0.555
s22-s-moca.xml	1.0	1.0	0.374
s23-s-national-portrait-gallery.json	0.64	0.37	0.236
s24-s-norton-simon.json	1.0	0.69	0.223
s25-s-oakland-museum-paintings.json	0.58	0.47	1.722
s26-s-san-francisco-moma.json	0.64	0.53	2.713
s27-s-the-huntington.json	0.8	0.57	0.657
s28-wildlife-art.csv	0.43	0.32	2.686
s29-gilcrease.csv	0.67	0.67	0.565
