source 	 p 	 r 	 t 

s01-cb.csv	0.6	0.55	2.32
s02-dma.csv	0.29	0.27	1.829
s03-ima-artists.xml	0.5	0.44	1.014
s04-ima-artworks.xml	0.18	0.17	2.5
s05-met.json	0.21	0.21	1.576
s06-npg.json	0.24	0.22	1.534
s07-s-13.json	0.18	0.17	1.594
s08-s-17-edited.xml	0.11	0.14	0.888
s09-s-18-artists.json	0.67	0.8	0.569
s10-s-18-artworks.json	0.36	0.4	1.065
s11-s-19-artists.json	0.57	0.67	0.647
s12-s-19-artworks.json	0.22	0.22	0.891
s13-s-art-institute-of-chicago.xml	0.07	0.08	1.045
s14-s-california-african-american.json	0.33	0.33	0.857
s15-s-detroit-institute-of-art.json	0.21	0.2	1.33
s16-s-hammer.xml	0.1	0.12	0.754
s17-s-houston-museum-of-fine-arts.json	0.07	0.07	1.398
s18-s-indianapolis-artists.xml	0.5	0.44	0.633
s19-s-indianapolis-artworks.xml	0.32	0.33	1.74
s20-s-lacma.xml	0.36	0.31	1.038
s21-s-met.json	0.23	0.21	1.046
s22-s-moca.xml	0.5	0.62	0.801
s23-s-national-portrait-gallery.json	0.28	0.26	1.379
s24-s-norton-simon.json	0.38	0.38	1.064
s25-s-oakland-museum-paintings.json	0.2	0.2	1.438
s26-s-san-francisco-moma.json	0.06	0.06	1.493
s27-s-the-huntington.json	0.06	0.07	1.282
s28-wildlife-art.csv	0.21	0.21	1.353
s29-gilcrease.csv	0.22	0.22	0.765
