source 	 p 	 r 	 t 

s01-cb.csv	0.36	0.45	4.349
s02-dma.csv	0.44	0.53	6.667
s03-ima-artists.xml	0.64	0.78	0.7
s04-ima-artworks.xml	0.38	0.44	7.988
s05-met.json	0.33	0.36	8.381
s06-npg.json	0.5	0.5	5.241
s07-s-13.json	0.43	0.5	5.34
s08-s-17-edited.xml	0.33	0.29	1.236
s09-s-18-artists.json	1.0	1.0	0.564
s10-s-18-artworks.json	0.45	0.5	1.723
s11-s-19-artists.json	0.8	0.67	0.804
s12-s-19-artworks.json	0.56	0.56	1.383
s13-s-art-institute-of-chicago.xml	0.69	0.69	3.495
s14-s-california-african-american.json	0.6	0.67	5.345
s15-s-detroit-institute-of-art.json	0.58	0.73	5.432
s16-s-hammer.xml	0.44	0.5	2.903
s17-s-houston-museum-of-fine-arts.json	0.62	0.71	3.782
s18-s-indianapolis-artists.xml	0.6	0.67	0.636
s19-s-indianapolis-artworks.xml	0.52	0.61	4.819
s20-s-lacma.xml	0.64	0.69	3.318
s21-s-met.json	0.71	0.71	2.012
s22-s-moca.xml	0.78	0.88	1.418
s23-s-national-portrait-gallery.json	0.43	0.53	10.219
s24-s-norton-simon.json	0.62	0.62	3.515
s25-s-oakland-museum-paintings.json	0.47	0.6	9.429
s26-s-san-francisco-moma.json	0.53	0.59	4.142
s27-s-the-huntington.json	0.53	0.57	3.731
s28-wildlife-art.csv	0.38	0.42	8.464
s29-gilcrease.csv	0.5	0.67	4.908
