source 	 p 	 r 	 t 

s01-cb.csv	0.91	0.91	0.578
s02-dma.csv	0.6	0.6	1.285
s03-ima-artists.xml	0.44	0.44	0.662
s04-ima-artworks.xml	0.47	0.5	1.503
s05-met.json	0.43	0.43	0.364
s06-npg.json	0.65	0.61	0.574
s07-s-13.json	0.53	0.56	0.821
s08-s-17-edited.xml	0.25	0.29	0.337
s09-s-18-artists.json	0.14	0.2	0.055
s10-s-18-artworks.json	0.55	0.6	0.296
s11-s-19-artists.json	0.29	0.33	0.361
s12-s-19-artworks.json	0.62	0.56	0.429
s13-s-art-institute-of-chicago.xml	0.67	0.62	0.199
s14-s-california-african-american.json	0.4	0.44	0.178
s15-s-detroit-institute-of-art.json	0.53	0.53	0.679
s16-s-hammer.xml	0.88	0.88	0.068
s17-s-houston-museum-of-fine-arts.json	0.71	0.71	0.139
s18-s-indianapolis-artists.xml	0.67	0.67	0.261
s19-s-indianapolis-artworks.xml	0.61	0.61	1.337
s20-s-lacma.xml	0.62	0.62	0.417
s21-s-met.json	0.77	0.71	0.164
s22-s-moca.xml	0.88	0.88	0.089
s23-s-national-portrait-gallery.json	0.72	0.68	0.762
s24-s-norton-simon.json	0.69	0.69	0.114
s25-s-oakland-museum-paintings.json	0.73	0.73	0.56
s26-s-san-francisco-moma.json	0.71	0.71	0.785
s27-s-the-huntington.json	0.71	0.71	0.166
s28-wildlife-art.csv	0.5	0.47	1.287
s29-gilcrease.csv	0.6	0.67	0.113
