source 	 p 	 r 	 t 

s01-cb.csv	1.0	0.64	1.347
s02-dma.csv	0.82	0.6	1.997
s03-ima-artists.xml	0.83	0.56	0.062
s04-ima-artworks.xml	0.55	0.33	2.992
s05-met.json	0.36	0.29	0.887
s06-npg.json	0.8	0.44	0.433
s07-s-13.json	0.55	0.33	1.226
s08-s-17-edited.xml	0.17	0.14	0.338
s09-s-18-artists.json	0.33	0.2	0.056
s10-s-18-artworks.json	0.7	0.7	0.186
s11-s-19-artists.json	0.33	0.33	0.232
s12-s-19-artworks.json	0.67	0.67	0.068
s13-s-art-institute-of-chicago.xml	0.56	0.38	0.327
s14-s-california-african-american.json	0.4	0.44	0.263
s15-s-detroit-institute-of-art.json	0.82	0.6	0.494
s16-s-hammer.xml	0.75	0.75	0.233
s17-s-houston-museum-of-fine-arts.json	0.56	0.36	0.354
s18-s-indianapolis-artists.xml	0.83	0.56	0.012
s19-s-indianapolis-artworks.xml	0.64	0.39	1.096
s20-s-lacma.xml	0.56	0.38	0.449
s21-s-met.json	0.9	0.64	0.493
s22-s-moca.xml	1.0	1.0	0.012
s23-s-national-portrait-gallery.json	0.5	0.21	0.015
s24-s-norton-simon.json	0.62	0.38	0.009
s25-s-oakland-museum-paintings.json	0.82	0.6	0.352
s26-s-san-francisco-moma.json	0.77	0.59	0.973
s27-s-the-huntington.json	0.56	0.36	0.34
s28-wildlife-art.csv	0.69	0.47	2.481
s29-gilcrease.csv	0.88	0.78	0.65
