source 	 p 	 r 	 t 

s01-cb.csv	0.86	0.55	4.411
s02-dma.csv	0.45	0.33	6.672
s03-ima-artists.xml	0.83	0.56	0.449
s04-ima-artworks.xml	0.67	0.44	6.717
s05-met.json	0.64	0.5	3.969
s06-npg.json	0.42	0.28	4.921
s07-s-13.json	0.67	0.44	5.82
s08-s-17-edited.xml	0.33	0.29	1.489
s09-s-18-artists.json	0.33	0.2	0.305
s10-s-18-artworks.json	0.55	0.6	1.426
s11-s-19-artists.json	0.8	0.67	0.513
s12-s-19-artworks.json	0.7	0.78	2.08
s13-s-art-institute-of-chicago.xml	0.67	0.46	2.871
s14-s-california-african-american.json	0.75	0.67	3.321
s15-s-detroit-institute-of-art.json	0.7	0.47	4.077
s16-s-hammer.xml	0.57	0.5	2.618
s17-s-houston-museum-of-fine-arts.json	0.67	0.43	3.081
s18-s-indianapolis-artists.xml	0.83	0.56	0.631
s19-s-indianapolis-artworks.xml	0.75	0.5	6.308
s20-s-lacma.xml	0.62	0.38	2.287
s21-s-met.json	0.6	0.43	5.06
s22-s-moca.xml	1.0	1.0	0.706
s23-s-national-portrait-gallery.json	0.42	0.26	4.739
s24-s-norton-simon.json	0.89	0.62	0.754
s25-s-oakland-museum-paintings.json	0.73	0.53	2.306
s26-s-san-francisco-moma.json	0.67	0.47	4.159
s27-s-the-huntington.json	0.67	0.43	2.918
s28-wildlife-art.csv	0.57	0.42	3.22
s29-gilcrease.csv	0.5	0.44	2.135
