source 	 p 	 r 	 t 

s01-cb.csv	0.75	0.82	10.177
s02-dma.csv	0.44	0.47	18.557
s03-ima-artists.xml	0.64	0.78	7.955
s04-ima-artworks.xml	0.43	0.5	19.394
s05-met.json	0.47	0.57	17.928
s06-npg.json	0.55	0.61	17.876
s07-s-13.json	0.38	0.44	16.875
s08-s-17-edited.xml	0.33	0.29	3.278
s09-s-18-artists.json	1.0	1.0	1.956
s10-s-18-artworks.json	0.45	0.5	4.369
s11-s-19-artists.json	0.8	0.67	1.604
s12-s-19-artworks.json	0.7	0.78	6.668
s13-s-art-institute-of-chicago.xml	0.77	0.77	8.169
s14-s-california-african-american.json	0.55	0.67	8.993
s15-s-detroit-institute-of-art.json	0.75	0.8	13.266
s16-s-hammer.xml	0.75	0.75	4.982
s17-s-houston-museum-of-fine-arts.json	0.8	0.86	16.623
s18-s-indianapolis-artists.xml	0.64	0.78	2.726
s19-s-indianapolis-artworks.xml	0.41	0.5	10.164
s20-s-lacma.xml	0.75	0.92	8.842
s21-s-met.json	0.53	0.64	7.522
s22-s-moca.xml	1.0	1.0	4.14
s23-s-national-portrait-gallery.json	0.52	0.58	22.875
s24-s-norton-simon.json	0.73	0.85	6.371
s25-s-oakland-museum-paintings.json	0.53	0.67	15.839
s26-s-san-francisco-moma.json	0.43	0.53	10.11
s27-s-the-huntington.json	0.44	0.57	12.203
s28-wildlife-art.csv	0.41	0.47	16.19
s29-gilcrease.csv	0.6	0.67	12.905
