source 	 p 	 r 	 t 

s01-cb.csv	0.0	0.0	0.723
s02-dma.csv	0.0	0.0	0.329
s03-ima-artists.xml	0.0	0.0	0.127
s04-ima-artworks.xml	0.0	0.0	0.208
s05-met.json	0.0	0.0	0.292
s06-npg.json	0.0	0.0	0.156
s07-s-13.json	0.0	0.0	0.21
s08-s-17-edited.xml	0.0	0.0	0.158
s09-s-18-artists.json	0.0	0.0	0.092
s10-s-18-artworks.json	0.0	0.0	0.149
s11-s-19-artists.json	0.0	0.0	0.091
s12-s-19-artworks.json	0.0	0.0	0.145
s13-s-art-institute-of-chicago.xml	0.0	0.0	0.157
s14-s-california-african-american.json	0.0	0.0	0.118
s15-s-detroit-institute-of-art.json	0.0	0.0	0.147
s16-s-hammer.xml	0.0	0.0	0.139
s17-s-houston-museum-of-fine-arts.json	0.0	0.0	0.166
s18-s-indianapolis-artists.xml	0.0	0.0	0.162
s19-s-indianapolis-artworks.xml	0.0	0.0	0.165
s20-s-lacma.xml	0.0	0.0	0.178
s21-s-met.json	0.0	0.0	0.169
s22-s-moca.xml	0.0	0.0	0.141
s23-s-national-portrait-gallery.json	0.0	0.0	0.16
s24-s-norton-simon.json	0.0	0.0	0.146
s25-s-oakland-museum-paintings.json	0.0	0.0	0.174
s26-s-san-francisco-moma.json	0.0	0.0	0.167
s27-s-the-huntington.json	0.0	0.0	0.11
s28-wildlife-art.csv	0.0	0.0	0.15
s29-gilcrease.csv	0.0	0.0	0.122
