c1,op12,c2,count
http://www.americanartcollaborative.org/ontology/CulturalHeritageObject,http://purl.org/dc/terms/subject,http://www.w3.org/2008/05/skos#Concept,35966
http://www.americanartcollaborative.org/ontology/CulturalHeritageObject,http://purl.org/dc/terms/creator,http://www.americanartcollaborative.org/ontology/Person,23128
http://www.europeana.eu/schemas/edm/EuropeanaAggregation,http://www.europeana.eu/schemas/edm/aggregatedCHO,http://www.americanartcollaborative.org/ontology/CulturalHeritageObject,22919
http://www.europeana.eu/schemas/edm/EuropeanaAggregation,http://www.europeana.eu/schemas/edm/hasView,http://www.europeana.eu/schemas/edm/WebResource,16814
http://www.americanartcollaborative.org/ontology/CulturalHeritageObject,http://www.europeana.eu/schemas/edm/hasType,http://www.w3.org/2008/05/skos#Concept,6890
http://www.americanartcollaborative.org/ontology/CulturalHeritageObject,http://www.americanartcollaborative.org/ontology/sitter,http://www.americanartcollaborative.org/ontology/Person,4174
http://www.americanartcollaborative.org/ontology/CulturalHeritageObject,http://xmlns.com/foaf/0.1/page,http://xmlns.com/foaf/0.1/Document,3937
http://www.americanartcollaborative.org/ontology/CulturalHeritageObject,http://www.europeana.eu/schemas/edm/isRelatedTo,http://www.americanartcollaborative.org/ontology/CulturalHeritageObject,1515
http://www.americanartcollaborative.org/ontology/Person,http://rdvocab.info/ElementsGr2/placeOfBirth,http://www.americanartcollaborative.org/ontology/Place,1148
http://www.americanartcollaborative.org/ontology/Person,http://rdvocab.info/ElementsGr2/placeOfDeath,http://www.americanartcollaborative.org/ontology/Place,574
http://www.americanartcollaborative.org/ontology/CulturalHeritageObject,http://www.americanartcollaborative.org/ontology/associatedPlace,http://www.americanartcollaborative.org/ontology/Place,23
