{
    "id": "p22623F7BB-5AE5-9C42-2105-6B7DC9F7CA0C",
    "length": 2,
    "frequency": "1",
    "graph": {
        "nodes": [
            {
                "id": "http://www.americanartcollaborative.org/ontology/Person1",
                "label": {
                    "uri": "http://www.americanartcollaborative.org/ontology/Person"
                },
                "type": "InternalNode",
                "modelIds": null
            },
            {
                "id": "http://www.americanartcollaborative.org/ontology/CulturalHeritageObject1",
                "label": {
                    "uri": "http://www.americanartcollaborative.org/ontology/CulturalHeritageObject"
                },
                "type": "InternalNode",
                "modelIds": null
            },
            {
                "id": "http://www.americanartcollaborative.org/ontology/Person2",
                "label": {
                    "uri": "http://www.americanartcollaborative.org/ontology/Person"
                },
                "type": "InternalNode",
                "modelIds": null
            }
        ],
        "links": [
            {
                "id": "http://www.americanartcollaborative.org/ontology/CulturalHeritageObject1---http://www.americanartcollaborative.org/ontology/sitter---http://www.americanartcollaborative.org/ontology/Person1",
                "weight": 0.9643515987974857,
                "type": "ObjectPropertyLink",
                "label": {
                    "uri": "http://www.americanartcollaborative.org/ontology/sitter"
                },
                "objectPropertyType": "None",
                "status": "Normal",
                "keyInfo": "None",
                "modelIds": null
            },
            {
                "id": "http://www.americanartcollaborative.org/ontology/CulturalHeritageObject1---http://www.americanartcollaborative.org/ontology/sitter---http://www.americanartcollaborative.org/ontology/Person2",
                "weight": 1.0,
                "type": "ObjectPropertyLink",
                "label": {
                    "uri": "http://www.americanartcollaborative.org/ontology/sitter"
                },
                "objectPropertyType": "None",
                "status": "Normal",
                "keyInfo": "None",
                "modelIds": null
            }
        ]
    }
}