{
    "id": "p2FC23541B-1881-517A-60D8-D4ECC3D6E099",
    "length": 2,
    "frequency": "1",
    "graph": {
        "nodes": [
            {
                "id": "http://www.europeana.eu/schemas/edm/WebResource1",
                "label": {
                    "uri": "http://www.europeana.eu/schemas/edm/WebResource"
                },
                "type": "InternalNode",
                "modelIds": null
            },
            {
                "id": "http://www.europeana.eu/schemas/edm/EuropeanaAggregation1",
                "label": {
                    "uri": "http://www.europeana.eu/schemas/edm/EuropeanaAggregation"
                },
                "type": "InternalNode",
                "modelIds": null
            },
            {
                "id": "http://www.europeana.eu/schemas/edm/WebResource2",
                "label": {
                    "uri": "http://www.europeana.eu/schemas/edm/WebResource"
                },
                "type": "InternalNode",
                "modelIds": null
            }
        ],
        "links": [
            {
                "id": "http://www.europeana.eu/schemas/edm/EuropeanaAggregation1---http://www.europeana.eu/schemas/edm/hasView---http://www.europeana.eu/schemas/edm/WebResource1",
                "weight": 0.856398606176551,
                "type": "ObjectPropertyLink",
                "label": {
                    "uri": "http://www.europeana.eu/schemas/edm/hasView"
                },
                "objectPropertyType": "None",
                "status": "Normal",
                "keyInfo": "None",
                "modelIds": null
            },
            {
                "id": "http://www.europeana.eu/schemas/edm/EuropeanaAggregation1---http://www.europeana.eu/schemas/edm/hasView---http://www.europeana.eu/schemas/edm/WebResource2",
                "weight": 1.0,
                "type": "ObjectPropertyLink",
                "label": {
                    "uri": "http://www.europeana.eu/schemas/edm/hasView"
                },
                "objectPropertyType": "None",
                "status": "Normal",
                "keyInfo": "None",
                "modelIds": null
            }
        ]
    }
}