{
    "id": "p1ED50BF16-1D47-2B21-CDE6-E112452C50A7",
    "length": 1,
    "frequency": "98",
    "graph": {
        "nodes": [
            {
                "id": "http://schema.org/PostalAddress1",
                "label": {
                    "uri": "http://schema.org/PostalAddress"
                },
                "type": "InternalNode",
                "modelIds": null
            },
            {
                "id": "http://schema.org/Place1",
                "label": {
                    "uri": "http://schema.org/Place"
                },
                "type": "InternalNode",
                "modelIds": null
            }
        ],
        "links": [
            {
                "id": "http://schema.org/Place1---http://schema.org/address---http://schema.org/PostalAddress1",
                "weight": 0.9718471703533468,
                "type": "ObjectPropertyLink",
                "label": {
                    "uri": "http://schema.org/address"
                },
                "objectPropertyType": "None",
                "status": "Normal",
                "keyInfo": "None",
                "modelIds": null
            }
        ]
    }
}