{
    "id": "s02-dma.csv",
    "name": "s02-dma.csv",
    "description": null,
    "sourceColumns": [
        {
            "id": "HN6",
            "hNodeId": "HN6",
            "columnName": "Object Title"
        },
        {
            "id": "HN14",
            "hNodeId": "HN14",
            "columnName": "Object Earliest Date"
        },
        {
            "id": "HN7",
            "hNodeId": "HN7",
            "columnName": "Object Work Type"
        },
        {
            "id": "HN9",
            "hNodeId": "HN9",
            "columnName": "Artist Name"
        },
        {
            "id": "HN18",
            "hNodeId": "HN18",
            "columnName": "Object Rights"
        },
        {
            "id": "HN27",
            "hNodeId": "HN27",
            "columnName": "Object Link Source"
        },
        {
            "id": "HN32",
            "hNodeId": "HN32",
            "columnName": "dimensions"
        },
        {
            "id": "HN20",
            "hNodeId": "HN20",
            "columnName": "Object Facet Value 1"
        },
        {
            "id": "HN10",
            "hNodeId": "HN10",
            "columnName": "Artist Birth Date"
        },
        {
            "id": "HN11",
            "hNodeId": "HN11",
            "columnName": "Artist Death Date"
        },
        {
            "id": "HN5",
            "hNodeId": "HN5",
            "columnName": "Object ID"
        },
        {
            "id": "HN12",
            "hNodeId": "HN12",
            "columnName": "Artist Nationality"
        }
    ],
    "mappingToSourceColumns": [
        {
            "id": "HN6",
            "sourceColumnId": "HN6"
        },
        {
            "id": "HN7",
            "sourceColumnId": "HN7"
        },
        {
            "id": "HN14",
            "sourceColumnId": "HN14"
        },
        {
            "id": "HN9",
            "sourceColumnId": "HN9"
        },
        {
            "id": "HN27",
            "sourceColumnId": "HN27"
        },
        {
            "id": "HN18",
            "sourceColumnId": "HN18"
        },
        {
            "id": "HN32",
            "sourceColumnId": "HN32"
        },
        {
            "id": "HN20",
            "sourceColumnId": "HN20"
        },
        {
            "id": "HN10",
            "sourceColumnId": "HN10"
        },
        {
            "id": "HN5",
            "sourceColumnId": "HN5"
        },
        {
            "id": "HN11",
            "sourceColumnId": "HN11"
        },
        {
            "id": "HN12",
            "sourceColumnId": "HN12"
        }
    ],
    "graph": {
        "nodes": [
            {
                "id": "http://www.americanartcollaborative.org/ontology/CulturalHeritageObject1",
                "label": {
                    "uri": "http://www.americanartcollaborative.org/ontology/CulturalHeritageObject"
                },
                "type": "InternalNode",
                "modelIds": null
            },
            {
                "id": "http://www.americanartcollaborative.org/ontology/Person1",
                "label": {
                    "uri": "http://www.americanartcollaborative.org/ontology/Person"
                },
                "type": "InternalNode",
                "modelIds": null
            },
            {
                "id": "http://www.w3.org/2008/05/skos#Concept1",
                "label": {
                    "uri": "http://www.w3.org/2008/05/skos#Concept"
                },
                "type": "InternalNode",
                "modelIds": null
            },
            {
                "id": "HN6",
                "label": {
                    "uri": "HN6"
                },
                "type": "ColumnNode",
                "hNodeId": "HN6",
                "columnName": "Object Title",
                "rdfLiteralType": null,
                "userSemanticTypes": [
                    {
                        "hNodeId": "HN6",
                        "domain": {
                            "uri": "http://www.americanartcollaborative.org/ontology/CulturalHeritageObject"
                        },
                        "type": {
                            "uri": "http://purl.org/dc/terms/title"
                        },
                        "origin": "User",
                        "confidenceScore": 1.0
                    }
                ],
                "learnedSemanticTypes": [
                    {
                        "hNodeId": "HN6",
                        "domain": {
                            "uri": "http://www.americanartcollaborative.org/ontology/CulturalHeritageObject"
                        },
                        "type": {
                            "uri": "http://purl.org/dc/terms/title"
                        },
                        "origin": "TfIdfModel",
                        "confidenceScore": 0.5332692308365728
                    },
                    {
                        "hNodeId": "HN6",
                        "domain": {
                            "uri": "http://www.americanartcollaborative.org/ontology/CulturalHeritageObject"
                        },
                        "type": {
                            "uri": "http://purl.org/dc/terms/description"
                        },
                        "origin": "TfIdfModel",
                        "confidenceScore": 0.26969550245544116
                    },
                    {
                        "hNodeId": "HN6",
                        "domain": {
                            "uri": "http://www.americanartcollaborative.org/ontology/Person"
                        },
                        "type": {
                            "uri": "http://rdvocab.info/ElementsGr2/biographicalInformation"
                        },
                        "origin": "TfIdfModel",
                        "confidenceScore": 0.11408126828556897
                    },
                    {
                        "hNodeId": "HN6",
                        "domain": {
                            "uri": "http://www.americanartcollaborative.org/ontology/CulturalHeritageObject"
                        },
                        "type": {
                            "uri": "http://purl.org/dc/terms/provenance"
                        },
                        "origin": "TfIdfModel",
                        "confidenceScore": 0.082953998422417
                    }
                ],
                "modelIds": null
            },
            {
                "id": "HN14",
                "label": {
                    "uri": "HN14"
                },
                "type": "ColumnNode",
                "hNodeId": "HN14",
                "columnName": "Object Earliest Date",
                "rdfLiteralType": null,
                "userSemanticTypes": [
                    {
                        "hNodeId": "HN14",
                        "domain": {
                            "uri": "http://www.americanartcollaborative.org/ontology/CulturalHeritageObject"
                        },
                        "type": {
                            "uri": "http://purl.org/dc/terms/created"
                        },
                        "origin": "User",
                        "confidenceScore": 1.0
                    }
                ],
                "learnedSemanticTypes": [
                    {
                        "hNodeId": "HN14",
                        "domain": {
                            "uri": "http://www.americanartcollaborative.org/ontology/CulturalHeritageObject"
                        },
                        "type": {
                            "uri": "http://purl.org/dc/terms/created"
                        },
                        "origin": "TfIdfModel",
                        "confidenceScore": 0.37952061883302535
                    },
                    {
                        "hNodeId": "HN14",
                        "domain": {
                            "uri": "http://www.americanartcollaborative.org/ontology/Person"
                        },
                        "type": {
                            "uri": "http://rdvocab.info/ElementsGr2/dateOfBirth"
                        },
                        "origin": "TfIdfModel",
                        "confidenceScore": 0.32117103131435004
                    },
                    {
                        "hNodeId": "HN14",
                        "domain": {
                            "uri": "http://www.americanartcollaborative.org/ontology/Person"
                        },
                        "type": {
                            "uri": "http://rdvocab.info/ElementsGr2/dateOfDeath"
                        },
                        "origin": "TfIdfModel",
                        "confidenceScore": 0.25683947431598175
                    },
                    {
                        "hNodeId": "HN14",
                        "domain": {
                            "uri": "http://www.americanartcollaborative.org/ontology/CulturalHeritageObject"
                        },
                        "type": {
                            "uri": "http://purl.org/dc/terms/provenance"
                        },
                        "origin": "TfIdfModel",
                        "confidenceScore": 0.042468875536642886
                    }
                ],
                "modelIds": null
            },
            {
                "id": "HN7",
                "label": {
                    "uri": "HN7"
                },
                "type": "ColumnNode",
                "hNodeId": "HN7",
                "columnName": "Object Work Type",
                "rdfLiteralType": null,
                "userSemanticTypes": [
                    {
                        "hNodeId": "HN7",
                        "domain": {
                            "uri": "http://www.w3.org/2008/05/skos#Concept"
                        },
                        "type": {
                            "uri": "http://www.w3.org/2008/05/skos#prefLabel"
                        },
                        "origin": "User",
                        "confidenceScore": 1.0
                    }
                ],
                "learnedSemanticTypes": [
                    {
                        "hNodeId": "HN7",
                        "domain": {
                            "uri": "http://www.w3.org/2008/05/skos#Concept"
                        },
                        "type": {
                            "uri": "http://www.w3.org/2008/05/skos#prefLabel"
                        },
                        "origin": "TfIdfModel",
                        "confidenceScore": 0.6570157119142116
                    },
                    {
                        "hNodeId": "HN7",
                        "domain": {
                            "uri": "http://www.americanartcollaborative.org/ontology/Person"
                        },
                        "type": {
                            "uri": "http://rdvocab.info/ElementsGr2/biographicalInformation"
                        },
                        "origin": "TfIdfModel",
                        "confidenceScore": 0.14519712994428408
                    },
                    {
                        "hNodeId": "HN7",
                        "domain": {
                            "uri": "http://www.americanartcollaborative.org/ontology/CulturalHeritageObject"
                        },
                        "type": {
                            "uri": "http://purl.org/dc/terms/description"
                        },
                        "origin": "TfIdfModel",
                        "confidenceScore": 0.1333129840673379
                    },
                    {
                        "hNodeId": "HN7",
                        "domain": {
                            "uri": "http://www.americanartcollaborative.org/ontology/CulturalHeritageObject"
                        },
                        "type": {
                            "uri": "http://purl.org/dc/terms/title"
                        },
                        "origin": "TfIdfModel",
                        "confidenceScore": 0.0644741740741664
                    }
                ],
                "modelIds": null
            },
            {
                "id": "HN9",
                "label": {
                    "uri": "HN9"
                },
                "type": "ColumnNode",
                "hNodeId": "HN9",
                "columnName": "Artist Name",
                "rdfLiteralType": null,
                "userSemanticTypes": [
                    {
                        "hNodeId": "HN9",
                        "domain": {
                            "uri": "http://www.americanartcollaborative.org/ontology/Person"
                        },
                        "type": {
                            "uri": "http://rdvocab.info/ElementsGr2/nameOfThePerson"
                        },
                        "origin": "User",
                        "confidenceScore": 1.0
                    }
                ],
                "learnedSemanticTypes": [
                    {
                        "hNodeId": "HN9",
                        "domain": {
                            "uri": "http://www.americanartcollaborative.org/ontology/Person"
                        },
                        "type": {
                            "uri": "http://rdvocab.info/ElementsGr2/nameOfThePerson"
                        },
                        "origin": "TfIdfModel",
                        "confidenceScore": 0.606900131434495
                    },
                    {
                        "hNodeId": "HN9",
                        "domain": {
                            "uri": "http://www.americanartcollaborative.org/ontology/CulturalHeritageObject"
                        },
                        "type": {
                            "uri": "http://purl.org/dc/terms/provenance"
                        },
                        "origin": "TfIdfModel",
                        "confidenceScore": 0.1570755348976731
                    },
                    {
                        "hNodeId": "HN9",
                        "domain": {
                            "uri": "http://www.americanartcollaborative.org/ontology/CulturalHeritageObject"
                        },
                        "type": {
                            "uri": "http://purl.org/dc/terms/description"
                        },
                        "origin": "TfIdfModel",
                        "confidenceScore": 0.12080991317109331
                    },
                    {
                        "hNodeId": "HN9",
                        "domain": {
                            "uri": "http://xmlns.com/foaf/0.1/Document"
                        },
                        "type": {
                            "uri": "http://isi.edu/integration/karma/dev#classLink"
                        },
                        "origin": "TfIdfModel",
                        "confidenceScore": 0.11521442049673865
                    }
                ],
                "modelIds": null
            },
            {
                "id": "HN18",
                "label": {
                    "uri": "HN18"
                },
                "type": "ColumnNode",
                "hNodeId": "HN18",
                "columnName": "Object Rights",
                "rdfLiteralType": null,
                "userSemanticTypes": [
                    {
                        "hNodeId": "HN18",
                        "domain": {
                            "uri": "http://www.americanartcollaborative.org/ontology/CulturalHeritageObject"
                        },
                        "type": {
                            "uri": "http://purl.org/dc/terms/provenance"
                        },
                        "origin": "User",
                        "confidenceScore": 1.0
                    }
                ],
                "learnedSemanticTypes": [
                    {
                        "hNodeId": "HN18",
                        "domain": {
                            "uri": "http://www.americanartcollaborative.org/ontology/CulturalHeritageObject"
                        },
                        "type": {
                            "uri": "http://purl.org/dc/terms/provenance"
                        },
                        "origin": "TfIdfModel",
                        "confidenceScore": 0.6350835949714027
                    },
                    {
                        "hNodeId": "HN18",
                        "domain": {
                            "uri": "http://www.americanartcollaborative.org/ontology/CulturalHeritageObject"
                        },
                        "type": {
                            "uri": "http://purl.org/dc/terms/rightsHolder"
                        },
                        "origin": "TfIdfModel",
                        "confidenceScore": 0.2037418296179463
                    },
                    {
                        "hNodeId": "HN18",
                        "domain": {
                            "uri": "http://www.americanartcollaborative.org/ontology/CulturalHeritageObject"
                        },
                        "type": {
                            "uri": "http://purl.org/dc/terms/description"
                        },
                        "origin": "TfIdfModel",
                        "confidenceScore": 0.11130348377536063
                    },
                    {
                        "hNodeId": "HN18",
                        "domain": {
                            "uri": "http://xmlns.com/foaf/0.1/Document"
                        },
                        "type": {
                            "uri": "http://isi.edu/integration/karma/dev#classLink"
                        },
                        "origin": "TfIdfModel",
                        "confidenceScore": 0.049871091635290445
                    }
                ],
                "modelIds": null
            },
            {
                "id": "HN27",
                "label": {
                    "uri": "HN27"
                },
                "type": "ColumnNode",
                "hNodeId": "HN27",
                "columnName": "Object Link Source",
                "rdfLiteralType": null,
                "userSemanticTypes": [
                    {
                        "hNodeId": "HN27",
                        "domain": {
                            "uri": "http://www.americanartcollaborative.org/ontology/CulturalHeritageObject"
                        },
                        "type": {
                            "uri": "http://purl.org/dc/terms/rightsHolder"
                        },
                        "origin": "User",
                        "confidenceScore": 1.0
                    }
                ],
                "learnedSemanticTypes": [
                    {
                        "hNodeId": "HN27",
                        "domain": {
                            "uri": "http://www.americanartcollaborative.org/ontology/CulturalHeritageObject"
                        },
                        "type": {
                            "uri": "http://purl.org/dc/terms/rightsHolder"
                        },
                        "origin": "TfIdfModel",
                        "confidenceScore": 0.45073307198252166
                    },
                    {
                        "hNodeId": "HN27",
                        "domain": {
                            "uri": "http://www.americanartcollaborative.org/ontology/CulturalHeritageObject"
                        },
                        "type": {
                            "uri": "http://purl.org/dc/terms/provenance"
                        },
                        "origin": "TfIdfModel",
                        "confidenceScore": 0.39151122562145885
                    },
                    {
                        "hNodeId": "HN27",
                        "domain": {
                            "uri": "http://www.europeana.eu/schemas/edm/WebResource"
                        },
                        "type": {
                            "uri": "http://isi.edu/integration/karma/dev#classLink"
                        },
                        "origin": "TfIdfModel",
                        "confidenceScore": 0.08580316773750456
                    },
                    {
                        "hNodeId": "HN27",
                        "domain": {
                            "uri": "http://www.americanartcollaborative.org/ontology/CulturalHeritageObject"
                        },
                        "type": {
                            "uri": "http://purl.org/dc/terms/description"
                        },
                        "origin": "TfIdfModel",
                        "confidenceScore": 0.07195253465851495
                    }
                ],
                "modelIds": null
            },
            {
                "id": "HN32",
                "label": {
                    "uri": "HN32"
                },
                "type": "ColumnNode",
                "hNodeId": "HN32",
                "columnName": "dimensions",
                "rdfLiteralType": null,
                "userSemanticTypes": [
                    {
                        "hNodeId": "HN32",
                        "domain": {
                            "uri": "http://www.americanartcollaborative.org/ontology/CulturalHeritageObject"
                        },
                        "type": {
                            "uri": "http://purl.org/dc/terms/extent"
                        },
                        "origin": "User",
                        "confidenceScore": 1.0
                    }
                ],
                "learnedSemanticTypes": [
                    {
                        "hNodeId": "HN32",
                        "domain": {
                            "uri": "http://www.americanartcollaborative.org/ontology/CulturalHeritageObject"
                        },
                        "type": {
                            "uri": "http://purl.org/dc/terms/extent"
                        },
                        "origin": "TfIdfModel",
                        "confidenceScore": 0.9046509213518089
                    },
                    {
                        "hNodeId": "HN32",
                        "domain": {
                            "uri": "http://www.americanartcollaborative.org/ontology/CulturalHeritageObject"
                        },
                        "type": {
                            "uri": "http://purl.org/dc/terms/description"
                        },
                        "origin": "TfIdfModel",
                        "confidenceScore": 0.03886171317385539
                    },
                    {
                        "hNodeId": "HN32",
                        "domain": {
                            "uri": "http://www.americanartcollaborative.org/ontology/CulturalHeritageObject"
                        },
                        "type": {
                            "uri": "http://purl.org/dc/terms/provenance"
                        },
                        "origin": "TfIdfModel",
                        "confidenceScore": 0.03662450506258708
                    },
                    {
                        "hNodeId": "HN32",
                        "domain": {
                            "uri": "http://www.americanartcollaborative.org/ontology/Person"
                        },
                        "type": {
                            "uri": "http://rdvocab.info/ElementsGr2/nameOfThePerson"
                        },
                        "origin": "TfIdfModel",
                        "confidenceScore": 0.019862860411748645
                    }
                ],
                "modelIds": null
            },
            {
                "id": "HN20",
                "label": {
                    "uri": "HN20"
                },
                "type": "ColumnNode",
                "hNodeId": "HN20",
                "columnName": "Object Facet Value 1",
                "rdfLiteralType": null,
                "userSemanticTypes": [
                    {
                        "hNodeId": "HN20",
                        "domain": {
                            "uri": "http://www.americanartcollaborative.org/ontology/CulturalHeritageObject"
                        },
                        "type": {
                            "uri": "http://purl.org/dc/terms/medium"
                        },
                        "origin": "User",
                        "confidenceScore": 1.0
                    }
                ],
                "learnedSemanticTypes": [
                    {
                        "hNodeId": "HN20",
                        "domain": {
                            "uri": "http://www.americanartcollaborative.org/ontology/CulturalHeritageObject"
                        },
                        "type": {
                            "uri": "http://purl.org/dc/terms/medium"
                        },
                        "origin": "TfIdfModel",
                        "confidenceScore": 0.7808377213345034
                    },
                    {
                        "hNodeId": "HN20",
                        "domain": {
                            "uri": "http://www.w3.org/2008/05/skos#Concept"
                        },
                        "type": {
                            "uri": "http://www.w3.org/2008/05/skos#prefLabel"
                        },
                        "origin": "TfIdfModel",
                        "confidenceScore": 0.11035966623570752
                    },
                    {
                        "hNodeId": "HN20",
                        "domain": {
                            "uri": "http://www.americanartcollaborative.org/ontology/CulturalHeritageObject"
                        },
                        "type": {
                            "uri": "http://purl.org/dc/terms/description"
                        },
                        "origin": "TfIdfModel",
                        "confidenceScore": 0.07037094282818965
                    },
                    {
                        "hNodeId": "HN20",
                        "domain": {
                            "uri": "http://www.americanartcollaborative.org/ontology/CulturalHeritageObject"
                        },
                        "type": {
                            "uri": "http://purl.org/dc/terms/provenance"
                        },
                        "origin": "TfIdfModel",
                        "confidenceScore": 0.038431669601599515
                    }
                ],
                "modelIds": null
            },
            {
                "id": "HN10",
                "label": {
                    "uri": "HN10"
                },
                "type": "ColumnNode",
                "hNodeId": "HN10",
                "columnName": "Artist Birth Date",
                "rdfLiteralType": null,
                "userSemanticTypes": [
                    {
                        "hNodeId": "HN10",
                        "domain": {
                            "uri": "http://www.americanartcollaborative.org/ontology/Person"
                        },
                        "type": {
                            "uri": "http://rdvocab.info/ElementsGr2/dateOfBirth"
                        },
                        "origin": "User",
                        "confidenceScore": 1.0
                    }
                ],
                "learnedSemanticTypes": [
                    {
                        "hNodeId": "HN10",
                        "domain": {
                            "uri": "http://www.americanartcollaborative.org/ontology/Person"
                        },
                        "type": {
                            "uri": "http://rdvocab.info/ElementsGr2/dateOfBirth"
                        },
                        "origin": "TfIdfModel",
                        "confidenceScore": 0.48196599940983503
                    },
                    {
                        "hNodeId": "HN10",
                        "domain": {
                            "uri": "http://www.americanartcollaborative.org/ontology/CulturalHeritageObject"
                        },
                        "type": {
                            "uri": "http://purl.org/dc/terms/created"
                        },
                        "origin": "TfIdfModel",
                        "confidenceScore": 0.32699454862445815
                    },
                    {
                        "hNodeId": "HN10",
                        "domain": {
                            "uri": "http://www.americanartcollaborative.org/ontology/Person"
                        },
                        "type": {
                            "uri": "http://rdvocab.info/ElementsGr2/dateOfDeath"
                        },
                        "origin": "TfIdfModel",
                        "confidenceScore": 0.1553721896245853
                    },
                    {
                        "hNodeId": "HN10",
                        "domain": {
                            "uri": "http://www.americanartcollaborative.org/ontology/CulturalHeritageObject"
                        },
                        "type": {
                            "uri": "http://purl.org/dc/terms/description"
                        },
                        "origin": "TfIdfModel",
                        "confidenceScore": 0.03566726234112148
                    }
                ],
                "modelIds": null
            },
            {
                "id": "HN11",
                "label": {
                    "uri": "HN11"
                },
                "type": "ColumnNode",
                "hNodeId": "HN11",
                "columnName": "Artist Death Date",
                "rdfLiteralType": null,
                "userSemanticTypes": [
                    {
                        "hNodeId": "HN11",
                        "domain": {
                            "uri": "http://www.americanartcollaborative.org/ontology/Person"
                        },
                        "type": {
                            "uri": "http://rdvocab.info/ElementsGr2/dateOfDeath"
                        },
                        "origin": "User",
                        "confidenceScore": 1.0
                    }
                ],
                "learnedSemanticTypes": [
                    {
                        "hNodeId": "HN11",
                        "domain": {
                            "uri": "http://www.americanartcollaborative.org/ontology/Person"
                        },
                        "type": {
                            "uri": "http://rdvocab.info/ElementsGr2/dateOfDeath"
                        },
                        "origin": "TfIdfModel",
                        "confidenceScore": 0.4226731443623536
                    },
                    {
                        "hNodeId": "HN11",
                        "domain": {
                            "uri": "http://www.americanartcollaborative.org/ontology/CulturalHeritageObject"
                        },
                        "type": {
                            "uri": "http://purl.org/dc/terms/created"
                        },
                        "origin": "TfIdfModel",
                        "confidenceScore": 0.2986678840909932
                    },
                    {
                        "hNodeId": "HN11",
                        "domain": {
                            "uri": "http://www.americanartcollaborative.org/ontology/Person"
                        },
                        "type": {
                            "uri": "http://rdvocab.info/ElementsGr2/dateOfBirth"
                        },
                        "origin": "TfIdfModel",
                        "confidenceScore": 0.2088601756347854
                    },
                    {
                        "hNodeId": "HN11",
                        "domain": {
                            "uri": "http://www.americanartcollaborative.org/ontology/CulturalHeritageObject"
                        },
                        "type": {
                            "uri": "http://purl.org/dc/terms/provenance"
                        },
                        "origin": "TfIdfModel",
                        "confidenceScore": 0.06979879591186779
                    }
                ],
                "modelIds": null
            },
            {
                "id": "HN5",
                "label": {
                    "uri": "HN5"
                },
                "type": "ColumnNode",
                "hNodeId": "HN5",
                "columnName": "Object ID",
                "rdfLiteralType": null,
                "userSemanticTypes": [
                    {
                        "hNodeId": "HN5",
                        "domain": {
                            "uri": "http://www.americanartcollaborative.org/ontology/CulturalHeritageObject"
                        },
                        "type": {
                            "uri": "http://www.americanartcollaborative.org/ontology/accessionNumber"
                        },
                        "origin": "User",
                        "confidenceScore": 1.0
                    }
                ],
                "learnedSemanticTypes": [
                    {
                        "hNodeId": "HN5",
                        "domain": {
                            "uri": "http://www.americanartcollaborative.org/ontology/CulturalHeritageObject"
                        },
                        "type": {
                            "uri": "http://www.americanartcollaborative.org/ontology/accessionNumber"
                        },
                        "origin": "TfIdfModel",
                        "confidenceScore": 0.9960212438251236
                    },
                    {
                        "hNodeId": "HN5",
                        "domain": {
                            "uri": "http://www.europeana.eu/schemas/edm/WebResource"
                        },
                        "type": {
                            "uri": "http://isi.edu/integration/karma/dev#classLink"
                        },
                        "origin": "TfIdfModel",
                        "confidenceScore": 0.0021021840983232194
                    },
                    {
                        "hNodeId": "HN5",
                        "domain": {
                            "uri": "http://www.americanartcollaborative.org/ontology/Person"
                        },
                        "type": {
                            "uri": "http://rdvocab.info/ElementsGr2/biographicalInformation"
                        },
                        "origin": "TfIdfModel",
                        "confidenceScore": 9.696864315008425E-4
                    },
                    {
                        "hNodeId": "HN5",
                        "domain": {
                            "uri": "http://www.americanartcollaborative.org/ontology/CulturalHeritageObject"
                        },
                        "type": {
                            "uri": "http://purl.org/dc/terms/provenance"
                        },
                        "origin": "TfIdfModel",
                        "confidenceScore": 9.068856450523698E-4
                    }
                ],
                "modelIds": null
            },
            {
                "id": "HN12",
                "label": {
                    "uri": "HN12"
                },
                "type": "ColumnNode",
                "hNodeId": "HN12",
                "columnName": "Artist Nationality",
                "rdfLiteralType": null,
                "userSemanticTypes": [
                    {
                        "hNodeId": "HN12",
                        "domain": {
                            "uri": "http://www.americanartcollaborative.org/ontology/Person"
                        },
                        "type": {
                            "uri": "http://rdvocab.info/ElementsGr2/countryAssociatedWithThePerson"
                        },
                        "origin": "User",
                        "confidenceScore": 1.0
                    }
                ],
                "learnedSemanticTypes": [
                    {
                        "hNodeId": "HN12",
                        "domain": {
                            "uri": "http://www.americanartcollaborative.org/ontology/Person"
                        },
                        "type": {
                            "uri": "http://rdvocab.info/ElementsGr2/countryAssociatedWithThePerson"
                        },
                        "origin": "TfIdfModel",
                        "confidenceScore": 0.7636117475914969
                    },
                    {
                        "hNodeId": "HN12",
                        "domain": {
                            "uri": "http://www.w3.org/2008/05/skos#Concept"
                        },
                        "type": {
                            "uri": "http://www.w3.org/2008/05/skos#prefLabel"
                        },
                        "origin": "TfIdfModel",
                        "confidenceScore": 0.10199668012468074
                    },
                    {
                        "hNodeId": "HN12",
                        "domain": {
                            "uri": "http://www.americanartcollaborative.org/ontology/CulturalHeritageObject"
                        },
                        "type": {
                            "uri": "http://purl.org/dc/terms/description"
                        },
                        "origin": "TfIdfModel",
                        "confidenceScore": 0.06929309778220952
                    },
                    {
                        "hNodeId": "HN12",
                        "domain": {
                            "uri": "http://www.americanartcollaborative.org/ontology/CulturalHeritageObject"
                        },
                        "type": {
                            "uri": "http://purl.org/dc/terms/provenance"
                        },
                        "origin": "TfIdfModel",
                        "confidenceScore": 0.06509847450161292
                    }
                ],
                "modelIds": null
            }
        ],
        "links": [
            {
                "id": "http://www.americanartcollaborative.org/ontology/CulturalHeritageObject1---http://purl.org/dc/terms/creator---http://www.americanartcollaborative.org/ontology/Person1",
                "weight": 0.009999999776482582,
                "type": "ObjectPropertyLink",
                "label": {
                    "uri": "http://purl.org/dc/terms/creator"
                },
                "objectPropertyType": "None",
                "status": "ForcedByUser",
                "keyInfo": "None",
                "modelIds": null
            },
            {
                "id": "http://www.americanartcollaborative.org/ontology/CulturalHeritageObject1---http://www.europeana.eu/schemas/edm/hasType---http://www.w3.org/2008/05/skos#Concept1",
                "weight": 0.009999999776482582,
                "type": "ObjectPropertyLink",
                "label": {
                    "uri": "http://www.europeana.eu/schemas/edm/hasType"
                },
                "objectPropertyType": "None",
                "status": "ForcedByUser",
                "keyInfo": "None",
                "modelIds": null
            },
            {
                "id": "http://www.americanartcollaborative.org/ontology/CulturalHeritageObject1---http://purl.org/dc/terms/title---HN6",
                "weight": 0.01,
                "type": "DataPropertyLink",
                "label": {
                    "uri": "http://purl.org/dc/terms/title"
                },
                "status": "ForcedByUser",
                "keyInfo": "None",
                "modelIds": null
            },
            {
                "id": "http://www.americanartcollaborative.org/ontology/CulturalHeritageObject1---http://purl.org/dc/terms/created---HN14",
                "weight": 0.01,
                "type": "DataPropertyLink",
                "label": {
                    "uri": "http://purl.org/dc/terms/created"
                },
                "status": "ForcedByUser",
                "keyInfo": "None",
                "modelIds": null
            },
            {
                "id": "http://www.w3.org/2008/05/skos#Concept1---http://www.w3.org/2008/05/skos#prefLabel---HN7",
                "weight": 0.01,
                "type": "DataPropertyLink",
                "label": {
                    "uri": "http://www.w3.org/2008/05/skos#prefLabel"
                },
                "status": "ForcedByUser",
                "keyInfo": "None",
                "modelIds": null
            },
            {
                "id": "http://www.americanartcollaborative.org/ontology/Person1---http://rdvocab.info/ElementsGr2/nameOfThePerson---HN9",
                "weight": 0.01,
                "type": "DataPropertyLink",
                "label": {
                    "uri": "http://rdvocab.info/ElementsGr2/nameOfThePerson"
                },
                "status": "ForcedByUser",
                "keyInfo": "None",
                "modelIds": null
            },
            {
                "id": "http://www.americanartcollaborative.org/ontology/CulturalHeritageObject1---http://purl.org/dc/terms/provenance---HN18",
                "weight": 0.01,
                "type": "DataPropertyLink",
                "label": {
                    "uri": "http://purl.org/dc/terms/provenance"
                },
                "status": "ForcedByUser",
                "keyInfo": "None",
                "modelIds": null
            },
            {
                "id": "http://www.americanartcollaborative.org/ontology/CulturalHeritageObject1---http://purl.org/dc/terms/rightsHolder---HN27",
                "weight": 0.01,
                "type": "DataPropertyLink",
                "label": {
                    "uri": "http://purl.org/dc/terms/rightsHolder"
                },
                "status": "ForcedByUser",
                "keyInfo": "None",
                "modelIds": null
            },
            {
                "id": "http://www.americanartcollaborative.org/ontology/CulturalHeritageObject1---http://purl.org/dc/terms/extent---HN32",
                "weight": 0.01,
                "type": "DataPropertyLink",
                "label": {
                    "uri": "http://purl.org/dc/terms/extent"
                },
                "status": "ForcedByUser",
                "keyInfo": "None",
                "modelIds": null
            },
            {
                "id": "http://www.americanartcollaborative.org/ontology/CulturalHeritageObject1---http://purl.org/dc/terms/medium---HN20",
                "weight": 0.01,
                "type": "DataPropertyLink",
                "label": {
                    "uri": "http://purl.org/dc/terms/medium"
                },
                "status": "ForcedByUser",
                "keyInfo": "None",
                "modelIds": null
            },
            {
                "id": "http://www.americanartcollaborative.org/ontology/Person1---http://rdvocab.info/ElementsGr2/dateOfBirth---HN10",
                "weight": 0.01,
                "type": "DataPropertyLink",
                "label": {
                    "uri": "http://rdvocab.info/ElementsGr2/dateOfBirth"
                },
                "status": "ForcedByUser",
                "keyInfo": "None",
                "modelIds": null
            },
            {
                "id": "http://www.americanartcollaborative.org/ontology/Person1---http://rdvocab.info/ElementsGr2/dateOfDeath---HN11",
                "weight": 0.01,
                "type": "DataPropertyLink",
                "label": {
                    "uri": "http://rdvocab.info/ElementsGr2/dateOfDeath"
                },
                "status": "ForcedByUser",
                "keyInfo": "None",
                "modelIds": null
            },
            {
                "id": "http://www.americanartcollaborative.org/ontology/CulturalHeritageObject1---http://www.americanartcollaborative.org/ontology/accessionNumber---HN5",
                "weight": 0.01,
                "type": "DataPropertyLink",
                "label": {
                    "uri": "http://www.americanartcollaborative.org/ontology/accessionNumber"
                },
                "status": "ForcedByUser",
                "keyInfo": "None",
                "modelIds": null
            },
            {
                "id": "http://www.americanartcollaborative.org/ontology/Person1---http://rdvocab.info/ElementsGr2/countryAssociatedWithThePerson---HN12",
                "weight": 0.01,
                "type": "DataPropertyLink",
                "label": {
                    "uri": "http://rdvocab.info/ElementsGr2/countryAssociatedWithThePerson"
                },
                "status": "ForcedByUser",
                "keyInfo": "None",
                "modelIds": null
            }
        ]
    }
}