{
    "id": "s14-s-california-african-american.json",
    "name": "s14-s-california-african-american.json",
    "description": null,
    "sourceColumns": [
        {
            "id": "HN53201",
            "hNodeId": "HN53201",
            "columnName": "type"
        },
        {
            "id": "HN53193",
            "hNodeId": "HN53193",
            "columnName": "dimensions"
        },
        {
            "id": "HN53191",
            "hNodeId": "HN53191",
            "columnName": "imageUrl"
        },
        {
            "id": "HN53197",
            "hNodeId": "HN53197",
            "columnName": "artist"
        },
        {
            "id": "HN53205",
            "hNodeId": "HN53205",
            "columnName": "url"
        },
        {
            "id": "HN53185",
            "hNodeId": "HN53185",
            "columnName": "technique"
        },
        {
            "id": "HN53187",
            "hNodeId": "HN53187",
            "columnName": "provenance"
        },
        {
            "id": "HN53199",
            "hNodeId": "HN53199",
            "columnName": "accessionId"
        },
        {
            "id": "HN53189",
            "hNodeId": "HN53189",
            "columnName": "title"
        }
    ],
    "mappingToSourceColumns": [
        {
            "id": "HN53193",
            "sourceColumnId": "HN53193"
        },
        {
            "id": "HN53201",
            "sourceColumnId": "HN53201"
        },
        {
            "id": "HN53191",
            "sourceColumnId": "HN53191"
        },
        {
            "id": "HN53197",
            "sourceColumnId": "HN53197"
        },
        {
            "id": "HN53205",
            "sourceColumnId": "HN53205"
        },
        {
            "id": "HN53185",
            "sourceColumnId": "HN53185"
        },
        {
            "id": "HN53187",
            "sourceColumnId": "HN53187"
        },
        {
            "id": "HN53199",
            "sourceColumnId": "HN53199"
        },
        {
            "id": "HN53189",
            "sourceColumnId": "HN53189"
        }
    ],
    "graph": {
        "nodes": [
            {
                "id": "http://www.americanartcollaborative.org/ontology/CulturalHeritageObject1",
                "label": {
                    "uri": "http://www.americanartcollaborative.org/ontology/CulturalHeritageObject"
                },
                "type": "InternalNode",
                "modelIds": null
            },
            {
                "id": "http://www.americanartcollaborative.org/ontology/Person1",
                "label": {
                    "uri": "http://www.americanartcollaborative.org/ontology/Person"
                },
                "type": "InternalNode",
                "modelIds": null
            },
            {
                "id": "http://www.w3.org/2008/05/skos#Concept1",
                "label": {
                    "uri": "http://www.w3.org/2008/05/skos#Concept"
                },
                "type": "InternalNode",
                "modelIds": null
            },
            {
                "id": "http://xmlns.com/foaf/0.1/Document1",
                "label": {
                    "uri": "http://xmlns.com/foaf/0.1/Document"
                },
                "type": "InternalNode",
                "modelIds": null
            },
            {
                "id": "http://www.europeana.eu/schemas/edm/EuropeanaAggregation1",
                "label": {
                    "uri": "http://www.europeana.eu/schemas/edm/EuropeanaAggregation"
                },
                "type": "InternalNode",
                "modelIds": null
            },
            {
                "id": "http://www.europeana.eu/schemas/edm/WebResource1",
                "label": {
                    "uri": "http://www.europeana.eu/schemas/edm/WebResource"
                },
                "type": "InternalNode",
                "modelIds": null
            },
            {
                "id": "HN53201",
                "label": {
                    "uri": "HN53201"
                },
                "type": "ColumnNode",
                "hNodeId": "HN53201",
                "columnName": "type",
                "rdfLiteralType": null,
                "userSemanticTypes": [
                    {
                        "hNodeId": "HN53201",
                        "domain": {
                            "uri": "http://www.w3.org/2008/05/skos#Concept"
                        },
                        "type": {
                            "uri": "http://www.w3.org/2008/05/skos#prefLabel"
                        },
                        "origin": "User",
                        "confidenceScore": 1.0
                    }
                ],
                "learnedSemanticTypes": [
                    {
                        "hNodeId": "HN53201",
                        "domain": {
                            "uri": "http://www.w3.org/2008/05/skos#Concept"
                        },
                        "type": {
                            "uri": "http://www.w3.org/2008/05/skos#prefLabel"
                        },
                        "origin": "TfIdfModel",
                        "confidenceScore": 0.5164188397645845
                    },
                    {
                        "hNodeId": "HN53201",
                        "domain": {
                            "uri": "http://www.americanartcollaborative.org/ontology/CulturalHeritageObject"
                        },
                        "type": {
                            "uri": "http://purl.org/dc/terms/description"
                        },
                        "origin": "TfIdfModel",
                        "confidenceScore": 0.18687875362398776
                    },
                    {
                        "hNodeId": "HN53201",
                        "domain": {
                            "uri": "http://xmlns.com/foaf/0.1/Document"
                        },
                        "type": {
                            "uri": "http://isi.edu/integration/karma/dev#classLink"
                        },
                        "origin": "TfIdfModel",
                        "confidenceScore": 0.15195399166910079
                    },
                    {
                        "hNodeId": "HN53201",
                        "domain": {
                            "uri": "http://www.americanartcollaborative.org/ontology/CulturalHeritageObject"
                        },
                        "type": {
                            "uri": "http://purl.org/dc/terms/provenance"
                        },
                        "origin": "TfIdfModel",
                        "confidenceScore": 0.14474841494232693
                    }
                ],
                "modelIds": null
            },
            {
                "id": "HN53193",
                "label": {
                    "uri": "HN53193"
                },
                "type": "ColumnNode",
                "hNodeId": "HN53193",
                "columnName": "dimensions",
                "rdfLiteralType": null,
                "userSemanticTypes": [
                    {
                        "hNodeId": "HN53193",
                        "domain": {
                            "uri": "http://www.americanartcollaborative.org/ontology/CulturalHeritageObject"
                        },
                        "type": {
                            "uri": "http://purl.org/dc/terms/extent"
                        },
                        "origin": "User",
                        "confidenceScore": 1.0
                    }
                ],
                "learnedSemanticTypes": [
                    {
                        "hNodeId": "HN53193",
                        "domain": {
                            "uri": "http://www.americanartcollaborative.org/ontology/CulturalHeritageObject"
                        },
                        "type": {
                            "uri": "http://purl.org/dc/terms/extent"
                        },
                        "origin": "TfIdfModel",
                        "confidenceScore": 0.7216291378124278
                    },
                    {
                        "hNodeId": "HN53193",
                        "domain": {
                            "uri": "http://www.americanartcollaborative.org/ontology/CulturalHeritageObject"
                        },
                        "type": {
                            "uri": "http://purl.org/dc/terms/provenance"
                        },
                        "origin": "TfIdfModel",
                        "confidenceScore": 0.104290627099659
                    },
                    {
                        "hNodeId": "HN53193",
                        "domain": {
                            "uri": "http://www.americanartcollaborative.org/ontology/CulturalHeritageObject"
                        },
                        "type": {
                            "uri": "http://purl.org/dc/terms/description"
                        },
                        "origin": "TfIdfModel",
                        "confidenceScore": 0.08710579750554222
                    },
                    {
                        "hNodeId": "HN53193",
                        "domain": {
                            "uri": "http://www.americanartcollaborative.org/ontology/CulturalHeritageObject"
                        },
                        "type": {
                            "uri": "http://www.americanartcollaborative.org/ontology/accessionNumber"
                        },
                        "origin": "TfIdfModel",
                        "confidenceScore": 0.08697443758237099
                    }
                ],
                "modelIds": null
            },
            {
                "id": "HN53191",
                "label": {
                    "uri": "HN53191"
                },
                "type": "ColumnNode",
                "hNodeId": "HN53191",
                "columnName": "imageUrl",
                "rdfLiteralType": null,
                "userSemanticTypes": [
                    {
                        "hNodeId": "HN53191",
                        "domain": {
                            "uri": "http://www.europeana.eu/schemas/edm/WebResource"
                        },
                        "type": {
                            "uri": "http://isi.edu/integration/karma/dev#classLink"
                        },
                        "origin": "User",
                        "confidenceScore": 1.0
                    }
                ],
                "learnedSemanticTypes": [
                    {
                        "hNodeId": "HN53191",
                        "domain": {
                            "uri": "http://www.europeana.eu/schemas/edm/WebResource"
                        },
                        "type": {
                            "uri": "http://isi.edu/integration/karma/dev#classLink"
                        },
                        "origin": "TfIdfModel",
                        "confidenceScore": 0.845777193379256
                    },
                    {
                        "hNodeId": "HN53191",
                        "domain": {
                            "uri": "http://xmlns.com/foaf/0.1/Document"
                        },
                        "type": {
                            "uri": "http://isi.edu/integration/karma/dev#classLink"
                        },
                        "origin": "TfIdfModel",
                        "confidenceScore": 0.14480322335326284
                    },
                    {
                        "hNodeId": "HN53191",
                        "domain": {
                            "uri": "http://www.americanartcollaborative.org/ontology/CulturalHeritageObject"
                        },
                        "type": {
                            "uri": "http://purl.org/dc/terms/description"
                        },
                        "origin": "TfIdfModel",
                        "confidenceScore": 0.0073760794669877365
                    },
                    {
                        "hNodeId": "HN53191",
                        "domain": {
                            "uri": "http://www.americanartcollaborative.org/ontology/CulturalHeritageObject"
                        },
                        "type": {
                            "uri": "http://purl.org/dc/terms/rightsHolder"
                        },
                        "origin": "TfIdfModel",
                        "confidenceScore": 0.002043503800493316
                    }
                ],
                "modelIds": null
            },
            {
                "id": "HN53197",
                "label": {
                    "uri": "HN53197"
                },
                "type": "ColumnNode",
                "hNodeId": "HN53197",
                "columnName": "artist",
                "rdfLiteralType": null,
                "userSemanticTypes": [
                    {
                        "hNodeId": "HN53197",
                        "domain": {
                            "uri": "http://www.americanartcollaborative.org/ontology/Person"
                        },
                        "type": {
                            "uri": "http://rdvocab.info/ElementsGr2/nameOfThePerson"
                        },
                        "origin": "User",
                        "confidenceScore": 1.0
                    }
                ],
                "learnedSemanticTypes": [
                    {
                        "hNodeId": "HN53197",
                        "domain": {
                            "uri": "http://www.americanartcollaborative.org/ontology/Person"
                        },
                        "type": {
                            "uri": "http://rdvocab.info/ElementsGr2/nameOfThePerson"
                        },
                        "origin": "TfIdfModel",
                        "confidenceScore": 0.3945722494030343
                    },
                    {
                        "hNodeId": "HN53197",
                        "domain": {
                            "uri": "http://xmlns.com/foaf/0.1/Document"
                        },
                        "type": {
                            "uri": "http://isi.edu/integration/karma/dev#classLink"
                        },
                        "origin": "TfIdfModel",
                        "confidenceScore": 0.35913800505298127
                    },
                    {
                        "hNodeId": "HN53197",
                        "domain": {
                            "uri": "http://www.americanartcollaborative.org/ontology/CulturalHeritageObject"
                        },
                        "type": {
                            "uri": "http://purl.org/dc/terms/provenance"
                        },
                        "origin": "TfIdfModel",
                        "confidenceScore": 0.12590900940997868
                    },
                    {
                        "hNodeId": "HN53197",
                        "domain": {
                            "uri": "http://www.americanartcollaborative.org/ontology/CulturalHeritageObject"
                        },
                        "type": {
                            "uri": "http://purl.org/dc/terms/description"
                        },
                        "origin": "TfIdfModel",
                        "confidenceScore": 0.12038073613400575
                    }
                ],
                "modelIds": null
            },
            {
                "id": "HN53205",
                "label": {
                    "uri": "HN53205"
                },
                "type": "ColumnNode",
                "hNodeId": "HN53205",
                "columnName": "url",
                "rdfLiteralType": null,
                "userSemanticTypes": [
                    {
                        "hNodeId": "HN53205",
                        "domain": {
                            "uri": "http://xmlns.com/foaf/0.1/Document"
                        },
                        "type": {
                            "uri": "http://isi.edu/integration/karma/dev#classLink"
                        },
                        "origin": "User",
                        "confidenceScore": 1.0
                    }
                ],
                "learnedSemanticTypes": [
                    {
                        "hNodeId": "HN53205",
                        "domain": {
                            "uri": "http://xmlns.com/foaf/0.1/Document"
                        },
                        "type": {
                            "uri": "http://isi.edu/integration/karma/dev#classLink"
                        },
                        "origin": "TfIdfModel",
                        "confidenceScore": 0.8746320198052155
                    },
                    {
                        "hNodeId": "HN53205",
                        "domain": {
                            "uri": "http://www.europeana.eu/schemas/edm/WebResource"
                        },
                        "type": {
                            "uri": "http://isi.edu/integration/karma/dev#classLink"
                        },
                        "origin": "TfIdfModel",
                        "confidenceScore": 0.06720346072790469
                    },
                    {
                        "hNodeId": "HN53205",
                        "domain": {
                            "uri": "http://www.americanartcollaborative.org/ontology/CulturalHeritageObject"
                        },
                        "type": {
                            "uri": "http://purl.org/dc/terms/extent"
                        },
                        "origin": "TfIdfModel",
                        "confidenceScore": 0.03776751505524924
                    },
                    {
                        "hNodeId": "HN53205",
                        "domain": {
                            "uri": "http://www.americanartcollaborative.org/ontology/CulturalHeritageObject"
                        },
                        "type": {
                            "uri": "http://purl.org/dc/terms/description"
                        },
                        "origin": "TfIdfModel",
                        "confidenceScore": 0.020397004411630525
                    }
                ],
                "modelIds": null
            },
            {
                "id": "HN53185",
                "label": {
                    "uri": "HN53185"
                },
                "type": "ColumnNode",
                "hNodeId": "HN53185",
                "columnName": "technique",
                "rdfLiteralType": null,
                "userSemanticTypes": [
                    {
                        "hNodeId": "HN53185",
                        "domain": {
                            "uri": "http://www.americanartcollaborative.org/ontology/CulturalHeritageObject"
                        },
                        "type": {
                            "uri": "http://purl.org/dc/terms/medium"
                        },
                        "origin": "User",
                        "confidenceScore": 1.0
                    }
                ],
                "learnedSemanticTypes": [
                    {
                        "hNodeId": "HN53185",
                        "domain": {
                            "uri": "http://www.americanartcollaborative.org/ontology/CulturalHeritageObject"
                        },
                        "type": {
                            "uri": "http://purl.org/dc/terms/medium"
                        },
                        "origin": "TfIdfModel",
                        "confidenceScore": 0.734321744545304
                    },
                    {
                        "hNodeId": "HN53185",
                        "domain": {
                            "uri": "http://www.americanartcollaborative.org/ontology/CulturalHeritageObject"
                        },
                        "type": {
                            "uri": "http://purl.org/dc/terms/description"
                        },
                        "origin": "TfIdfModel",
                        "confidenceScore": 0.11462391548007562
                    },
                    {
                        "hNodeId": "HN53185",
                        "domain": {
                            "uri": "http://www.w3.org/2008/05/skos#Concept"
                        },
                        "type": {
                            "uri": "http://www.w3.org/2008/05/skos#prefLabel"
                        },
                        "origin": "TfIdfModel",
                        "confidenceScore": 0.10137153066699617
                    },
                    {
                        "hNodeId": "HN53185",
                        "domain": {
                            "uri": "http://www.americanartcollaborative.org/ontology/CulturalHeritageObject"
                        },
                        "type": {
                            "uri": "http://purl.org/dc/terms/provenance"
                        },
                        "origin": "TfIdfModel",
                        "confidenceScore": 0.04968280930762427
                    }
                ],
                "modelIds": null
            },
            {
                "id": "HN53187",
                "label": {
                    "uri": "HN53187"
                },
                "type": "ColumnNode",
                "hNodeId": "HN53187",
                "columnName": "provenance",
                "rdfLiteralType": null,
                "userSemanticTypes": [
                    {
                        "hNodeId": "HN53187",
                        "domain": {
                            "uri": "http://www.americanartcollaborative.org/ontology/CulturalHeritageObject"
                        },
                        "type": {
                            "uri": "http://purl.org/dc/terms/provenance"
                        },
                        "origin": "User",
                        "confidenceScore": 1.0
                    }
                ],
                "learnedSemanticTypes": [
                    {
                        "hNodeId": "HN53187",
                        "domain": {
                            "uri": "http://www.americanartcollaborative.org/ontology/CulturalHeritageObject"
                        },
                        "type": {
                            "uri": "http://purl.org/dc/terms/provenance"
                        },
                        "origin": "TfIdfModel",
                        "confidenceScore": 0.7938725001947337
                    },
                    {
                        "hNodeId": "HN53187",
                        "domain": {
                            "uri": "http://www.americanartcollaborative.org/ontology/CulturalHeritageObject"
                        },
                        "type": {
                            "uri": "http://purl.org/dc/terms/description"
                        },
                        "origin": "TfIdfModel",
                        "confidenceScore": 0.13151512909610744
                    },
                    {
                        "hNodeId": "HN53187",
                        "domain": {
                            "uri": "http://www.americanartcollaborative.org/ontology/Person"
                        },
                        "type": {
                            "uri": "http://rdvocab.info/ElementsGr2/biographicalInformation"
                        },
                        "origin": "TfIdfModel",
                        "confidenceScore": 0.051613013291877105
                    },
                    {
                        "hNodeId": "HN53187",
                        "domain": {
                            "uri": "http://www.americanartcollaborative.org/ontology/CulturalHeritageObject"
                        },
                        "type": {
                            "uri": "http://purl.org/dc/terms/title"
                        },
                        "origin": "TfIdfModel",
                        "confidenceScore": 0.022999357417281787
                    }
                ],
                "modelIds": null
            },
            {
                "id": "HN53199",
                "label": {
                    "uri": "HN53199"
                },
                "type": "ColumnNode",
                "hNodeId": "HN53199",
                "columnName": "accessionId",
                "rdfLiteralType": null,
                "userSemanticTypes": [
                    {
                        "hNodeId": "HN53199",
                        "domain": {
                            "uri": "http://www.americanartcollaborative.org/ontology/CulturalHeritageObject"
                        },
                        "type": {
                            "uri": "http://www.americanartcollaborative.org/ontology/accessionNumber"
                        },
                        "origin": "User",
                        "confidenceScore": 1.0
                    }
                ],
                "learnedSemanticTypes": [
                    {
                        "hNodeId": "HN53199",
                        "domain": {
                            "uri": "http://www.americanartcollaborative.org/ontology/CulturalHeritageObject"
                        },
                        "type": {
                            "uri": "http://www.americanartcollaborative.org/ontology/accessionNumber"
                        },
                        "origin": "TfIdfModel",
                        "confidenceScore": 0.9917858292083573
                    },
                    {
                        "hNodeId": "HN53199",
                        "domain": {
                            "uri": "http://www.europeana.eu/schemas/edm/WebResource"
                        },
                        "type": {
                            "uri": "http://isi.edu/integration/karma/dev#classLink"
                        },
                        "origin": "TfIdfModel",
                        "confidenceScore": 0.00821417079164266
                    }
                ],
                "modelIds": null
            },
            {
                "id": "HN53189",
                "label": {
                    "uri": "HN53189"
                },
                "type": "ColumnNode",
                "hNodeId": "HN53189",
                "columnName": "title",
                "rdfLiteralType": null,
                "userSemanticTypes": [
                    {
                        "hNodeId": "HN53189",
                        "domain": {
                            "uri": "http://www.americanartcollaborative.org/ontology/CulturalHeritageObject"
                        },
                        "type": {
                            "uri": "http://purl.org/dc/terms/title"
                        },
                        "origin": "User",
                        "confidenceScore": 1.0
                    }
                ],
                "learnedSemanticTypes": [
                    {
                        "hNodeId": "HN53189",
                        "domain": {
                            "uri": "http://www.americanartcollaborative.org/ontology/CulturalHeritageObject"
                        },
                        "type": {
                            "uri": "http://purl.org/dc/terms/title"
                        },
                        "origin": "TfIdfModel",
                        "confidenceScore": 0.40810294153004484
                    },
                    {
                        "hNodeId": "HN53189",
                        "domain": {
                            "uri": "http://www.americanartcollaborative.org/ontology/CulturalHeritageObject"
                        },
                        "type": {
                            "uri": "http://purl.org/dc/terms/description"
                        },
                        "origin": "TfIdfModel",
                        "confidenceScore": 0.3384331074800718
                    },
                    {
                        "hNodeId": "HN53189",
                        "domain": {
                            "uri": "http://www.americanartcollaborative.org/ontology/CulturalHeritageObject"
                        },
                        "type": {
                            "uri": "http://purl.org/dc/terms/provenance"
                        },
                        "origin": "TfIdfModel",
                        "confidenceScore": 0.13108993353819068
                    },
                    {
                        "hNodeId": "HN53189",
                        "domain": {
                            "uri": "http://www.americanartcollaborative.org/ontology/Person"
                        },
                        "type": {
                            "uri": "http://rdvocab.info/ElementsGr2/biographicalInformation"
                        },
                        "origin": "TfIdfModel",
                        "confidenceScore": 0.12237401745169264
                    }
                ],
                "modelIds": null
            }
        ],
        "links": [
            {
                "id": "http://www.americanartcollaborative.org/ontology/CulturalHeritageObject1---http://purl.org/dc/terms/creator---http://www.americanartcollaborative.org/ontology/Person1",
                "weight": 0.009999999776482582,
                "type": "ObjectPropertyLink",
                "label": {
                    "uri": "http://purl.org/dc/terms/creator"
                },
                "objectPropertyType": "None",
                "status": "ForcedByUser",
                "keyInfo": "None",
                "modelIds": null
            },
            {
                "id": "http://www.americanartcollaborative.org/ontology/CulturalHeritageObject1---http://www.europeana.eu/schemas/edm/hasType---http://www.w3.org/2008/05/skos#Concept1",
                "weight": 0.009999999776482582,
                "type": "ObjectPropertyLink",
                "label": {
                    "uri": "http://www.europeana.eu/schemas/edm/hasType"
                },
                "objectPropertyType": "None",
                "status": "ForcedByUser",
                "keyInfo": "None",
                "modelIds": null
            },
            {
                "id": "http://www.americanartcollaborative.org/ontology/CulturalHeritageObject1---http://xmlns.com/foaf/0.1/page---http://xmlns.com/foaf/0.1/Document1",
                "weight": 0.009999999776482582,
                "type": "ObjectPropertyLink",
                "label": {
                    "uri": "http://xmlns.com/foaf/0.1/page"
                },
                "objectPropertyType": "None",
                "status": "ForcedByUser",
                "keyInfo": "None",
                "modelIds": null
            },
            {
                "id": "http://www.europeana.eu/schemas/edm/EuropeanaAggregation1---http://www.europeana.eu/schemas/edm/aggregatedCHO---http://www.americanartcollaborative.org/ontology/CulturalHeritageObject1",
                "weight": 0.009999999776482582,
                "type": "ObjectPropertyLink",
                "label": {
                    "uri": "http://www.europeana.eu/schemas/edm/aggregatedCHO"
                },
                "objectPropertyType": "None",
                "status": "ForcedByUser",
                "keyInfo": "None",
                "modelIds": null
            },
            {
                "id": "http://www.europeana.eu/schemas/edm/EuropeanaAggregation1---http://www.europeana.eu/schemas/edm/hasView---http://www.europeana.eu/schemas/edm/WebResource1",
                "weight": 0.009999999776482582,
                "type": "ObjectPropertyLink",
                "label": {
                    "uri": "http://www.europeana.eu/schemas/edm/hasView"
                },
                "objectPropertyType": "None",
                "status": "ForcedByUser",
                "keyInfo": "None",
                "modelIds": null
            },
            {
                "id": "http://www.w3.org/2008/05/skos#Concept1---http://www.w3.org/2008/05/skos#prefLabel---HN53201",
                "weight": 0.01,
                "type": "DataPropertyLink",
                "label": {
                    "uri": "http://www.w3.org/2008/05/skos#prefLabel"
                },
                "status": "ForcedByUser",
                "keyInfo": "None",
                "modelIds": null
            },
            {
                "id": "http://www.americanartcollaborative.org/ontology/CulturalHeritageObject1---http://purl.org/dc/terms/extent---HN53193",
                "weight": 0.01,
                "type": "DataPropertyLink",
                "label": {
                    "uri": "http://purl.org/dc/terms/extent"
                },
                "status": "ForcedByUser",
                "keyInfo": "None",
                "modelIds": null
            },
            {
                "id": "http://www.europeana.eu/schemas/edm/WebResource1---http://isi.edu/integration/karma/dev#classLink---HN53191",
                "weight": 0.01,
                "type": "ClassInstanceLink",
                "label": {
                    "uri": "http://isi.edu/integration/karma/dev#classLink"
                },
                "status": "ForcedByUser",
                "keyInfo": "UriOfInstance",
                "modelIds": null
            },
            {
                "id": "http://www.americanartcollaborative.org/ontology/Person1---http://rdvocab.info/ElementsGr2/nameOfThePerson---HN53197",
                "weight": 0.01,
                "type": "DataPropertyLink",
                "label": {
                    "uri": "http://rdvocab.info/ElementsGr2/nameOfThePerson"
                },
                "status": "ForcedByUser",
                "keyInfo": "None",
                "modelIds": null
            },
            {
                "id": "http://xmlns.com/foaf/0.1/Document1---http://isi.edu/integration/karma/dev#classLink---HN53205",
                "weight": 0.01,
                "type": "ClassInstanceLink",
                "label": {
                    "uri": "http://isi.edu/integration/karma/dev#classLink"
                },
                "status": "ForcedByUser",
                "keyInfo": "UriOfInstance",
                "modelIds": null
            },
            {
                "id": "http://www.americanartcollaborative.org/ontology/CulturalHeritageObject1---http://purl.org/dc/terms/medium---HN53185",
                "weight": 0.01,
                "type": "DataPropertyLink",
                "label": {
                    "uri": "http://purl.org/dc/terms/medium"
                },
                "status": "ForcedByUser",
                "keyInfo": "None",
                "modelIds": null
            },
            {
                "id": "http://www.americanartcollaborative.org/ontology/CulturalHeritageObject1---http://purl.org/dc/terms/provenance---HN53187",
                "weight": 0.01,
                "type": "DataPropertyLink",
                "label": {
                    "uri": "http://purl.org/dc/terms/provenance"
                },
                "status": "ForcedByUser",
                "keyInfo": "None",
                "modelIds": null
            },
            {
                "id": "http://www.americanartcollaborative.org/ontology/CulturalHeritageObject1---http://www.americanartcollaborative.org/ontology/accessionNumber---HN53199",
                "weight": 0.01,
                "type": "DataPropertyLink",
                "label": {
                    "uri": "http://www.americanartcollaborative.org/ontology/accessionNumber"
                },
                "status": "ForcedByUser",
                "keyInfo": "None",
                "modelIds": null
            },
            {
                "id": "http://www.americanartcollaborative.org/ontology/CulturalHeritageObject1---http://purl.org/dc/terms/title---HN53189",
                "weight": 0.01,
                "type": "DataPropertyLink",
                "label": {
                    "uri": "http://purl.org/dc/terms/title"
                },
                "status": "ForcedByUser",
                "keyInfo": "None",
                "modelIds": null
            }
        ]
    }
}