{
    "id": "s24-s-norton-simon.json",
    "name": "s24-s-norton-simon.json",
    "description": null,
    "sourceColumns": [
        {
            "id": "HN63552",
            "hNodeId": "HN63552",
            "columnName": "made"
        },
        {
            "id": "HN63556",
            "hNodeId": "HN63556",
            "columnName": "title"
        },
        {
            "id": "HN63560",
            "hNodeId": "HN63560",
            "columnName": "artist"
        },
        {
            "id": "HN98091",
            "hNodeId": "HN98091",
            "columnName": "birthDate"
        },
        {
            "id": "HN63554",
            "hNodeId": "HN63554",
            "columnName": "prov"
        },
        {
            "id": "HN63562",
            "hNodeId": "HN63562",
            "columnName": "image_url"
        },
        {
            "id": "HN63546",
            "hNodeId": "HN63546",
            "columnName": "access"
        },
        {
            "id": "HN63558",
            "hNodeId": "HN63558",
            "columnName": "nationality"
        },
        {
            "id": "HN63548",
            "hNodeId": "HN63548",
            "columnName": "dim"
        },
        {
            "id": "HN101548",
            "hNodeId": "HN101548",
            "columnName": "deathDate"
        }
    ],
    "mappingToSourceColumns": [
        {
            "id": "HN63552",
            "sourceColumnId": "HN63552"
        },
        {
            "id": "HN63556",
            "sourceColumnId": "HN63556"
        },
        {
            "id": "HN98091",
            "sourceColumnId": "HN98091"
        },
        {
            "id": "HN63560",
            "sourceColumnId": "HN63560"
        },
        {
            "id": "HN63554",
            "sourceColumnId": "HN63554"
        },
        {
            "id": "HN63562",
            "sourceColumnId": "HN63562"
        },
        {
            "id": "HN63546",
            "sourceColumnId": "HN63546"
        },
        {
            "id": "HN63558",
            "sourceColumnId": "HN63558"
        },
        {
            "id": "HN101548",
            "sourceColumnId": "HN101548"
        },
        {
            "id": "HN63548",
            "sourceColumnId": "HN63548"
        }
    ],
    "graph": {
        "nodes": [
            {
                "id": "http://www.americanartcollaborative.org/ontology/CulturalHeritageObject1",
                "label": {
                    "uri": "http://www.americanartcollaborative.org/ontology/CulturalHeritageObject"
                },
                "type": "InternalNode",
                "modelIds": null
            },
            {
                "id": "http://www.americanartcollaborative.org/ontology/Person1",
                "label": {
                    "uri": "http://www.americanartcollaborative.org/ontology/Person"
                },
                "type": "InternalNode",
                "modelIds": null
            },
            {
                "id": "http://www.europeana.eu/schemas/edm/EuropeanaAggregation1",
                "label": {
                    "uri": "http://www.europeana.eu/schemas/edm/EuropeanaAggregation"
                },
                "type": "InternalNode",
                "modelIds": null
            },
            {
                "id": "http://www.europeana.eu/schemas/edm/WebResource1",
                "label": {
                    "uri": "http://www.europeana.eu/schemas/edm/WebResource"
                },
                "type": "InternalNode",
                "modelIds": null
            },
            {
                "id": "HN63552",
                "label": {
                    "uri": "HN63552"
                },
                "type": "ColumnNode",
                "hNodeId": "HN63552",
                "columnName": "made",
                "rdfLiteralType": null,
                "userSemanticTypes": [
                    {
                        "hNodeId": "HN63552",
                        "domain": {
                            "uri": "http://www.americanartcollaborative.org/ontology/CulturalHeritageObject"
                        },
                        "type": {
                            "uri": "http://purl.org/dc/terms/created"
                        },
                        "origin": "User",
                        "confidenceScore": 1.0
                    }
                ],
                "learnedSemanticTypes": [
                    {
                        "hNodeId": "HN63552",
                        "domain": {
                            "uri": "http://www.americanartcollaborative.org/ontology/CulturalHeritageObject"
                        },
                        "type": {
                            "uri": "http://purl.org/dc/terms/created"
                        },
                        "origin": "TfIdfModel",
                        "confidenceScore": 0.479557747462926
                    },
                    {
                        "hNodeId": "HN63552",
                        "domain": {
                            "uri": "http://www.americanartcollaborative.org/ontology/Person"
                        },
                        "type": {
                            "uri": "http://rdvocab.info/ElementsGr2/dateOfDeath"
                        },
                        "origin": "TfIdfModel",
                        "confidenceScore": 0.2380129896111111
                    },
                    {
                        "hNodeId": "HN63552",
                        "domain": {
                            "uri": "http://www.americanartcollaborative.org/ontology/Person"
                        },
                        "type": {
                            "uri": "http://rdvocab.info/ElementsGr2/dateOfBirth"
                        },
                        "origin": "TfIdfModel",
                        "confidenceScore": 0.19709104677012265
                    },
                    {
                        "hNodeId": "HN63552",
                        "domain": {
                            "uri": "http://www.americanartcollaborative.org/ontology/CulturalHeritageObject"
                        },
                        "type": {
                            "uri": "http://purl.org/dc/terms/title"
                        },
                        "origin": "TfIdfModel",
                        "confidenceScore": 0.08533821615584024
                    }
                ],
                "modelIds": null
            },
            {
                "id": "HN63556",
                "label": {
                    "uri": "HN63556"
                },
                "type": "ColumnNode",
                "hNodeId": "HN63556",
                "columnName": "title",
                "rdfLiteralType": null,
                "userSemanticTypes": [
                    {
                        "hNodeId": "HN63556",
                        "domain": {
                            "uri": "http://www.americanartcollaborative.org/ontology/CulturalHeritageObject"
                        },
                        "type": {
                            "uri": "http://purl.org/dc/terms/title"
                        },
                        "origin": "User",
                        "confidenceScore": 1.0
                    }
                ],
                "learnedSemanticTypes": [
                    {
                        "hNodeId": "HN63556",
                        "domain": {
                            "uri": "http://www.americanartcollaborative.org/ontology/CulturalHeritageObject"
                        },
                        "type": {
                            "uri": "http://purl.org/dc/terms/title"
                        },
                        "origin": "TfIdfModel",
                        "confidenceScore": 0.39615394001505455
                    },
                    {
                        "hNodeId": "HN63556",
                        "domain": {
                            "uri": "http://www.americanartcollaborative.org/ontology/CulturalHeritageObject"
                        },
                        "type": {
                            "uri": "http://purl.org/dc/terms/description"
                        },
                        "origin": "TfIdfModel",
                        "confidenceScore": 0.3477515322668841
                    },
                    {
                        "hNodeId": "HN63556",
                        "domain": {
                            "uri": "http://www.americanartcollaborative.org/ontology/Person"
                        },
                        "type": {
                            "uri": "http://rdvocab.info/ElementsGr2/biographicalInformation"
                        },
                        "origin": "TfIdfModel",
                        "confidenceScore": 0.1433919731895598
                    },
                    {
                        "hNodeId": "HN63556",
                        "domain": {
                            "uri": "http://www.americanartcollaborative.org/ontology/CulturalHeritageObject"
                        },
                        "type": {
                            "uri": "http://purl.org/dc/terms/provenance"
                        },
                        "origin": "TfIdfModel",
                        "confidenceScore": 0.11270255452850157
                    }
                ],
                "modelIds": null
            },
            {
                "id": "HN63560",
                "label": {
                    "uri": "HN63560"
                },
                "type": "ColumnNode",
                "hNodeId": "HN63560",
                "columnName": "artist",
                "rdfLiteralType": null,
                "userSemanticTypes": [
                    {
                        "hNodeId": "HN63560",
                        "domain": {
                            "uri": "http://www.americanartcollaborative.org/ontology/Person"
                        },
                        "type": {
                            "uri": "http://rdvocab.info/ElementsGr2/nameOfThePerson"
                        },
                        "origin": "User",
                        "confidenceScore": 1.0
                    }
                ],
                "learnedSemanticTypes": [
                    {
                        "hNodeId": "HN63560",
                        "domain": {
                            "uri": "http://www.americanartcollaborative.org/ontology/Person"
                        },
                        "type": {
                            "uri": "http://rdvocab.info/ElementsGr2/nameOfThePerson"
                        },
                        "origin": "TfIdfModel",
                        "confidenceScore": 0.7586851573287413
                    },
                    {
                        "hNodeId": "HN63560",
                        "domain": {
                            "uri": "http://www.americanartcollaborative.org/ontology/CulturalHeritageObject"
                        },
                        "type": {
                            "uri": "http://purl.org/dc/terms/provenance"
                        },
                        "origin": "TfIdfModel",
                        "confidenceScore": 0.08970461730555787
                    },
                    {
                        "hNodeId": "HN63560",
                        "domain": {
                            "uri": "http://www.americanartcollaborative.org/ontology/CulturalHeritageObject"
                        },
                        "type": {
                            "uri": "http://purl.org/dc/terms/description"
                        },
                        "origin": "TfIdfModel",
                        "confidenceScore": 0.08049078034997159
                    },
                    {
                        "hNodeId": "HN63560",
                        "domain": {
                            "uri": "http://www.americanartcollaborative.org/ontology/Person"
                        },
                        "type": {
                            "uri": "http://rdvocab.info/ElementsGr2/biographicalInformation"
                        },
                        "origin": "TfIdfModel",
                        "confidenceScore": 0.07111944501572919
                    }
                ],
                "modelIds": null
            },
            {
                "id": "HN98091",
                "label": {
                    "uri": "HN98091"
                },
                "type": "ColumnNode",
                "hNodeId": "HN98091",
                "columnName": "birthDate",
                "rdfLiteralType": null,
                "userSemanticTypes": [
                    {
                        "hNodeId": "HN98091",
                        "domain": {
                            "uri": "http://www.americanartcollaborative.org/ontology/Person"
                        },
                        "type": {
                            "uri": "http://rdvocab.info/ElementsGr2/dateOfBirth"
                        },
                        "origin": "User",
                        "confidenceScore": 1.0
                    }
                ],
                "learnedSemanticTypes": [
                    {
                        "hNodeId": "HN98091",
                        "domain": {
                            "uri": "http://www.americanartcollaborative.org/ontology/Person"
                        },
                        "type": {
                            "uri": "http://rdvocab.info/ElementsGr2/dateOfBirth"
                        },
                        "origin": "TfIdfModel",
                        "confidenceScore": 0.40425629161625926
                    },
                    {
                        "hNodeId": "HN98091",
                        "domain": {
                            "uri": "http://www.americanartcollaborative.org/ontology/CulturalHeritageObject"
                        },
                        "type": {
                            "uri": "http://purl.org/dc/terms/created"
                        },
                        "origin": "TfIdfModel",
                        "confidenceScore": 0.283251765583405
                    },
                    {
                        "hNodeId": "HN98091",
                        "domain": {
                            "uri": "http://www.americanartcollaborative.org/ontology/Person"
                        },
                        "type": {
                            "uri": "http://rdvocab.info/ElementsGr2/dateOfDeath"
                        },
                        "origin": "TfIdfModel",
                        "confidenceScore": 0.2703071245190367
                    },
                    {
                        "hNodeId": "HN98091",
                        "domain": {
                            "uri": "http://www.americanartcollaborative.org/ontology/CulturalHeritageObject"
                        },
                        "type": {
                            "uri": "http://purl.org/dc/terms/provenance"
                        },
                        "origin": "TfIdfModel",
                        "confidenceScore": 0.042184818281299066
                    }
                ],
                "modelIds": null
            },
            {
                "id": "HN63554",
                "label": {
                    "uri": "HN63554"
                },
                "type": "ColumnNode",
                "hNodeId": "HN63554",
                "columnName": "prov",
                "rdfLiteralType": null,
                "userSemanticTypes": [
                    {
                        "hNodeId": "HN63554",
                        "domain": {
                            "uri": "http://www.americanartcollaborative.org/ontology/CulturalHeritageObject"
                        },
                        "type": {
                            "uri": "http://purl.org/dc/terms/provenance"
                        },
                        "origin": "User",
                        "confidenceScore": 1.0
                    }
                ],
                "learnedSemanticTypes": [
                    {
                        "hNodeId": "HN63554",
                        "domain": {
                            "uri": "http://www.americanartcollaborative.org/ontology/CulturalHeritageObject"
                        },
                        "type": {
                            "uri": "http://purl.org/dc/terms/provenance"
                        },
                        "origin": "TfIdfModel",
                        "confidenceScore": 0.6942393613492178
                    },
                    {
                        "hNodeId": "HN63554",
                        "domain": {
                            "uri": "http://www.americanartcollaborative.org/ontology/CulturalHeritageObject"
                        },
                        "type": {
                            "uri": "http://purl.org/dc/terms/description"
                        },
                        "origin": "TfIdfModel",
                        "confidenceScore": 0.19663723290847476
                    },
                    {
                        "hNodeId": "HN63554",
                        "domain": {
                            "uri": "http://www.americanartcollaborative.org/ontology/CulturalHeritageObject"
                        },
                        "type": {
                            "uri": "http://purl.org/dc/terms/title"
                        },
                        "origin": "TfIdfModel",
                        "confidenceScore": 0.058028334447261444
                    },
                    {
                        "hNodeId": "HN63554",
                        "domain": {
                            "uri": "http://www.americanartcollaborative.org/ontology/Person"
                        },
                        "type": {
                            "uri": "http://rdvocab.info/ElementsGr2/nameOfThePerson"
                        },
                        "origin": "TfIdfModel",
                        "confidenceScore": 0.05109507129504596
                    }
                ],
                "modelIds": null
            },
            {
                "id": "HN63562",
                "label": {
                    "uri": "HN63562"
                },
                "type": "ColumnNode",
                "hNodeId": "HN63562",
                "columnName": "image_url",
                "rdfLiteralType": null,
                "userSemanticTypes": [
                    {
                        "hNodeId": "HN63562",
                        "domain": {
                            "uri": "http://www.europeana.eu/schemas/edm/WebResource"
                        },
                        "type": {
                            "uri": "http://isi.edu/integration/karma/dev#classLink"
                        },
                        "origin": "User",
                        "confidenceScore": 1.0
                    }
                ],
                "learnedSemanticTypes": [
                    {
                        "hNodeId": "HN63562",
                        "domain": {
                            "uri": "http://www.europeana.eu/schemas/edm/WebResource"
                        },
                        "type": {
                            "uri": "http://isi.edu/integration/karma/dev#classLink"
                        },
                        "origin": "TfIdfModel",
                        "confidenceScore": 0.6344272345592461
                    },
                    {
                        "hNodeId": "HN63562",
                        "domain": {
                            "uri": "http://xmlns.com/foaf/0.1/Document"
                        },
                        "type": {
                            "uri": "http://isi.edu/integration/karma/dev#classLink"
                        },
                        "origin": "TfIdfModel",
                        "confidenceScore": 0.27424331238702726
                    },
                    {
                        "hNodeId": "HN63562",
                        "domain": {
                            "uri": "http://www.americanartcollaborative.org/ontology/CulturalHeritageObject"
                        },
                        "type": {
                            "uri": "http://purl.org/dc/terms/description"
                        },
                        "origin": "TfIdfModel",
                        "confidenceScore": 0.05129509729286325
                    },
                    {
                        "hNodeId": "HN63562",
                        "domain": {
                            "uri": "http://www.americanartcollaborative.org/ontology/CulturalHeritageObject"
                        },
                        "type": {
                            "uri": "http://www.americanartcollaborative.org/ontology/accessionNumber"
                        },
                        "origin": "TfIdfModel",
                        "confidenceScore": 0.04003435576086342
                    }
                ],
                "modelIds": null
            },
            {
                "id": "HN63546",
                "label": {
                    "uri": "HN63546"
                },
                "type": "ColumnNode",
                "hNodeId": "HN63546",
                "columnName": "access",
                "rdfLiteralType": null,
                "userSemanticTypes": [
                    {
                        "hNodeId": "HN63546",
                        "domain": {
                            "uri": "http://www.americanartcollaborative.org/ontology/CulturalHeritageObject"
                        },
                        "type": {
                            "uri": "http://www.americanartcollaborative.org/ontology/accessionNumber"
                        },
                        "origin": "User",
                        "confidenceScore": 1.0
                    }
                ],
                "learnedSemanticTypes": [
                    {
                        "hNodeId": "HN63546",
                        "domain": {
                            "uri": "http://www.americanartcollaborative.org/ontology/CulturalHeritageObject"
                        },
                        "type": {
                            "uri": "http://www.americanartcollaborative.org/ontology/accessionNumber"
                        },
                        "origin": "TfIdfModel",
                        "confidenceScore": 0.5707749828666453
                    },
                    {
                        "hNodeId": "HN63546",
                        "domain": {
                            "uri": "http://www.americanartcollaborative.org/ontology/CulturalHeritageObject"
                        },
                        "type": {
                            "uri": "http://purl.org/dc/terms/provenance"
                        },
                        "origin": "TfIdfModel",
                        "confidenceScore": 0.21566922493076376
                    },
                    {
                        "hNodeId": "HN63546",
                        "domain": {
                            "uri": "http://www.americanartcollaborative.org/ontology/Person"
                        },
                        "type": {
                            "uri": "http://rdvocab.info/ElementsGr2/nameOfThePerson"
                        },
                        "origin": "TfIdfModel",
                        "confidenceScore": 0.11717626750755863
                    },
                    {
                        "hNodeId": "HN63546",
                        "domain": {
                            "uri": "http://www.europeana.eu/schemas/edm/WebResource"
                        },
                        "type": {
                            "uri": "http://isi.edu/integration/karma/dev#classLink"
                        },
                        "origin": "TfIdfModel",
                        "confidenceScore": 0.09637952469503232
                    }
                ],
                "modelIds": null
            },
            {
                "id": "HN63558",
                "label": {
                    "uri": "HN63558"
                },
                "type": "ColumnNode",
                "hNodeId": "HN63558",
                "columnName": "nationality",
                "rdfLiteralType": null,
                "userSemanticTypes": [
                    {
                        "hNodeId": "HN63558",
                        "domain": {
                            "uri": "http://www.americanartcollaborative.org/ontology/Person"
                        },
                        "type": {
                            "uri": "http://rdvocab.info/ElementsGr2/countryAssociatedWithThePerson"
                        },
                        "origin": "User",
                        "confidenceScore": 1.0
                    }
                ],
                "learnedSemanticTypes": [
                    {
                        "hNodeId": "HN63558",
                        "domain": {
                            "uri": "http://www.americanartcollaborative.org/ontology/Person"
                        },
                        "type": {
                            "uri": "http://rdvocab.info/ElementsGr2/countryAssociatedWithThePerson"
                        },
                        "origin": "TfIdfModel",
                        "confidenceScore": 0.7928436465311949
                    },
                    {
                        "hNodeId": "HN63558",
                        "domain": {
                            "uri": "http://www.americanartcollaborative.org/ontology/CulturalHeritageObject"
                        },
                        "type": {
                            "uri": "http://purl.org/dc/terms/description"
                        },
                        "origin": "TfIdfModel",
                        "confidenceScore": 0.08805501675095638
                    },
                    {
                        "hNodeId": "HN63558",
                        "domain": {
                            "uri": "http://www.americanartcollaborative.org/ontology/Person"
                        },
                        "type": {
                            "uri": "http://rdvocab.info/ElementsGr2/biographicalInformation"
                        },
                        "origin": "TfIdfModel",
                        "confidenceScore": 0.07567266173016049
                    },
                    {
                        "hNodeId": "HN63558",
                        "domain": {
                            "uri": "http://www.americanartcollaborative.org/ontology/CulturalHeritageObject"
                        },
                        "type": {
                            "uri": "http://purl.org/dc/terms/provenance"
                        },
                        "origin": "TfIdfModel",
                        "confidenceScore": 0.04342867498768824
                    }
                ],
                "modelIds": null
            },
            {
                "id": "HN63548",
                "label": {
                    "uri": "HN63548"
                },
                "type": "ColumnNode",
                "hNodeId": "HN63548",
                "columnName": "dim",
                "rdfLiteralType": null,
                "userSemanticTypes": [
                    {
                        "hNodeId": "HN63548",
                        "domain": {
                            "uri": "http://www.americanartcollaborative.org/ontology/CulturalHeritageObject"
                        },
                        "type": {
                            "uri": "http://purl.org/dc/terms/extent"
                        },
                        "origin": "User",
                        "confidenceScore": 1.0
                    }
                ],
                "learnedSemanticTypes": [
                    {
                        "hNodeId": "HN63548",
                        "domain": {
                            "uri": "http://www.americanartcollaborative.org/ontology/CulturalHeritageObject"
                        },
                        "type": {
                            "uri": "http://purl.org/dc/terms/extent"
                        },
                        "origin": "TfIdfModel",
                        "confidenceScore": 0.8316171057609572
                    },
                    {
                        "hNodeId": "HN63548",
                        "domain": {
                            "uri": "http://www.americanartcollaborative.org/ontology/CulturalHeritageObject"
                        },
                        "type": {
                            "uri": "http://purl.org/dc/terms/description"
                        },
                        "origin": "TfIdfModel",
                        "confidenceScore": 0.0687398999936691
                    },
                    {
                        "hNodeId": "HN63548",
                        "domain": {
                            "uri": "http://www.americanartcollaborative.org/ontology/CulturalHeritageObject"
                        },
                        "type": {
                            "uri": "http://purl.org/dc/terms/provenance"
                        },
                        "origin": "TfIdfModel",
                        "confidenceScore": 0.05676986580591813
                    },
                    {
                        "hNodeId": "HN63548",
                        "domain": {
                            "uri": "http://www.americanartcollaborative.org/ontology/CulturalHeritageObject"
                        },
                        "type": {
                            "uri": "http://www.americanartcollaborative.org/ontology/accessionNumber"
                        },
                        "origin": "TfIdfModel",
                        "confidenceScore": 0.04287312843945564
                    }
                ],
                "modelIds": null
            },
            {
                "id": "HN101548",
                "label": {
                    "uri": "HN101548"
                },
                "type": "ColumnNode",
                "hNodeId": "HN101548",
                "columnName": "deathDate",
                "rdfLiteralType": null,
                "userSemanticTypes": [
                    {
                        "hNodeId": "HN101548",
                        "domain": {
                            "uri": "http://www.americanartcollaborative.org/ontology/Person"
                        },
                        "type": {
                            "uri": "http://rdvocab.info/ElementsGr2/dateOfDeath"
                        },
                        "origin": "User",
                        "confidenceScore": 1.0
                    }
                ],
                "learnedSemanticTypes": [
                    {
                        "hNodeId": "HN101548",
                        "domain": {
                            "uri": "http://www.americanartcollaborative.org/ontology/Person"
                        },
                        "type": {
                            "uri": "http://rdvocab.info/ElementsGr2/dateOfDeath"
                        },
                        "origin": "TfIdfModel",
                        "confidenceScore": 0.5151959260306489
                    },
                    {
                        "hNodeId": "HN101548",
                        "domain": {
                            "uri": "http://www.americanartcollaborative.org/ontology/CulturalHeritageObject"
                        },
                        "type": {
                            "uri": "http://purl.org/dc/terms/created"
                        },
                        "origin": "TfIdfModel",
                        "confidenceScore": 0.2501124188819555
                    },
                    {
                        "hNodeId": "HN101548",
                        "domain": {
                            "uri": "http://www.americanartcollaborative.org/ontology/Person"
                        },
                        "type": {
                            "uri": "http://rdvocab.info/ElementsGr2/dateOfBirth"
                        },
                        "origin": "TfIdfModel",
                        "confidenceScore": 0.18171290382572766
                    },
                    {
                        "hNodeId": "HN101548",
                        "domain": {
                            "uri": "http://www.americanartcollaborative.org/ontology/CulturalHeritageObject"
                        },
                        "type": {
                            "uri": "http://purl.org/dc/terms/description"
                        },
                        "origin": "TfIdfModel",
                        "confidenceScore": 0.05297875126166786
                    }
                ],
                "modelIds": null
            }
        ],
        "links": [
            {
                "id": "http://www.americanartcollaborative.org/ontology/CulturalHeritageObject1---http://purl.org/dc/terms/creator---http://www.americanartcollaborative.org/ontology/Person1",
                "weight": 0.009999999776482582,
                "type": "ObjectPropertyLink",
                "label": {
                    "uri": "http://purl.org/dc/terms/creator"
                },
                "objectPropertyType": "None",
                "status": "ForcedByUser",
                "keyInfo": "None",
                "modelIds": null
            },
            {
                "id": "http://www.europeana.eu/schemas/edm/EuropeanaAggregation1---http://www.europeana.eu/schemas/edm/aggregatedCHO---http://www.americanartcollaborative.org/ontology/CulturalHeritageObject1",
                "weight": 0.009999999776482582,
                "type": "ObjectPropertyLink",
                "label": {
                    "uri": "http://www.europeana.eu/schemas/edm/aggregatedCHO"
                },
                "objectPropertyType": "None",
                "status": "ForcedByUser",
                "keyInfo": "None",
                "modelIds": null
            },
            {
                "id": "http://www.europeana.eu/schemas/edm/EuropeanaAggregation1---http://www.europeana.eu/schemas/edm/hasView---http://www.europeana.eu/schemas/edm/WebResource1",
                "weight": 0.009999999776482582,
                "type": "ObjectPropertyLink",
                "label": {
                    "uri": "http://www.europeana.eu/schemas/edm/hasView"
                },
                "objectPropertyType": "None",
                "status": "ForcedByUser",
                "keyInfo": "None",
                "modelIds": null
            },
            {
                "id": "http://www.americanartcollaborative.org/ontology/CulturalHeritageObject1---http://purl.org/dc/terms/created---HN63552",
                "weight": 0.01,
                "type": "DataPropertyLink",
                "label": {
                    "uri": "http://purl.org/dc/terms/created"
                },
                "status": "ForcedByUser",
                "keyInfo": "None",
                "modelIds": null
            },
            {
                "id": "http://www.americanartcollaborative.org/ontology/CulturalHeritageObject1---http://purl.org/dc/terms/title---HN63556",
                "weight": 0.01,
                "type": "DataPropertyLink",
                "label": {
                    "uri": "http://purl.org/dc/terms/title"
                },
                "status": "ForcedByUser",
                "keyInfo": "None",
                "modelIds": null
            },
            {
                "id": "http://www.americanartcollaborative.org/ontology/Person1---http://rdvocab.info/ElementsGr2/nameOfThePerson---HN63560",
                "weight": 0.01,
                "type": "DataPropertyLink",
                "label": {
                    "uri": "http://rdvocab.info/ElementsGr2/nameOfThePerson"
                },
                "status": "ForcedByUser",
                "keyInfo": "None",
                "modelIds": null
            },
            {
                "id": "http://www.americanartcollaborative.org/ontology/Person1---http://rdvocab.info/ElementsGr2/dateOfBirth---HN98091",
                "weight": 0.01,
                "type": "DataPropertyLink",
                "label": {
                    "uri": "http://rdvocab.info/ElementsGr2/dateOfBirth"
                },
                "status": "ForcedByUser",
                "keyInfo": "None",
                "modelIds": null
            },
            {
                "id": "http://www.americanartcollaborative.org/ontology/CulturalHeritageObject1---http://purl.org/dc/terms/provenance---HN63554",
                "weight": 0.01,
                "type": "DataPropertyLink",
                "label": {
                    "uri": "http://purl.org/dc/terms/provenance"
                },
                "status": "ForcedByUser",
                "keyInfo": "None",
                "modelIds": null
            },
            {
                "id": "http://www.europeana.eu/schemas/edm/WebResource1---http://isi.edu/integration/karma/dev#classLink---HN63562",
                "weight": 0.01,
                "type": "ClassInstanceLink",
                "label": {
                    "uri": "http://isi.edu/integration/karma/dev#classLink"
                },
                "status": "ForcedByUser",
                "keyInfo": "UriOfInstance",
                "modelIds": null
            },
            {
                "id": "http://www.americanartcollaborative.org/ontology/CulturalHeritageObject1---http://www.americanartcollaborative.org/ontology/accessionNumber---HN63546",
                "weight": 0.01,
                "type": "DataPropertyLink",
                "label": {
                    "uri": "http://www.americanartcollaborative.org/ontology/accessionNumber"
                },
                "status": "ForcedByUser",
                "keyInfo": "None",
                "modelIds": null
            },
            {
                "id": "http://www.americanartcollaborative.org/ontology/Person1---http://rdvocab.info/ElementsGr2/countryAssociatedWithThePerson---HN63558",
                "weight": 0.01,
                "type": "DataPropertyLink",
                "label": {
                    "uri": "http://rdvocab.info/ElementsGr2/countryAssociatedWithThePerson"
                },
                "status": "ForcedByUser",
                "keyInfo": "None",
                "modelIds": null
            },
            {
                "id": "http://www.americanartcollaborative.org/ontology/CulturalHeritageObject1---http://purl.org/dc/terms/extent---HN63548",
                "weight": 0.01,
                "type": "DataPropertyLink",
                "label": {
                    "uri": "http://purl.org/dc/terms/extent"
                },
                "status": "ForcedByUser",
                "keyInfo": "None",
                "modelIds": null
            },
            {
                "id": "http://www.americanartcollaborative.org/ontology/Person1---http://rdvocab.info/ElementsGr2/dateOfDeath---HN101548",
                "weight": 0.01,
                "type": "DataPropertyLink",
                "label": {
                    "uri": "http://rdvocab.info/ElementsGr2/dateOfDeath"
                },
                "status": "ForcedByUser",
                "keyInfo": "None",
                "modelIds": null
            }
        ]
    }
}