{
    "id": "s26-s-san-francisco-moma.json",
    "name": "s26-s-san-francisco-moma.json",
    "description": null,
    "sourceColumns": [
        {
            "id": "HN148827",
            "hNodeId": "HN148827",
            "columnName": "deathPlaceLabel"
        },
        {
            "id": "HN114561",
            "hNodeId": "HN114561",
            "columnName": "nationality"
        },
        {
            "id": "HN114549",
            "hNodeId": "HN114549",
            "columnName": "image-URL"
        },
        {
            "id": "HN114571",
            "hNodeId": "HN114571",
            "columnName": "credit"
        },
        {
            "id": "HN114547",
            "hNodeId": "HN114547",
            "columnName": "accession-id"
        },
        {
            "id": "HN114553",
            "hNodeId": "HN114553",
            "columnName": "copyright"
        },
        {
            "id": "HN114565",
            "hNodeId": "HN114565",
            "columnName": "dimensions"
        },
        {
            "id": "HN114555",
            "hNodeId": "HN114555",
            "columnName": "type"
        },
        {
            "id": "HN114545",
            "hNodeId": "HN114545",
            "columnName": "birthYear"
        },
        {
            "id": "HN115860",
            "hNodeId": "HN115860",
            "columnName": "deathYear"
        },
        {
            "id": "HN114557",
            "hNodeId": "HN114557",
            "columnName": "url"
        },
        {
            "id": "HN114569",
            "hNodeId": "HN114569",
            "columnName": "artistName"
        },
        {
            "id": "HN114559",
            "hNodeId": "HN114559",
            "columnName": "title"
        },
        {
            "id": "HN147345",
            "hNodeId": "HN147345",
            "columnName": "birthPlaceLabel"
        }
    ],
    "mappingToSourceColumns": [
        {
            "id": "HN148827",
            "sourceColumnId": "HN148827"
        },
        {
            "id": "HN114561",
            "sourceColumnId": "HN114561"
        },
        {
            "id": "HN114549",
            "sourceColumnId": "HN114549"
        },
        {
            "id": "HN114553",
            "sourceColumnId": "HN114553"
        },
        {
            "id": "HN114547",
            "sourceColumnId": "HN114547"
        },
        {
            "id": "HN114571",
            "sourceColumnId": "HN114571"
        },
        {
            "id": "HN114565",
            "sourceColumnId": "HN114565"
        },
        {
            "id": "HN114545",
            "sourceColumnId": "HN114545"
        },
        {
            "id": "HN114555",
            "sourceColumnId": "HN114555"
        },
        {
            "id": "HN115860",
            "sourceColumnId": "HN115860"
        },
        {
            "id": "HN114557",
            "sourceColumnId": "HN114557"
        },
        {
            "id": "HN114569",
            "sourceColumnId": "HN114569"
        },
        {
            "id": "HN114559",
            "sourceColumnId": "HN114559"
        },
        {
            "id": "HN147345",
            "sourceColumnId": "HN147345"
        }
    ],
    "graph": {
        "nodes": [
            {
                "id": "http://www.americanartcollaborative.org/ontology/CulturalHeritageObject1",
                "label": {
                    "uri": "http://www.americanartcollaborative.org/ontology/CulturalHeritageObject"
                },
                "type": "InternalNode",
                "modelIds": null
            },
            {
                "id": "http://www.americanartcollaborative.org/ontology/Person1",
                "label": {
                    "uri": "http://www.americanartcollaborative.org/ontology/Person"
                },
                "type": "InternalNode",
                "modelIds": null
            },
            {
                "id": "http://www.w3.org/2008/05/skos#Concept1",
                "label": {
                    "uri": "http://www.w3.org/2008/05/skos#Concept"
                },
                "type": "InternalNode",
                "modelIds": null
            },
            {
                "id": "http://xmlns.com/foaf/0.1/Document1",
                "label": {
                    "uri": "http://xmlns.com/foaf/0.1/Document"
                },
                "type": "InternalNode",
                "modelIds": null
            },
            {
                "id": "http://www.americanartcollaborative.org/ontology/Place1",
                "label": {
                    "uri": "http://www.americanartcollaborative.org/ontology/Place"
                },
                "type": "InternalNode",
                "modelIds": null
            },
            {
                "id": "http://www.americanartcollaborative.org/ontology/Place2",
                "label": {
                    "uri": "http://www.americanartcollaborative.org/ontology/Place"
                },
                "type": "InternalNode",
                "modelIds": null
            },
            {
                "id": "http://www.europeana.eu/schemas/edm/EuropeanaAggregation1",
                "label": {
                    "uri": "http://www.europeana.eu/schemas/edm/EuropeanaAggregation"
                },
                "type": "InternalNode",
                "modelIds": null
            },
            {
                "id": "http://www.europeana.eu/schemas/edm/WebResource1",
                "label": {
                    "uri": "http://www.europeana.eu/schemas/edm/WebResource"
                },
                "type": "InternalNode",
                "modelIds": null
            },
            {
                "id": "HN148827",
                "label": {
                    "uri": "HN148827"
                },
                "type": "ColumnNode",
                "hNodeId": "HN148827",
                "columnName": "deathPlaceLabel",
                "rdfLiteralType": null,
                "userSemanticTypes": [
                    {
                        "hNodeId": "HN148827",
                        "domain": {
                            "uri": "http://www.americanartcollaborative.org/ontology/Place"
                        },
                        "type": {
                            "uri": "http://www.w3.org/2000/01/rdf-schema#label"
                        },
                        "origin": "User",
                        "confidenceScore": 1.0
                    }
                ],
                "learnedSemanticTypes": [
                    {
                        "hNodeId": "HN148827",
                        "domain": {
                            "uri": "http://www.americanartcollaborative.org/ontology/Place"
                        },
                        "type": {
                            "uri": "http://www.w3.org/2000/01/rdf-schema#label"
                        },
                        "origin": "TfIdfModel",
                        "confidenceScore": 0.6864089090256441
                    },
                    {
                        "hNodeId": "HN148827",
                        "domain": {
                            "uri": "http://www.americanartcollaborative.org/ontology/CulturalHeritageObject"
                        },
                        "type": {
                            "uri": "http://purl.org/dc/terms/title"
                        },
                        "origin": "TfIdfModel",
                        "confidenceScore": 0.11234651205147765
                    },
                    {
                        "hNodeId": "HN148827",
                        "domain": {
                            "uri": "http://www.americanartcollaborative.org/ontology/Person"
                        },
                        "type": {
                            "uri": "http://rdvocab.info/ElementsGr2/biographicalInformation"
                        },
                        "origin": "TfIdfModel",
                        "confidenceScore": 0.10544633503341161
                    },
                    {
                        "hNodeId": "HN148827",
                        "domain": {
                            "uri": "http://www.americanartcollaborative.org/ontology/CulturalHeritageObject"
                        },
                        "type": {
                            "uri": "http://purl.org/dc/terms/description"
                        },
                        "origin": "TfIdfModel",
                        "confidenceScore": 0.0957982438894666
                    }
                ],
                "modelIds": null
            },
            {
                "id": "HN114561",
                "label": {
                    "uri": "HN114561"
                },
                "type": "ColumnNode",
                "hNodeId": "HN114561",
                "columnName": "nationality",
                "rdfLiteralType": null,
                "userSemanticTypes": [
                    {
                        "hNodeId": "HN114561",
                        "domain": {
                            "uri": "http://www.americanartcollaborative.org/ontology/Person"
                        },
                        "type": {
                            "uri": "http://rdvocab.info/ElementsGr2/countryAssociatedWithThePerson"
                        },
                        "origin": "User",
                        "confidenceScore": 1.0
                    }
                ],
                "learnedSemanticTypes": [
                    {
                        "hNodeId": "HN114561",
                        "domain": {
                            "uri": "http://www.americanartcollaborative.org/ontology/Person"
                        },
                        "type": {
                            "uri": "http://rdvocab.info/ElementsGr2/countryAssociatedWithThePerson"
                        },
                        "origin": "TfIdfModel",
                        "confidenceScore": 0.7524891348783479
                    },
                    {
                        "hNodeId": "HN114561",
                        "domain": {
                            "uri": "http://www.americanartcollaborative.org/ontology/CulturalHeritageObject"
                        },
                        "type": {
                            "uri": "http://purl.org/dc/terms/description"
                        },
                        "origin": "TfIdfModel",
                        "confidenceScore": 0.09972300143159887
                    },
                    {
                        "hNodeId": "HN114561",
                        "domain": {
                            "uri": "http://www.americanartcollaborative.org/ontology/CulturalHeritageObject"
                        },
                        "type": {
                            "uri": "http://purl.org/dc/terms/provenance"
                        },
                        "origin": "TfIdfModel",
                        "confidenceScore": 0.08168525567334128
                    },
                    {
                        "hNodeId": "HN114561",
                        "domain": {
                            "uri": "http://www.w3.org/2008/05/skos#Concept"
                        },
                        "type": {
                            "uri": "http://www.w3.org/2008/05/skos#prefLabel"
                        },
                        "origin": "TfIdfModel",
                        "confidenceScore": 0.066102608016712
                    }
                ],
                "modelIds": null
            },
            {
                "id": "HN114549",
                "label": {
                    "uri": "HN114549"
                },
                "type": "ColumnNode",
                "hNodeId": "HN114549",
                "columnName": "image-URL",
                "rdfLiteralType": null,
                "userSemanticTypes": [
                    {
                        "hNodeId": "HN114549",
                        "domain": {
                            "uri": "http://www.europeana.eu/schemas/edm/WebResource"
                        },
                        "type": {
                            "uri": "http://isi.edu/integration/karma/dev#classLink"
                        },
                        "origin": "User",
                        "confidenceScore": 1.0
                    }
                ],
                "learnedSemanticTypes": [
                    {
                        "hNodeId": "HN114549",
                        "domain": {
                            "uri": "http://www.europeana.eu/schemas/edm/WebResource"
                        },
                        "type": {
                            "uri": "http://isi.edu/integration/karma/dev#classLink"
                        },
                        "origin": "TfIdfModel",
                        "confidenceScore": 0.8027781660761364
                    },
                    {
                        "hNodeId": "HN114549",
                        "domain": {
                            "uri": "http://xmlns.com/foaf/0.1/Document"
                        },
                        "type": {
                            "uri": "http://isi.edu/integration/karma/dev#classLink"
                        },
                        "origin": "TfIdfModel",
                        "confidenceScore": 0.1489468504180585
                    },
                    {
                        "hNodeId": "HN114549",
                        "domain": {
                            "uri": "http://www.americanartcollaborative.org/ontology/CulturalHeritageObject"
                        },
                        "type": {
                            "uri": "http://purl.org/dc/terms/description"
                        },
                        "origin": "TfIdfModel",
                        "confidenceScore": 0.038906975537450365
                    },
                    {
                        "hNodeId": "HN114549",
                        "domain": {
                            "uri": "http://www.americanartcollaborative.org/ontology/Person"
                        },
                        "type": {
                            "uri": "http://rdvocab.info/ElementsGr2/biographicalInformation"
                        },
                        "origin": "TfIdfModel",
                        "confidenceScore": 0.009368007968354774
                    }
                ],
                "modelIds": null
            },
            {
                "id": "HN114571",
                "label": {
                    "uri": "HN114571"
                },
                "type": "ColumnNode",
                "hNodeId": "HN114571",
                "columnName": "credit",
                "rdfLiteralType": null,
                "userSemanticTypes": [
                    {
                        "hNodeId": "HN114571",
                        "domain": {
                            "uri": "http://www.americanartcollaborative.org/ontology/CulturalHeritageObject"
                        },
                        "type": {
                            "uri": "http://purl.org/dc/terms/provenance"
                        },
                        "origin": "User",
                        "confidenceScore": 1.0
                    }
                ],
                "learnedSemanticTypes": [
                    {
                        "hNodeId": "HN114571",
                        "domain": {
                            "uri": "http://www.americanartcollaborative.org/ontology/CulturalHeritageObject"
                        },
                        "type": {
                            "uri": "http://purl.org/dc/terms/provenance"
                        },
                        "origin": "TfIdfModel",
                        "confidenceScore": 0.8283035221399211
                    },
                    {
                        "hNodeId": "HN114571",
                        "domain": {
                            "uri": "http://www.americanartcollaborative.org/ontology/CulturalHeritageObject"
                        },
                        "type": {
                            "uri": "http://purl.org/dc/terms/description"
                        },
                        "origin": "TfIdfModel",
                        "confidenceScore": 0.10969812992099993
                    },
                    {
                        "hNodeId": "HN114571",
                        "domain": {
                            "uri": "http://xmlns.com/foaf/0.1/Document"
                        },
                        "type": {
                            "uri": "http://isi.edu/integration/karma/dev#classLink"
                        },
                        "origin": "TfIdfModel",
                        "confidenceScore": 0.032536286930294346
                    },
                    {
                        "hNodeId": "HN114571",
                        "domain": {
                            "uri": "http://www.americanartcollaborative.org/ontology/Person"
                        },
                        "type": {
                            "uri": "http://rdvocab.info/ElementsGr2/biographicalInformation"
                        },
                        "origin": "TfIdfModel",
                        "confidenceScore": 0.02946206100878458
                    }
                ],
                "modelIds": null
            },
            {
                "id": "HN114547",
                "label": {
                    "uri": "HN114547"
                },
                "type": "ColumnNode",
                "hNodeId": "HN114547",
                "columnName": "accession-id",
                "rdfLiteralType": null,
                "userSemanticTypes": [
                    {
                        "hNodeId": "HN114547",
                        "domain": {
                            "uri": "http://www.americanartcollaborative.org/ontology/CulturalHeritageObject"
                        },
                        "type": {
                            "uri": "http://www.americanartcollaborative.org/ontology/accessionNumber"
                        },
                        "origin": "User",
                        "confidenceScore": 1.0
                    }
                ],
                "learnedSemanticTypes": [
                    {
                        "hNodeId": "HN114547",
                        "domain": {
                            "uri": "http://www.americanartcollaborative.org/ontology/CulturalHeritageObject"
                        },
                        "type": {
                            "uri": "http://www.americanartcollaborative.org/ontology/accessionNumber"
                        },
                        "origin": "TfIdfModel",
                        "confidenceScore": 0.7772218634350915
                    },
                    {
                        "hNodeId": "HN114547",
                        "domain": {
                            "uri": "http://www.europeana.eu/schemas/edm/WebResource"
                        },
                        "type": {
                            "uri": "http://isi.edu/integration/karma/dev#classLink"
                        },
                        "origin": "TfIdfModel",
                        "confidenceScore": 0.22017622413385926
                    },
                    {
                        "hNodeId": "HN114547",
                        "domain": {
                            "uri": "http://www.americanartcollaborative.org/ontology/CulturalHeritageObject"
                        },
                        "type": {
                            "uri": "http://purl.org/dc/terms/provenance"
                        },
                        "origin": "TfIdfModel",
                        "confidenceScore": 0.0014922621854625492
                    },
                    {
                        "hNodeId": "HN114547",
                        "domain": {
                            "uri": "http://www.americanartcollaborative.org/ontology/Person"
                        },
                        "type": {
                            "uri": "http://rdvocab.info/ElementsGr2/nameOfThePerson"
                        },
                        "origin": "TfIdfModel",
                        "confidenceScore": 0.0011096502455866723
                    }
                ],
                "modelIds": null
            },
            {
                "id": "HN114553",
                "label": {
                    "uri": "HN114553"
                },
                "type": "ColumnNode",
                "hNodeId": "HN114553",
                "columnName": "copyright",
                "rdfLiteralType": null,
                "userSemanticTypes": [
                    {
                        "hNodeId": "HN114553",
                        "domain": {
                            "uri": "http://www.americanartcollaborative.org/ontology/CulturalHeritageObject"
                        },
                        "type": {
                            "uri": "http://purl.org/dc/terms/rightsHolder"
                        },
                        "origin": "User",
                        "confidenceScore": 1.0
                    }
                ],
                "learnedSemanticTypes": [
                    {
                        "hNodeId": "HN114553",
                        "domain": {
                            "uri": "http://www.americanartcollaborative.org/ontology/CulturalHeritageObject"
                        },
                        "type": {
                            "uri": "http://purl.org/dc/terms/rightsHolder"
                        },
                        "origin": "TfIdfModel",
                        "confidenceScore": 0.723958170735535
                    },
                    {
                        "hNodeId": "HN114553",
                        "domain": {
                            "uri": "http://www.americanartcollaborative.org/ontology/CulturalHeritageObject"
                        },
                        "type": {
                            "uri": "http://purl.org/dc/terms/provenance"
                        },
                        "origin": "TfIdfModel",
                        "confidenceScore": 0.13047022593546692
                    },
                    {
                        "hNodeId": "HN114553",
                        "domain": {
                            "uri": "http://www.americanartcollaborative.org/ontology/CulturalHeritageObject"
                        },
                        "type": {
                            "uri": "http://purl.org/dc/terms/description"
                        },
                        "origin": "TfIdfModel",
                        "confidenceScore": 0.08210968412232239
                    },
                    {
                        "hNodeId": "HN114553",
                        "domain": {
                            "uri": "http://www.americanartcollaborative.org/ontology/Person"
                        },
                        "type": {
                            "uri": "http://rdvocab.info/ElementsGr2/nameOfThePerson"
                        },
                        "origin": "TfIdfModel",
                        "confidenceScore": 0.06346191920667564
                    }
                ],
                "modelIds": null
            },
            {
                "id": "HN114565",
                "label": {
                    "uri": "HN114565"
                },
                "type": "ColumnNode",
                "hNodeId": "HN114565",
                "columnName": "dimensions",
                "rdfLiteralType": null,
                "userSemanticTypes": [
                    {
                        "hNodeId": "HN114565",
                        "domain": {
                            "uri": "http://www.americanartcollaborative.org/ontology/CulturalHeritageObject"
                        },
                        "type": {
                            "uri": "http://purl.org/dc/terms/extent"
                        },
                        "origin": "User",
                        "confidenceScore": 1.0
                    }
                ],
                "learnedSemanticTypes": [
                    {
                        "hNodeId": "HN114565",
                        "domain": {
                            "uri": "http://www.americanartcollaborative.org/ontology/CulturalHeritageObject"
                        },
                        "type": {
                            "uri": "http://purl.org/dc/terms/extent"
                        },
                        "origin": "TfIdfModel",
                        "confidenceScore": 0.8946745978832785
                    },
                    {
                        "hNodeId": "HN114565",
                        "domain": {
                            "uri": "http://www.americanartcollaborative.org/ontology/CulturalHeritageObject"
                        },
                        "type": {
                            "uri": "http://purl.org/dc/terms/description"
                        },
                        "origin": "TfIdfModel",
                        "confidenceScore": 0.04095553285675064
                    },
                    {
                        "hNodeId": "HN114565",
                        "domain": {
                            "uri": "http://www.americanartcollaborative.org/ontology/CulturalHeritageObject"
                        },
                        "type": {
                            "uri": "http://purl.org/dc/terms/provenance"
                        },
                        "origin": "TfIdfModel",
                        "confidenceScore": 0.0391766436416265
                    },
                    {
                        "hNodeId": "HN114565",
                        "domain": {
                            "uri": "http://www.americanartcollaborative.org/ontology/Person"
                        },
                        "type": {
                            "uri": "http://rdvocab.info/ElementsGr2/nameOfThePerson"
                        },
                        "origin": "TfIdfModel",
                        "confidenceScore": 0.02519322561834431
                    }
                ],
                "modelIds": null
            },
            {
                "id": "HN114555",
                "label": {
                    "uri": "HN114555"
                },
                "type": "ColumnNode",
                "hNodeId": "HN114555",
                "columnName": "type",
                "rdfLiteralType": null,
                "userSemanticTypes": [
                    {
                        "hNodeId": "HN114555",
                        "domain": {
                            "uri": "http://www.w3.org/2008/05/skos#Concept"
                        },
                        "type": {
                            "uri": "http://www.w3.org/2008/05/skos#prefLabel"
                        },
                        "origin": "User",
                        "confidenceScore": 1.0
                    }
                ],
                "learnedSemanticTypes": [
                    {
                        "hNodeId": "HN114555",
                        "domain": {
                            "uri": "http://www.w3.org/2008/05/skos#Concept"
                        },
                        "type": {
                            "uri": "http://www.w3.org/2008/05/skos#prefLabel"
                        },
                        "origin": "TfIdfModel",
                        "confidenceScore": 0.7157473957313507
                    },
                    {
                        "hNodeId": "HN114555",
                        "domain": {
                            "uri": "http://www.americanartcollaborative.org/ontology/CulturalHeritageObject"
                        },
                        "type": {
                            "uri": "http://purl.org/dc/terms/provenance"
                        },
                        "origin": "TfIdfModel",
                        "confidenceScore": 0.11786304731782575
                    },
                    {
                        "hNodeId": "HN114555",
                        "domain": {
                            "uri": "http://www.americanartcollaborative.org/ontology/CulturalHeritageObject"
                        },
                        "type": {
                            "uri": "http://purl.org/dc/terms/medium"
                        },
                        "origin": "TfIdfModel",
                        "confidenceScore": 0.08435414437909286
                    },
                    {
                        "hNodeId": "HN114555",
                        "domain": {
                            "uri": "http://www.americanartcollaborative.org/ontology/CulturalHeritageObject"
                        },
                        "type": {
                            "uri": "http://purl.org/dc/terms/description"
                        },
                        "origin": "TfIdfModel",
                        "confidenceScore": 0.08203541257173069
                    }
                ],
                "modelIds": null
            },
            {
                "id": "HN114545",
                "label": {
                    "uri": "HN114545"
                },
                "type": "ColumnNode",
                "hNodeId": "HN114545",
                "columnName": "birthYear",
                "rdfLiteralType": null,
                "userSemanticTypes": [
                    {
                        "hNodeId": "HN114545",
                        "domain": {
                            "uri": "http://www.americanartcollaborative.org/ontology/Person"
                        },
                        "type": {
                            "uri": "http://rdvocab.info/ElementsGr2/dateOfBirth"
                        },
                        "origin": "User",
                        "confidenceScore": 1.0
                    }
                ],
                "learnedSemanticTypes": [
                    {
                        "hNodeId": "HN114545",
                        "domain": {
                            "uri": "http://www.americanartcollaborative.org/ontology/Person"
                        },
                        "type": {
                            "uri": "http://rdvocab.info/ElementsGr2/dateOfBirth"
                        },
                        "origin": "TfIdfModel",
                        "confidenceScore": 0.3504736965497733
                    },
                    {
                        "hNodeId": "HN114545",
                        "domain": {
                            "uri": "http://www.americanartcollaborative.org/ontology/Person"
                        },
                        "type": {
                            "uri": "http://rdvocab.info/ElementsGr2/dateOfDeath"
                        },
                        "origin": "TfIdfModel",
                        "confidenceScore": 0.3044927273540099
                    },
                    {
                        "hNodeId": "HN114545",
                        "domain": {
                            "uri": "http://www.americanartcollaborative.org/ontology/CulturalHeritageObject"
                        },
                        "type": {
                            "uri": "http://purl.org/dc/terms/created"
                        },
                        "origin": "TfIdfModel",
                        "confidenceScore": 0.28901670488863307
                    },
                    {
                        "hNodeId": "HN114545",
                        "domain": {
                            "uri": "http://www.americanartcollaborative.org/ontology/CulturalHeritageObject"
                        },
                        "type": {
                            "uri": "http://purl.org/dc/terms/provenance"
                        },
                        "origin": "TfIdfModel",
                        "confidenceScore": 0.05601687120758376
                    }
                ],
                "modelIds": null
            },
            {
                "id": "HN115860",
                "label": {
                    "uri": "HN115860"
                },
                "type": "ColumnNode",
                "hNodeId": "HN115860",
                "columnName": "deathYear",
                "rdfLiteralType": null,
                "userSemanticTypes": [
                    {
                        "hNodeId": "HN115860",
                        "domain": {
                            "uri": "http://www.americanartcollaborative.org/ontology/Person"
                        },
                        "type": {
                            "uri": "http://rdvocab.info/ElementsGr2/dateOfDeath"
                        },
                        "origin": "User",
                        "confidenceScore": 1.0
                    }
                ],
                "learnedSemanticTypes": [
                    {
                        "hNodeId": "HN115860",
                        "domain": {
                            "uri": "http://www.americanartcollaborative.org/ontology/Person"
                        },
                        "type": {
                            "uri": "http://rdvocab.info/ElementsGr2/dateOfDeath"
                        },
                        "origin": "TfIdfModel",
                        "confidenceScore": 0.5371829304639447
                    },
                    {
                        "hNodeId": "HN115860",
                        "domain": {
                            "uri": "http://www.americanartcollaborative.org/ontology/CulturalHeritageObject"
                        },
                        "type": {
                            "uri": "http://purl.org/dc/terms/created"
                        },
                        "origin": "TfIdfModel",
                        "confidenceScore": 0.2950791835408216
                    },
                    {
                        "hNodeId": "HN115860",
                        "domain": {
                            "uri": "http://www.americanartcollaborative.org/ontology/Person"
                        },
                        "type": {
                            "uri": "http://rdvocab.info/ElementsGr2/dateOfBirth"
                        },
                        "origin": "TfIdfModel",
                        "confidenceScore": 0.0846813341464723
                    },
                    {
                        "hNodeId": "HN115860",
                        "domain": {
                            "uri": "http://www.americanartcollaborative.org/ontology/CulturalHeritageObject"
                        },
                        "type": {
                            "uri": "http://purl.org/dc/terms/provenance"
                        },
                        "origin": "TfIdfModel",
                        "confidenceScore": 0.0830565518487614
                    }
                ],
                "modelIds": null
            },
            {
                "id": "HN114557",
                "label": {
                    "uri": "HN114557"
                },
                "type": "ColumnNode",
                "hNodeId": "HN114557",
                "columnName": "url",
                "rdfLiteralType": null,
                "userSemanticTypes": [
                    {
                        "hNodeId": "HN114557",
                        "domain": {
                            "uri": "http://xmlns.com/foaf/0.1/Document"
                        },
                        "type": {
                            "uri": "http://isi.edu/integration/karma/dev#classLink"
                        },
                        "origin": "User",
                        "confidenceScore": 1.0
                    }
                ],
                "learnedSemanticTypes": [
                    {
                        "hNodeId": "HN114557",
                        "domain": {
                            "uri": "http://xmlns.com/foaf/0.1/Document"
                        },
                        "type": {
                            "uri": "http://isi.edu/integration/karma/dev#classLink"
                        },
                        "origin": "TfIdfModel",
                        "confidenceScore": 0.4648065885926076
                    },
                    {
                        "hNodeId": "HN114557",
                        "domain": {
                            "uri": "http://www.europeana.eu/schemas/edm/WebResource"
                        },
                        "type": {
                            "uri": "http://isi.edu/integration/karma/dev#classLink"
                        },
                        "origin": "TfIdfModel",
                        "confidenceScore": 0.3496314311645596
                    },
                    {
                        "hNodeId": "HN114557",
                        "domain": {
                            "uri": "http://www.americanartcollaborative.org/ontology/CulturalHeritageObject"
                        },
                        "type": {
                            "uri": "http://purl.org/dc/terms/provenance"
                        },
                        "origin": "TfIdfModel",
                        "confidenceScore": 0.12502271413628926
                    },
                    {
                        "hNodeId": "HN114557",
                        "domain": {
                            "uri": "http://www.americanartcollaborative.org/ontology/CulturalHeritageObject"
                        },
                        "type": {
                            "uri": "http://purl.org/dc/terms/description"
                        },
                        "origin": "TfIdfModel",
                        "confidenceScore": 0.060539266106543546
                    }
                ],
                "modelIds": null
            },
            {
                "id": "HN114569",
                "label": {
                    "uri": "HN114569"
                },
                "type": "ColumnNode",
                "hNodeId": "HN114569",
                "columnName": "artistName",
                "rdfLiteralType": null,
                "userSemanticTypes": [
                    {
                        "hNodeId": "HN114569",
                        "domain": {
                            "uri": "http://www.americanartcollaborative.org/ontology/Person"
                        },
                        "type": {
                            "uri": "http://rdvocab.info/ElementsGr2/nameOfThePerson"
                        },
                        "origin": "User",
                        "confidenceScore": 1.0
                    }
                ],
                "learnedSemanticTypes": [
                    {
                        "hNodeId": "HN114569",
                        "domain": {
                            "uri": "http://www.americanartcollaborative.org/ontology/Person"
                        },
                        "type": {
                            "uri": "http://rdvocab.info/ElementsGr2/nameOfThePerson"
                        },
                        "origin": "TfIdfModel",
                        "confidenceScore": 0.583484140350337
                    },
                    {
                        "hNodeId": "HN114569",
                        "domain": {
                            "uri": "http://www.americanartcollaborative.org/ontology/CulturalHeritageObject"
                        },
                        "type": {
                            "uri": "http://purl.org/dc/terms/rightsHolder"
                        },
                        "origin": "TfIdfModel",
                        "confidenceScore": 0.19565156224418462
                    },
                    {
                        "hNodeId": "HN114569",
                        "domain": {
                            "uri": "http://www.americanartcollaborative.org/ontology/CulturalHeritageObject"
                        },
                        "type": {
                            "uri": "http://purl.org/dc/terms/provenance"
                        },
                        "origin": "TfIdfModel",
                        "confidenceScore": 0.13260216501578725
                    },
                    {
                        "hNodeId": "HN114569",
                        "domain": {
                            "uri": "http://www.americanartcollaborative.org/ontology/CulturalHeritageObject"
                        },
                        "type": {
                            "uri": "http://purl.org/dc/terms/description"
                        },
                        "origin": "TfIdfModel",
                        "confidenceScore": 0.08826213238969112
                    }
                ],
                "modelIds": null
            },
            {
                "id": "HN114559",
                "label": {
                    "uri": "HN114559"
                },
                "type": "ColumnNode",
                "hNodeId": "HN114559",
                "columnName": "title",
                "rdfLiteralType": null,
                "userSemanticTypes": [
                    {
                        "hNodeId": "HN114559",
                        "domain": {
                            "uri": "http://www.americanartcollaborative.org/ontology/CulturalHeritageObject"
                        },
                        "type": {
                            "uri": "http://purl.org/dc/terms/title"
                        },
                        "origin": "User",
                        "confidenceScore": 1.0
                    }
                ],
                "learnedSemanticTypes": [
                    {
                        "hNodeId": "HN114559",
                        "domain": {
                            "uri": "http://www.americanartcollaborative.org/ontology/CulturalHeritageObject"
                        },
                        "type": {
                            "uri": "http://purl.org/dc/terms/title"
                        },
                        "origin": "TfIdfModel",
                        "confidenceScore": 0.47899432097686867
                    },
                    {
                        "hNodeId": "HN114559",
                        "domain": {
                            "uri": "http://www.americanartcollaborative.org/ontology/CulturalHeritageObject"
                        },
                        "type": {
                            "uri": "http://purl.org/dc/terms/description"
                        },
                        "origin": "TfIdfModel",
                        "confidenceScore": 0.29123567838942893
                    },
                    {
                        "hNodeId": "HN114559",
                        "domain": {
                            "uri": "http://www.americanartcollaborative.org/ontology/Person"
                        },
                        "type": {
                            "uri": "http://rdvocab.info/ElementsGr2/biographicalInformation"
                        },
                        "origin": "TfIdfModel",
                        "confidenceScore": 0.13191641233425724
                    },
                    {
                        "hNodeId": "HN114559",
                        "domain": {
                            "uri": "http://www.americanartcollaborative.org/ontology/CulturalHeritageObject"
                        },
                        "type": {
                            "uri": "http://purl.org/dc/terms/provenance"
                        },
                        "origin": "TfIdfModel",
                        "confidenceScore": 0.09785358829944511
                    }
                ],
                "modelIds": null
            },
            {
                "id": "HN147345",
                "label": {
                    "uri": "HN147345"
                },
                "type": "ColumnNode",
                "hNodeId": "HN147345",
                "columnName": "birthPlaceLabel",
                "rdfLiteralType": null,
                "userSemanticTypes": [
                    {
                        "hNodeId": "HN147345",
                        "domain": {
                            "uri": "http://www.americanartcollaborative.org/ontology/Place"
                        },
                        "type": {
                            "uri": "http://www.w3.org/2000/01/rdf-schema#label"
                        },
                        "origin": "User",
                        "confidenceScore": 1.0
                    }
                ],
                "learnedSemanticTypes": [
                    {
                        "hNodeId": "HN147345",
                        "domain": {
                            "uri": "http://www.americanartcollaborative.org/ontology/Place"
                        },
                        "type": {
                            "uri": "http://www.w3.org/2000/01/rdf-schema#label"
                        },
                        "origin": "TfIdfModel",
                        "confidenceScore": 0.6335303387141272
                    },
                    {
                        "hNodeId": "HN147345",
                        "domain": {
                            "uri": "http://www.americanartcollaborative.org/ontology/CulturalHeritageObject"
                        },
                        "type": {
                            "uri": "http://purl.org/dc/terms/provenance"
                        },
                        "origin": "TfIdfModel",
                        "confidenceScore": 0.13168669734840305
                    },
                    {
                        "hNodeId": "HN147345",
                        "domain": {
                            "uri": "http://www.americanartcollaborative.org/ontology/CulturalHeritageObject"
                        },
                        "type": {
                            "uri": "http://purl.org/dc/terms/description"
                        },
                        "origin": "TfIdfModel",
                        "confidenceScore": 0.1191796046501824
                    },
                    {
                        "hNodeId": "HN147345",
                        "domain": {
                            "uri": "http://www.americanartcollaborative.org/ontology/CulturalHeritageObject"
                        },
                        "type": {
                            "uri": "http://purl.org/dc/terms/title"
                        },
                        "origin": "TfIdfModel",
                        "confidenceScore": 0.11560335928728735
                    }
                ],
                "modelIds": null
            }
        ],
        "links": [
            {
                "id": "http://www.americanartcollaborative.org/ontology/CulturalHeritageObject1---http://purl.org/dc/terms/creator---http://www.americanartcollaborative.org/ontology/Person1",
                "weight": 0.009999999776482582,
                "type": "ObjectPropertyLink",
                "label": {
                    "uri": "http://purl.org/dc/terms/creator"
                },
                "objectPropertyType": "None",
                "status": "ForcedByUser",
                "keyInfo": "None",
                "modelIds": null
            },
            {
                "id": "http://www.americanartcollaborative.org/ontology/CulturalHeritageObject1---http://www.europeana.eu/schemas/edm/hasType---http://www.w3.org/2008/05/skos#Concept1",
                "weight": 0.009999999776482582,
                "type": "ObjectPropertyLink",
                "label": {
                    "uri": "http://www.europeana.eu/schemas/edm/hasType"
                },
                "objectPropertyType": "None",
                "status": "ForcedByUser",
                "keyInfo": "None",
                "modelIds": null
            },
            {
                "id": "http://www.americanartcollaborative.org/ontology/CulturalHeritageObject1---http://xmlns.com/foaf/0.1/page---http://xmlns.com/foaf/0.1/Document1",
                "weight": 0.009999999776482582,
                "type": "ObjectPropertyLink",
                "label": {
                    "uri": "http://xmlns.com/foaf/0.1/page"
                },
                "objectPropertyType": "None",
                "status": "ForcedByUser",
                "keyInfo": "None",
                "modelIds": null
            },
            {
                "id": "http://www.americanartcollaborative.org/ontology/Person1---http://rdvocab.info/ElementsGr2/placeOfBirth---http://www.americanartcollaborative.org/ontology/Place1",
                "weight": 0.009999999776482582,
                "type": "ObjectPropertyLink",
                "label": {
                    "uri": "http://rdvocab.info/ElementsGr2/placeOfBirth"
                },
                "objectPropertyType": "None",
                "status": "ForcedByUser",
                "keyInfo": "None",
                "modelIds": null
            },
            {
                "id": "http://www.americanartcollaborative.org/ontology/Person1---http://rdvocab.info/ElementsGr2/placeOfDeath---http://www.americanartcollaborative.org/ontology/Place2",
                "weight": 0.009999999776482582,
                "type": "ObjectPropertyLink",
                "label": {
                    "uri": "http://rdvocab.info/ElementsGr2/placeOfDeath"
                },
                "objectPropertyType": "None",
                "status": "ForcedByUser",
                "keyInfo": "None",
                "modelIds": null
            },
            {
                "id": "http://www.europeana.eu/schemas/edm/EuropeanaAggregation1---http://www.europeana.eu/schemas/edm/aggregatedCHO---http://www.americanartcollaborative.org/ontology/CulturalHeritageObject1",
                "weight": 0.009999999776482582,
                "type": "ObjectPropertyLink",
                "label": {
                    "uri": "http://www.europeana.eu/schemas/edm/aggregatedCHO"
                },
                "objectPropertyType": "None",
                "status": "ForcedByUser",
                "keyInfo": "None",
                "modelIds": null
            },
            {
                "id": "http://www.europeana.eu/schemas/edm/EuropeanaAggregation1---http://www.europeana.eu/schemas/edm/hasView---http://www.europeana.eu/schemas/edm/WebResource1",
                "weight": 0.009999999776482582,
                "type": "ObjectPropertyLink",
                "label": {
                    "uri": "http://www.europeana.eu/schemas/edm/hasView"
                },
                "objectPropertyType": "None",
                "status": "ForcedByUser",
                "keyInfo": "None",
                "modelIds": null
            },
            {
                "id": "http://www.americanartcollaborative.org/ontology/Place2---http://www.w3.org/2000/01/rdf-schema#label---HN148827",
                "weight": 0.01,
                "type": "DataPropertyLink",
                "label": {
                    "uri": "http://www.w3.org/2000/01/rdf-schema#label"
                },
                "status": "ForcedByUser",
                "keyInfo": "None",
                "modelIds": null
            },
            {
                "id": "http://www.americanartcollaborative.org/ontology/Person1---http://rdvocab.info/ElementsGr2/countryAssociatedWithThePerson---HN114561",
                "weight": 0.01,
                "type": "DataPropertyLink",
                "label": {
                    "uri": "http://rdvocab.info/ElementsGr2/countryAssociatedWithThePerson"
                },
                "status": "ForcedByUser",
                "keyInfo": "None",
                "modelIds": null
            },
            {
                "id": "http://www.europeana.eu/schemas/edm/WebResource1---http://isi.edu/integration/karma/dev#classLink---HN114549",
                "weight": 0.01,
                "type": "ClassInstanceLink",
                "label": {
                    "uri": "http://isi.edu/integration/karma/dev#classLink"
                },
                "status": "ForcedByUser",
                "keyInfo": "UriOfInstance",
                "modelIds": null
            },
            {
                "id": "http://www.americanartcollaborative.org/ontology/CulturalHeritageObject1---http://purl.org/dc/terms/provenance---HN114571",
                "weight": 0.01,
                "type": "DataPropertyLink",
                "label": {
                    "uri": "http://purl.org/dc/terms/provenance"
                },
                "status": "ForcedByUser",
                "keyInfo": "None",
                "modelIds": null
            },
            {
                "id": "http://www.americanartcollaborative.org/ontology/CulturalHeritageObject1---http://www.americanartcollaborative.org/ontology/accessionNumber---HN114547",
                "weight": 0.01,
                "type": "DataPropertyLink",
                "label": {
                    "uri": "http://www.americanartcollaborative.org/ontology/accessionNumber"
                },
                "status": "ForcedByUser",
                "keyInfo": "None",
                "modelIds": null
            },
            {
                "id": "http://www.americanartcollaborative.org/ontology/CulturalHeritageObject1---http://purl.org/dc/terms/rightsHolder---HN114553",
                "weight": 0.01,
                "type": "DataPropertyLink",
                "label": {
                    "uri": "http://purl.org/dc/terms/rightsHolder"
                },
                "status": "ForcedByUser",
                "keyInfo": "None",
                "modelIds": null
            },
            {
                "id": "http://www.americanartcollaborative.org/ontology/CulturalHeritageObject1---http://purl.org/dc/terms/extent---HN114565",
                "weight": 0.01,
                "type": "DataPropertyLink",
                "label": {
                    "uri": "http://purl.org/dc/terms/extent"
                },
                "status": "ForcedByUser",
                "keyInfo": "None",
                "modelIds": null
            },
            {
                "id": "http://www.w3.org/2008/05/skos#Concept1---http://www.w3.org/2008/05/skos#prefLabel---HN114555",
                "weight": 0.01,
                "type": "DataPropertyLink",
                "label": {
                    "uri": "http://www.w3.org/2008/05/skos#prefLabel"
                },
                "status": "ForcedByUser",
                "keyInfo": "None",
                "modelIds": null
            },
            {
                "id": "http://www.americanartcollaborative.org/ontology/Person1---http://rdvocab.info/ElementsGr2/dateOfBirth---HN114545",
                "weight": 0.01,
                "type": "DataPropertyLink",
                "label": {
                    "uri": "http://rdvocab.info/ElementsGr2/dateOfBirth"
                },
                "status": "ForcedByUser",
                "keyInfo": "None",
                "modelIds": null
            },
            {
                "id": "http://www.americanartcollaborative.org/ontology/Person1---http://rdvocab.info/ElementsGr2/dateOfDeath---HN115860",
                "weight": 0.01,
                "type": "DataPropertyLink",
                "label": {
                    "uri": "http://rdvocab.info/ElementsGr2/dateOfDeath"
                },
                "status": "ForcedByUser",
                "keyInfo": "None",
                "modelIds": null
            },
            {
                "id": "http://xmlns.com/foaf/0.1/Document1---http://isi.edu/integration/karma/dev#classLink---HN114557",
                "weight": 0.01,
                "type": "ClassInstanceLink",
                "label": {
                    "uri": "http://isi.edu/integration/karma/dev#classLink"
                },
                "status": "ForcedByUser",
                "keyInfo": "UriOfInstance",
                "modelIds": null
            },
            {
                "id": "http://www.americanartcollaborative.org/ontology/Person1---http://rdvocab.info/ElementsGr2/nameOfThePerson---HN114569",
                "weight": 0.01,
                "type": "DataPropertyLink",
                "label": {
                    "uri": "http://rdvocab.info/ElementsGr2/nameOfThePerson"
                },
                "status": "ForcedByUser",
                "keyInfo": "None",
                "modelIds": null
            },
            {
                "id": "http://www.americanartcollaborative.org/ontology/CulturalHeritageObject1---http://purl.org/dc/terms/title---HN114559",
                "weight": 0.01,
                "type": "DataPropertyLink",
                "label": {
                    "uri": "http://purl.org/dc/terms/title"
                },
                "status": "ForcedByUser",
                "keyInfo": "None",
                "modelIds": null
            },
            {
                "id": "http://www.americanartcollaborative.org/ontology/Place1---http://www.w3.org/2000/01/rdf-schema#label---HN147345",
                "weight": 0.01,
                "type": "DataPropertyLink",
                "label": {
                    "uri": "http://www.w3.org/2000/01/rdf-schema#label"
                },
                "status": "ForcedByUser",
                "keyInfo": "None",
                "modelIds": null
            }
        ]
    }
}