{
    "id": "p539C951C4-971A-3D6F-740E-6AB5CD9DCE53",
    "length": 5,
    "frequency": "1",
    "graph": {
        "nodes": [
            {
                "id": "http://schema.dig.isi.edu/ontology/Firearm1",
                "label": {
                    "uri": "http://schema.dig.isi.edu/ontology/Firearm"
                },
                "type": "InternalNode",
                "modelIds": null
            },
            {
                "id": "http://schema.org/Offer1",
                "label": {
                    "uri": "http://schema.org/Offer"
                },
                "type": "InternalNode",
                "modelIds": null
            },
            {
                "id": "http://schema.dig.isi.edu/ontology/PersonOrOrganization1",
                "label": {
                    "uri": "http://schema.dig.isi.edu/ontology/PersonOrOrganization"
                },
                "type": "InternalNode",
                "modelIds": null
            },
            {
                "id": "http://schema.dig.isi.edu/ontology/PersonOrOrganization2",
                "label": {
                    "uri": "http://schema.dig.isi.edu/ontology/PersonOrOrganization"
                },
                "type": "InternalNode",
                "modelIds": null
            },
            {
                "id": "http://schema.org/Place1",
                "label": {
                    "uri": "http://schema.org/Place"
                },
                "type": "InternalNode",
                "modelIds": null
            },
            {
                "id": "http://schema.org/PostalAddress1",
                "label": {
                    "uri": "http://schema.org/PostalAddress"
                },
                "type": "InternalNode",
                "modelIds": null
            }
        ],
        "links": [
            {
                "id": "http://schema.org/Offer1---http://schema.org/itemOffered---http://schema.dig.isi.edu/ontology/Firearm1",
                "weight": 0.8685622317596566,
                "type": "ObjectPropertyLink",
                "label": {
                    "uri": "http://schema.org/itemOffered"
                },
                "objectPropertyType": "None",
                "status": "Normal",
                "keyInfo": "None",
                "modelIds": null
            },
            {
                "id": "http://schema.dig.isi.edu/ontology/Firearm1---http://schema.org/manufacturer---http://schema.dig.isi.edu/ontology/PersonOrOrganization1",
                "weight": 1.0,
                "type": "ObjectPropertyLink",
                "label": {
                    "uri": "http://schema.org/manufacturer"
                },
                "objectPropertyType": "None",
                "status": "Normal",
                "keyInfo": "None",
                "modelIds": null
            },
            {
                "id": "http://schema.org/Offer1---http://schema.org/seller---http://schema.dig.isi.edu/ontology/PersonOrOrganization2",
                "weight": 1.0,
                "type": "ObjectPropertyLink",
                "label": {
                    "uri": "http://schema.org/seller"
                },
                "objectPropertyType": "None",
                "status": "Normal",
                "keyInfo": "None",
                "modelIds": null
            },
            {
                "id": "http://schema.org/Offer1---http://schema.org/availableAtOrFrom---http://schema.org/Place1",
                "weight": 1.0,
                "type": "ObjectPropertyLink",
                "label": {
                    "uri": "http://schema.org/availableAtOrFrom"
                },
                "objectPropertyType": "None",
                "status": "Normal",
                "keyInfo": "None",
                "modelIds": null
            },
            {
                "id": "http://schema.org/Place1---http://schema.org/address---http://schema.org/PostalAddress1",
                "weight": 1.0,
                "type": "ObjectPropertyLink",
                "label": {
                    "uri": "http://schema.org/address"
                },
                "objectPropertyType": "None",
                "status": "Normal",
                "keyInfo": "None",
                "modelIds": null
            }
        ]
    }
}