{
    "id": "s23-s-national-portrait-gallery.json",
    "name": "s23-s-national-portrait-gallery.json",
    "description": null,
    "sourceColumns": [
        {
            "id": "HN78788",
            "hNodeId": "HN78788",
            "columnName": "Artist_URI"
        },
        {
            "id": "HN70239",
            "hNodeId": "HN70239",
            "columnName": "Description"
        },
        {
            "id": "HN78963",
            "hNodeId": "HN78963",
            "columnName": "Object_URI"
        },
        {
            "id": "HN70237",
            "hNodeId": "HN70237",
            "columnName": "Image"
        },
        {
            "id": "HN70233",
            "hNodeId": "HN70233",
            "columnName": "Owner"
        },
        {
            "id": "HN78075",
            "hNodeId": "HN78075",
            "columnName": "BornDate"
        },
        {
            "id": "HN78249",
            "hNodeId": "HN78249",
            "columnName": "deathDate"
        },
        {
            "id": "HN70241",
            "hNodeId": "HN70241",
            "columnName": "DateOfWork"
        },
        {
            "id": "HN70235",
            "hNodeId": "HN70235",
            "columnName": "AquisitionDate"
        },
        {
            "id": "HN70231",
            "hNodeId": "HN70231",
            "columnName": "Dimension"
        },
        {
            "id": "HN77706",
            "hNodeId": "HN77706",
            "columnName": "Classification_URI"
        },
        {
            "id": "HN70227",
            "hNodeId": "HN70227",
            "columnName": "Classification"
        },
        {
            "id": "HN77880",
            "hNodeId": "HN77880",
            "columnName": "Medium_URI"
        },
        {
            "id": "HN70229",
            "hNodeId": "HN70229",
            "columnName": "Medium"
        },
        {
            "id": "HN78607",
            "hNodeId": "HN78607",
            "columnName": "Subclassification_URI"
        },
        {
            "id": "HN78433",
            "hNodeId": "HN78433",
            "columnName": "Subclassification"
        },
        {
            "id": "HN79138",
            "hNodeId": "HN79138",
            "columnName": "Artist_Appellation_URI"
        },
        {
            "id": "HN70221",
            "hNodeId": "HN70221",
            "columnName": "Artist"
        },
        {
            "id": "HN70255",
            "hNodeId": "HN70255",
            "columnName": "values"
        },
        {
            "id": "HN70243",
            "hNodeId": "HN70243",
            "columnName": "CreditLine"
        }
    ],
    "mappingToSourceColumns": [
        {
            "id": "HN78788",
            "sourceColumnId": "HN78788"
        },
        {
            "id": "HN78433",
            "sourceColumnId": "HN78433"
        },
        {
            "id": "HN78075",
            "sourceColumnId": "HN78075"
        },
        {
            "id": "HN77880",
            "sourceColumnId": "HN77880"
        },
        {
            "id": "HN79138",
            "sourceColumnId": "HN79138"
        },
        {
            "id": "HN78607",
            "sourceColumnId": "HN78607"
        },
        {
            "id": "HN70239",
            "sourceColumnId": "HN70239"
        },
        {
            "id": "HN70255",
            "sourceColumnId": "HN70255"
        },
        {
            "id": "HN70227",
            "sourceColumnId": "HN70227"
        },
        {
            "id": "HN70229",
            "sourceColumnId": "HN70229"
        },
        {
            "id": "HN70241",
            "sourceColumnId": "HN70241"
        },
        {
            "id": "HN78963",
            "sourceColumnId": "HN78963"
        },
        {
            "id": "HN70233",
            "sourceColumnId": "HN70233"
        },
        {
            "id": "HN70243",
            "sourceColumnId": "HN70243"
        },
        {
            "id": "HN78249",
            "sourceColumnId": "HN78249"
        },
        {
            "id": "HN70231",
            "sourceColumnId": "HN70231"
        },
        {
            "id": "HN77706",
            "sourceColumnId": "HN77706"
        },
        {
            "id": "HN70237",
            "sourceColumnId": "HN70237"
        },
        {
            "id": "HN70221",
            "sourceColumnId": "HN70221"
        },
        {
            "id": "HN70235",
            "sourceColumnId": "HN70235"
        }
    ],
    "graph": {
        "nodes": [
            {
                "id": "http://erlangen-crm.org/current/E12_Production1",
                "label": {
                    "uri": "http://erlangen-crm.org/current/E12_Production"
                },
                "type": "InternalNode",
                "modelIds": null
            },
            {
                "id": "http://erlangen-crm.org/current/E21_Person1",
                "label": {
                    "uri": "http://erlangen-crm.org/current/E21_Person"
                },
                "type": "InternalNode",
                "modelIds": null
            },
            {
                "id": "http://erlangen-crm.org/current/E55_Type2",
                "label": {
                    "uri": "http://erlangen-crm.org/current/E55_Type"
                },
                "type": "InternalNode",
                "modelIds": null
            },
            {
                "id": "http://erlangen-crm.org/current/E52_Time-Span3",
                "label": {
                    "uri": "http://erlangen-crm.org/current/E52_Time-Span"
                },
                "type": "InternalNode",
                "modelIds": null
            },
            {
                "id": "http://erlangen-crm.org/current/E69_Death1",
                "label": {
                    "uri": "http://erlangen-crm.org/current/E69_Death"
                },
                "type": "InternalNode",
                "modelIds": null
            },
            {
                "id": "http://erlangen-crm.org/current/E82_Actor_Appellation1",
                "label": {
                    "uri": "http://erlangen-crm.org/current/E82_Actor_Appellation"
                },
                "type": "InternalNode",
                "modelIds": null
            },
            {
                "id": "http://erlangen-crm.org/current/E67_Birth1",
                "label": {
                    "uri": "http://erlangen-crm.org/current/E67_Birth"
                },
                "type": "InternalNode",
                "modelIds": null
            },
            {
                "id": "HN78788",
                "label": {
                    "uri": "HN78788"
                },
                "type": "ColumnNode",
                "hNodeId": "HN78788",
                "columnName": "Artist_URI",
                "rdfLiteralType": null,
                "userSemanticTypes": [
                    {
                        "hNodeId": "HN78788",
                        "domain": {
                            "uri": "http://erlangen-crm.org/current/E21_Person"
                        },
                        "type": {
                            "uri": "http://isi.edu/integration/karma/dev#classLink"
                        },
                        "origin": "User",
                        "confidenceScore": 1.0
                    }
                ],
                "learnedSemanticTypes": [
                    {
                        "hNodeId": "HN78788",
                        "domain": {
                            "uri": "http://erlangen-crm.org/current/E21_Person"
                        },
                        "type": {
                            "uri": "http://isi.edu/integration/karma/dev#classLink"
                        },
                        "origin": "TfIdfModel",
                        "confidenceScore": 0.4402497226203312
                    },
                    {
                        "hNodeId": "HN78788",
                        "domain": {
                            "uri": "http://erlangen-crm.org/current/E82_Actor_Appellation"
                        },
                        "type": {
                            "uri": "http://isi.edu/integration/karma/dev#classLink"
                        },
                        "origin": "TfIdfModel",
                        "confidenceScore": 0.34698985431896384
                    },
                    {
                        "hNodeId": "HN78788",
                        "domain": {
                            "uri": "http://erlangen-crm.org/current/E39_Actor"
                        },
                        "type": {
                            "uri": "http://isi.edu/integration/karma/dev#classLink"
                        },
                        "origin": "TfIdfModel",
                        "confidenceScore": 0.2036284745240268
                    },
                    {
                        "hNodeId": "HN78788",
                        "domain": {
                            "uri": "http://erlangen-crm.org/current/E39_Actor"
                        },
                        "type": {
                            "uri": "http://erlangen-crm.org/current/P3_has_note"
                        },
                        "origin": "TfIdfModel",
                        "confidenceScore": 0.009131948536678171
                    }
                ],
                "modelIds": null
            },
            {
                "id": "http://erlangen-crm.org/current/E21_Person2",
                "label": {
                    "uri": "http://erlangen-crm.org/current/E21_Person"
                },
                "type": "InternalNode",
                "modelIds": null
            },
            {
                "id": "http://erlangen-crm.org/current/E82_Actor_Appellation2",
                "label": {
                    "uri": "http://erlangen-crm.org/current/E82_Actor_Appellation"
                },
                "type": "InternalNode",
                "modelIds": null
            },
            {
                "id": "HN70239",
                "label": {
                    "uri": "HN70239"
                },
                "type": "ColumnNode",
                "hNodeId": "HN70239",
                "columnName": "Description",
                "rdfLiteralType": null,
                "userSemanticTypes": [
                    {
                        "hNodeId": "HN70239",
                        "domain": {
                            "uri": "http://erlangen-crm.org/current/E21_Person"
                        },
                        "type": {
                            "uri": "http://erlangen-crm.org/current/P3_has_note"
                        },
                        "origin": "User",
                        "confidenceScore": 1.0
                    }
                ],
                "learnedSemanticTypes": [
                    {
                        "hNodeId": "HN70239",
                        "domain": {
                            "uri": "http://erlangen-crm.org/current/E21_Person"
                        },
                        "type": {
                            "uri": "http://erlangen-crm.org/current/P3_has_note"
                        },
                        "origin": "TfIdfModel",
                        "confidenceScore": 0.3305314193874919
                    },
                    {
                        "hNodeId": "HN70239",
                        "domain": {
                            "uri": "http://erlangen-crm.org/current/E73_Information_Object"
                        },
                        "type": {
                            "uri": "http://erlangen-crm.org/current/P3_has_note"
                        },
                        "origin": "TfIdfModel",
                        "confidenceScore": 0.2309087093874872
                    },
                    {
                        "hNodeId": "HN70239",
                        "domain": {
                            "uri": "http://erlangen-crm.org/current/E22_Man-Made_Object"
                        },
                        "type": {
                            "uri": "http://erlangen-crm.org/current/P3_has_note"
                        },
                        "origin": "TfIdfModel",
                        "confidenceScore": 0.21953959271748305
                    },
                    {
                        "hNodeId": "HN70239",
                        "domain": {
                            "uri": "http://erlangen-crm.org/current/E33_Linguistic_Object"
                        },
                        "type": {
                            "uri": "http://erlangen-crm.org/current/P3_has_note"
                        },
                        "origin": "TfIdfModel",
                        "confidenceScore": 0.21902027850753783
                    }
                ],
                "modelIds": null
            },
            {
                "id": "http://erlangen-crm.org/current/E22_Man-Made_Object1",
                "label": {
                    "uri": "http://erlangen-crm.org/current/E22_Man-Made_Object"
                },
                "type": "InternalNode",
                "modelIds": null
            },
            {
                "id": "http://erlangen-crm.org/current/E55_Type3",
                "label": {
                    "uri": "http://erlangen-crm.org/current/E55_Type"
                },
                "type": "InternalNode",
                "modelIds": null
            },
            {
                "id": "http://erlangen-crm.org/current/E54_Dimension1",
                "label": {
                    "uri": "http://erlangen-crm.org/current/E54_Dimension"
                },
                "type": "InternalNode",
                "modelIds": null
            },
            {
                "id": "http://erlangen-crm.org/current/E40_Legal_Body1",
                "label": {
                    "uri": "http://erlangen-crm.org/current/E40_Legal_Body"
                },
                "type": "InternalNode",
                "modelIds": null
            },
            {
                "id": "HN78963",
                "label": {
                    "uri": "HN78963"
                },
                "type": "ColumnNode",
                "hNodeId": "HN78963",
                "columnName": "Object_URI",
                "rdfLiteralType": null,
                "userSemanticTypes": [
                    {
                        "hNodeId": "HN78963",
                        "domain": {
                            "uri": "http://erlangen-crm.org/current/E22_Man-Made_Object"
                        },
                        "type": {
                            "uri": "http://isi.edu/integration/karma/dev#classLink"
                        },
                        "origin": "User",
                        "confidenceScore": 1.0
                    }
                ],
                "learnedSemanticTypes": [
                    {
                        "hNodeId": "HN78963",
                        "domain": {
                            "uri": "http://erlangen-crm.org/current/E22_Man-Made_Object"
                        },
                        "type": {
                            "uri": "http://isi.edu/integration/karma/dev#classLink"
                        },
                        "origin": "TfIdfModel",
                        "confidenceScore": 0.7631069694357664
                    },
                    {
                        "hNodeId": "HN78963",
                        "domain": {
                            "uri": "http://erlangen-crm.org/current/E8_Acquisition"
                        },
                        "type": {
                            "uri": "http://isi.edu/integration/karma/dev#classLink"
                        },
                        "origin": "TfIdfModel",
                        "confidenceScore": 0.20338733737854103
                    },
                    {
                        "hNodeId": "HN78963",
                        "domain": {
                            "uri": "http://erlangen-crm.org/current/E22_Man-Made_Object"
                        },
                        "type": {
                            "uri": "http://erlangen-crm.org/current/P3_has_note"
                        },
                        "origin": "TfIdfModel",
                        "confidenceScore": 0.018852796648340366
                    },
                    {
                        "hNodeId": "HN78963",
                        "domain": {
                            "uri": "http://erlangen-crm.org/current/E73_Information_Object"
                        },
                        "type": {
                            "uri": "http://erlangen-crm.org/current/P3_has_note"
                        },
                        "origin": "TfIdfModel",
                        "confidenceScore": 0.014652896537352187
                    }
                ],
                "modelIds": null
            },
            {
                "id": "http://erlangen-crm.org/current/E38_Image1",
                "label": {
                    "uri": "http://erlangen-crm.org/current/E38_Image"
                },
                "type": "InternalNode",
                "modelIds": null
            },
            {
                "id": "HN70237",
                "label": {
                    "uri": "HN70237"
                },
                "type": "ColumnNode",
                "hNodeId": "HN70237",
                "columnName": "Image",
                "rdfLiteralType": null,
                "userSemanticTypes": [
                    {
                        "hNodeId": "HN70237",
                        "domain": {
                            "uri": "http://erlangen-crm.org/current/E38_Image"
                        },
                        "type": {
                            "uri": "http://isi.edu/integration/karma/dev#classLink"
                        },
                        "origin": "User",
                        "confidenceScore": 1.0
                    }
                ],
                "learnedSemanticTypes": [
                    {
                        "hNodeId": "HN70237",
                        "domain": {
                            "uri": "http://erlangen-crm.org/current/E38_Image"
                        },
                        "type": {
                            "uri": "http://isi.edu/integration/karma/dev#classLink"
                        },
                        "origin": "TfIdfModel",
                        "confidenceScore": 0.7594644678563297
                    },
                    {
                        "hNodeId": "HN70237",
                        "domain": {
                            "uri": "http://erlangen-crm.org/current/E53_Place"
                        },
                        "type": {
                            "uri": "http://isi.edu/integration/karma/dev#classLink"
                        },
                        "origin": "TfIdfModel",
                        "confidenceScore": 0.09764870773689083
                    },
                    {
                        "hNodeId": "HN70237",
                        "domain": {
                            "uri": "http://erlangen-crm.org/current/E8_Acquisition"
                        },
                        "type": {
                            "uri": "http://isi.edu/integration/karma/dev#classLink"
                        },
                        "origin": "TfIdfModel",
                        "confidenceScore": 0.08137392034357609
                    },
                    {
                        "hNodeId": "HN70237",
                        "domain": {
                            "uri": "http://erlangen-crm.org/current/E78_Collection"
                        },
                        "type": {
                            "uri": "http://isi.edu/integration/karma/dev#classLink"
                        },
                        "origin": "TfIdfModel",
                        "confidenceScore": 0.061512904063203366
                    }
                ],
                "modelIds": null
            },
            {
                "id": "HN70233",
                "label": {
                    "uri": "HN70233"
                },
                "type": "ColumnNode",
                "hNodeId": "HN70233",
                "columnName": "Owner",
                "rdfLiteralType": null,
                "userSemanticTypes": [
                    {
                        "hNodeId": "HN70233",
                        "domain": {
                            "uri": "http://erlangen-crm.org/current/E40_Legal_Body"
                        },
                        "type": {
                            "uri": "http://www.w3.org/2000/01/rdf-schema#label"
                        },
                        "origin": "User",
                        "confidenceScore": 1.0
                    }
                ],
                "learnedSemanticTypes": [
                    {
                        "hNodeId": "HN70233",
                        "domain": {
                            "uri": "http://erlangen-crm.org/current/E40_Legal_Body"
                        },
                        "type": {
                            "uri": "http://www.w3.org/2000/01/rdf-schema#label"
                        },
                        "origin": "TfIdfModel",
                        "confidenceScore": 0.6390206167301746
                    },
                    {
                        "hNodeId": "HN70233",
                        "domain": {
                            "uri": "http://erlangen-crm.org/current/E8_Acquisition"
                        },
                        "type": {
                            "uri": "http://erlangen-crm.org/current/P3_has_note"
                        },
                        "origin": "TfIdfModel",
                        "confidenceScore": 0.2612568979730177
                    },
                    {
                        "hNodeId": "HN70233",
                        "domain": {
                            "uri": "http://erlangen-crm.org/current/E22_Man-Made_Object"
                        },
                        "type": {
                            "uri": "http://erlangen-crm.org/current/P3_has_note"
                        },
                        "origin": "TfIdfModel",
                        "confidenceScore": 0.05040860828992185
                    },
                    {
                        "hNodeId": "HN70233",
                        "domain": {
                            "uri": "http://erlangen-crm.org/current/E21_Person"
                        },
                        "type": {
                            "uri": "http://erlangen-crm.org/current/P3_has_note"
                        },
                        "origin": "TfIdfModel",
                        "confidenceScore": 0.04931387700688578
                    }
                ],
                "modelIds": null
            },
            {
                "id": "http://erlangen-crm.org/current/E52_Time-Span1",
                "label": {
                    "uri": "http://erlangen-crm.org/current/E52_Time-Span"
                },
                "type": "InternalNode",
                "modelIds": null
            },
            {
                "id": "HN78075",
                "label": {
                    "uri": "HN78075"
                },
                "type": "ColumnNode",
                "hNodeId": "HN78075",
                "columnName": "BornDate",
                "rdfLiteralType": null,
                "userSemanticTypes": [
                    {
                        "hNodeId": "HN78075",
                        "domain": {
                            "uri": "http://erlangen-crm.org/current/E52_Time-Span"
                        },
                        "type": {
                            "uri": "http://erlangen-crm.org/current/P82_at_some_time_within"
                        },
                        "origin": "User",
                        "confidenceScore": 1.0
                    }
                ],
                "learnedSemanticTypes": [
                    {
                        "hNodeId": "HN78075",
                        "domain": {
                            "uri": "http://erlangen-crm.org/current/E52_Time-Span"
                        },
                        "type": {
                            "uri": "http://erlangen-crm.org/current/P82a_begin_of_the_begin"
                        },
                        "origin": "TfIdfModel",
                        "confidenceScore": 0.4407138958799331
                    },
                    {
                        "hNodeId": "HN78075",
                        "domain": {
                            "uri": "http://erlangen-crm.org/current/E52_Time-Span"
                        },
                        "type": {
                            "uri": "http://erlangen-crm.org/current/P82_at_some_time_within"
                        },
                        "origin": "TfIdfModel",
                        "confidenceScore": 0.35216877958661225
                    },
                    {
                        "hNodeId": "HN78075",
                        "domain": {
                            "uri": "http://erlangen-crm.org/current/E52_Time-Span"
                        },
                        "type": {
                            "uri": "http://erlangen-crm.org/current/P82b_end_of_the_end"
                        },
                        "origin": "TfIdfModel",
                        "confidenceScore": 0.16063021773256236
                    },
                    {
                        "hNodeId": "HN78075",
                        "domain": {
                            "uri": "http://erlangen-crm.org/current/E34_Inscription"
                        },
                        "type": {
                            "uri": "http://erlangen-crm.org/current/P3_has_note"
                        },
                        "origin": "TfIdfModel",
                        "confidenceScore": 0.046487106800892325
                    }
                ],
                "modelIds": null
            },
            {
                "id": "http://erlangen-crm.org/current/E52_Time-Span2",
                "label": {
                    "uri": "http://erlangen-crm.org/current/E52_Time-Span"
                },
                "type": "InternalNode",
                "modelIds": null
            },
            {
                "id": "HN78249",
                "label": {
                    "uri": "HN78249"
                },
                "type": "ColumnNode",
                "hNodeId": "HN78249",
                "columnName": "deathDate",
                "rdfLiteralType": null,
                "userSemanticTypes": [
                    {
                        "hNodeId": "HN78249",
                        "domain": {
                            "uri": "http://erlangen-crm.org/current/E52_Time-Span"
                        },
                        "type": {
                            "uri": "http://erlangen-crm.org/current/P82_at_some_time_within"
                        },
                        "origin": "User",
                        "confidenceScore": 1.0
                    }
                ],
                "learnedSemanticTypes": [
                    {
                        "hNodeId": "HN78249",
                        "domain": {
                            "uri": "http://erlangen-crm.org/current/E52_Time-Span"
                        },
                        "type": {
                            "uri": "http://erlangen-crm.org/current/P82b_end_of_the_end"
                        },
                        "origin": "TfIdfModel",
                        "confidenceScore": 0.3822685495014838
                    },
                    {
                        "hNodeId": "HN78249",
                        "domain": {
                            "uri": "http://erlangen-crm.org/current/E52_Time-Span"
                        },
                        "type": {
                            "uri": "http://erlangen-crm.org/current/P82_at_some_time_within"
                        },
                        "origin": "TfIdfModel",
                        "confidenceScore": 0.3276664469414663
                    },
                    {
                        "hNodeId": "HN78249",
                        "domain": {
                            "uri": "http://erlangen-crm.org/current/E52_Time-Span"
                        },
                        "type": {
                            "uri": "http://erlangen-crm.org/current/P82a_begin_of_the_begin"
                        },
                        "origin": "TfIdfModel",
                        "confidenceScore": 0.22484211239088686
                    },
                    {
                        "hNodeId": "HN78249",
                        "domain": {
                            "uri": "http://erlangen-crm.org/current/E34_Inscription"
                        },
                        "type": {
                            "uri": "http://erlangen-crm.org/current/P3_has_note"
                        },
                        "origin": "TfIdfModel",
                        "confidenceScore": 0.06522289116616306
                    }
                ],
                "modelIds": null
            },
            {
                "id": "HN70241",
                "label": {
                    "uri": "HN70241"
                },
                "type": "ColumnNode",
                "hNodeId": "HN70241",
                "columnName": "DateOfWork",
                "rdfLiteralType": null,
                "userSemanticTypes": [
                    {
                        "hNodeId": "HN70241",
                        "domain": {
                            "uri": "http://erlangen-crm.org/current/E52_Time-Span"
                        },
                        "type": {
                            "uri": "http://erlangen-crm.org/current/P82_at_some_time_within"
                        },
                        "origin": "User",
                        "confidenceScore": 1.0
                    }
                ],
                "learnedSemanticTypes": [
                    {
                        "hNodeId": "HN70241",
                        "domain": {
                            "uri": "http://erlangen-crm.org/current/E52_Time-Span"
                        },
                        "type": {
                            "uri": "http://erlangen-crm.org/current/P82_at_some_time_within"
                        },
                        "origin": "TfIdfModel",
                        "confidenceScore": 0.4666873251524927
                    },
                    {
                        "hNodeId": "HN70241",
                        "domain": {
                            "uri": "http://erlangen-crm.org/current/E52_Time-Span"
                        },
                        "type": {
                            "uri": "http://erlangen-crm.org/current/P82a_begin_of_the_begin"
                        },
                        "origin": "TfIdfModel",
                        "confidenceScore": 0.27070319038824436
                    },
                    {
                        "hNodeId": "HN70241",
                        "domain": {
                            "uri": "http://erlangen-crm.org/current/E52_Time-Span"
                        },
                        "type": {
                            "uri": "http://erlangen-crm.org/current/P82b_end_of_the_end"
                        },
                        "origin": "TfIdfModel",
                        "confidenceScore": 0.19138879298404127
                    },
                    {
                        "hNodeId": "HN70241",
                        "domain": {
                            "uri": "http://erlangen-crm.org/current/E33_Linguistic_Object"
                        },
                        "type": {
                            "uri": "http://erlangen-crm.org/current/P3_has_note"
                        },
                        "origin": "TfIdfModel",
                        "confidenceScore": 0.07122069147522167
                    }
                ],
                "modelIds": null
            },
            {
                "id": "http://erlangen-crm.org/current/E52_Time-Span4",
                "label": {
                    "uri": "http://erlangen-crm.org/current/E52_Time-Span"
                },
                "type": "InternalNode",
                "modelIds": null
            },
            {
                "id": "HN70235",
                "label": {
                    "uri": "HN70235"
                },
                "type": "ColumnNode",
                "hNodeId": "HN70235",
                "columnName": "AquisitionDate",
                "rdfLiteralType": null,
                "userSemanticTypes": [
                    {
                        "hNodeId": "HN70235",
                        "domain": {
                            "uri": "http://erlangen-crm.org/current/E52_Time-Span"
                        },
                        "type": {
                            "uri": "http://erlangen-crm.org/current/P82_at_some_time_within"
                        },
                        "origin": "User",
                        "confidenceScore": 1.0
                    }
                ],
                "learnedSemanticTypes": [
                    {
                        "hNodeId": "HN70235",
                        "domain": {
                            "uri": "http://erlangen-crm.org/current/E52_Time-Span"
                        },
                        "type": {
                            "uri": "http://erlangen-crm.org/current/P82b_end_of_the_end"
                        },
                        "origin": "TfIdfModel",
                        "confidenceScore": 0.35835771800388616
                    },
                    {
                        "hNodeId": "HN70235",
                        "domain": {
                            "uri": "http://erlangen-crm.org/current/E52_Time-Span"
                        },
                        "type": {
                            "uri": "http://erlangen-crm.org/current/P82_at_some_time_within"
                        },
                        "origin": "TfIdfModel",
                        "confidenceScore": 0.3408040333060106
                    },
                    {
                        "hNodeId": "HN70235",
                        "domain": {
                            "uri": "http://erlangen-crm.org/current/E69_Death"
                        },
                        "type": {
                            "uri": "http://erlangen-crm.org/current/P82_at_some_time_within"
                        },
                        "origin": "TfIdfModel",
                        "confidenceScore": 0.1506867812222043
                    },
                    {
                        "hNodeId": "HN70235",
                        "domain": {
                            "uri": "http://erlangen-crm.org/current/E12_Production"
                        },
                        "type": {
                            "uri": "http://erlangen-crm.org/current/P3_has_note"
                        },
                        "origin": "TfIdfModel",
                        "confidenceScore": 0.15015146746789895
                    }
                ],
                "modelIds": null
            },
            {
                "id": "HN70231",
                "label": {
                    "uri": "HN70231"
                },
                "type": "ColumnNode",
                "hNodeId": "HN70231",
                "columnName": "Dimension",
                "rdfLiteralType": null,
                "userSemanticTypes": [
                    {
                        "hNodeId": "HN70231",
                        "domain": {
                            "uri": "http://erlangen-crm.org/current/E54_Dimension"
                        },
                        "type": {
                            "uri": "http://erlangen-crm.org/current/P3_has_note"
                        },
                        "origin": "User",
                        "confidenceScore": 1.0
                    }
                ],
                "learnedSemanticTypes": [
                    {
                        "hNodeId": "HN70231",
                        "domain": {
                            "uri": "http://erlangen-crm.org/current/E54_Dimension"
                        },
                        "type": {
                            "uri": "http://erlangen-crm.org/current/P3_has_note"
                        },
                        "origin": "TfIdfModel",
                        "confidenceScore": 0.8220772239922729
                    },
                    {
                        "hNodeId": "HN70231",
                        "domain": {
                            "uri": "http://erlangen-crm.org/current/E22_Man-Made_Object"
                        },
                        "type": {
                            "uri": "http://erlangen-crm.org/current/P3_has_note"
                        },
                        "origin": "TfIdfModel",
                        "confidenceScore": 0.06390829400077885
                    },
                    {
                        "hNodeId": "HN70231",
                        "domain": {
                            "uri": "http://erlangen-crm.org/current/E34_Inscription"
                        },
                        "type": {
                            "uri": "http://erlangen-crm.org/current/P3_has_note"
                        },
                        "origin": "TfIdfModel",
                        "confidenceScore": 0.05855170876583159
                    },
                    {
                        "hNodeId": "HN70231",
                        "domain": {
                            "uri": "http://erlangen-crm.org/current/E73_Information_Object"
                        },
                        "type": {
                            "uri": "http://erlangen-crm.org/current/P3_has_note"
                        },
                        "origin": "TfIdfModel",
                        "confidenceScore": 0.055462773241116675
                    }
                ],
                "modelIds": null
            },
            {
                "id": "http://erlangen-crm.org/current/E55_Type1",
                "label": {
                    "uri": "http://erlangen-crm.org/current/E55_Type"
                },
                "type": "InternalNode",
                "modelIds": null
            },
            {
                "id": "HN77706",
                "label": {
                    "uri": "HN77706"
                },
                "type": "ColumnNode",
                "hNodeId": "HN77706",
                "columnName": "Classification_URI",
                "rdfLiteralType": null,
                "userSemanticTypes": [
                    {
                        "hNodeId": "HN77706",
                        "domain": {
                            "uri": "http://erlangen-crm.org/current/E55_Type"
                        },
                        "type": {
                            "uri": "http://isi.edu/integration/karma/dev#classLink"
                        },
                        "origin": "User",
                        "confidenceScore": 1.0
                    }
                ],
                "learnedSemanticTypes": [
                    {
                        "hNodeId": "HN77706",
                        "domain": {
                            "uri": "http://erlangen-crm.org/current/E55_Type"
                        },
                        "type": {
                            "uri": "http://isi.edu/integration/karma/dev#classLink"
                        },
                        "origin": "TfIdfModel",
                        "confidenceScore": 0.5833675405433161
                    },
                    {
                        "hNodeId": "HN77706",
                        "domain": {
                            "uri": "http://erlangen-crm.org/current/E55_Type"
                        },
                        "type": {
                            "uri": "http://www.w3.org/2000/01/rdf-schema#label"
                        },
                        "origin": "TfIdfModel",
                        "confidenceScore": 0.21105616982129832
                    },
                    {
                        "hNodeId": "HN77706",
                        "domain": {
                            "uri": "http://erlangen-crm.org/current/E74_Group"
                        },
                        "type": {
                            "uri": "http://isi.edu/integration/karma/dev#classLink"
                        },
                        "origin": "TfIdfModel",
                        "confidenceScore": 0.10583295126833421
                    },
                    {
                        "hNodeId": "HN77706",
                        "domain": {
                            "uri": "http://erlangen-crm.org/current/E57_Material"
                        },
                        "type": {
                            "uri": "http://isi.edu/integration/karma/dev#classLink"
                        },
                        "origin": "TfIdfModel",
                        "confidenceScore": 0.09974333836705139
                    }
                ],
                "modelIds": null
            },
            {
                "id": "HN70227",
                "label": {
                    "uri": "HN70227"
                },
                "type": "ColumnNode",
                "hNodeId": "HN70227",
                "columnName": "Classification",
                "rdfLiteralType": null,
                "userSemanticTypes": [
                    {
                        "hNodeId": "HN70227",
                        "domain": {
                            "uri": "http://erlangen-crm.org/current/E55_Type"
                        },
                        "type": {
                            "uri": "http://www.w3.org/2000/01/rdf-schema#label"
                        },
                        "origin": "User",
                        "confidenceScore": 1.0
                    }
                ],
                "learnedSemanticTypes": [
                    {
                        "hNodeId": "HN70227",
                        "domain": {
                            "uri": "http://erlangen-crm.org/current/E55_Type"
                        },
                        "type": {
                            "uri": "http://www.w3.org/2000/01/rdf-schema#label"
                        },
                        "origin": "TfIdfModel",
                        "confidenceScore": 0.46545938287012434
                    },
                    {
                        "hNodeId": "HN70227",
                        "domain": {
                            "uri": "http://erlangen-crm.org/current/E55_Type"
                        },
                        "type": {
                            "uri": "http://isi.edu/integration/karma/dev#classLink"
                        },
                        "origin": "TfIdfModel",
                        "confidenceScore": 0.3429776229584177
                    },
                    {
                        "hNodeId": "HN70227",
                        "domain": {
                            "uri": "http://erlangen-crm.org/current/E33_Linguistic_Object"
                        },
                        "type": {
                            "uri": "http://erlangen-crm.org/current/P3_has_note"
                        },
                        "origin": "TfIdfModel",
                        "confidenceScore": 0.096551491415207
                    },
                    {
                        "hNodeId": "HN70227",
                        "domain": {
                            "uri": "http://erlangen-crm.org/current/E73_Information_Object"
                        },
                        "type": {
                            "uri": "http://erlangen-crm.org/current/P3_has_note"
                        },
                        "origin": "TfIdfModel",
                        "confidenceScore": 0.09501150275625095
                    }
                ],
                "modelIds": null
            },
            {
                "id": "HN77880",
                "label": {
                    "uri": "HN77880"
                },
                "type": "ColumnNode",
                "hNodeId": "HN77880",
                "columnName": "Medium_URI",
                "rdfLiteralType": null,
                "userSemanticTypes": [
                    {
                        "hNodeId": "HN77880",
                        "domain": {
                            "uri": "http://erlangen-crm.org/current/E55_Type"
                        },
                        "type": {
                            "uri": "http://isi.edu/integration/karma/dev#classLink"
                        },
                        "origin": "User",
                        "confidenceScore": 1.0
                    }
                ],
                "learnedSemanticTypes": [
                    {
                        "hNodeId": "HN77880",
                        "domain": {
                            "uri": "http://erlangen-crm.org/current/E57_Material"
                        },
                        "type": {
                            "uri": "http://isi.edu/integration/karma/dev#classLink"
                        },
                        "origin": "TfIdfModel",
                        "confidenceScore": 0.42939514937692586
                    },
                    {
                        "hNodeId": "HN77880",
                        "domain": {
                            "uri": "http://erlangen-crm.org/current/E55_Type"
                        },
                        "type": {
                            "uri": "http://isi.edu/integration/karma/dev#classLink"
                        },
                        "origin": "TfIdfModel",
                        "confidenceScore": 0.39909394646944285
                    },
                    {
                        "hNodeId": "HN77880",
                        "domain": {
                            "uri": "http://erlangen-crm.org/current/E74_Group"
                        },
                        "type": {
                            "uri": "http://isi.edu/integration/karma/dev#classLink"
                        },
                        "origin": "TfIdfModel",
                        "confidenceScore": 0.14182609143630867
                    },
                    {
                        "hNodeId": "HN77880",
                        "domain": {
                            "uri": "http://erlangen-crm.org/current/E55_Type"
                        },
                        "type": {
                            "uri": "http://www.w3.org/2000/01/rdf-schema#label"
                        },
                        "origin": "TfIdfModel",
                        "confidenceScore": 0.0296848127173226
                    }
                ],
                "modelIds": null
            },
            {
                "id": "HN70229",
                "label": {
                    "uri": "HN70229"
                },
                "type": "ColumnNode",
                "hNodeId": "HN70229",
                "columnName": "Medium",
                "rdfLiteralType": null,
                "userSemanticTypes": [
                    {
                        "hNodeId": "HN70229",
                        "domain": {
                            "uri": "http://erlangen-crm.org/current/E55_Type"
                        },
                        "type": {
                            "uri": "http://www.w3.org/2000/01/rdf-schema#label"
                        },
                        "origin": "User",
                        "confidenceScore": 1.0
                    }
                ],
                "learnedSemanticTypes": [
                    {
                        "hNodeId": "HN70229",
                        "domain": {
                            "uri": "http://erlangen-crm.org/current/E29_Design_or_Procedure"
                        },
                        "type": {
                            "uri": "http://erlangen-crm.org/current/P3_has_note"
                        },
                        "origin": "TfIdfModel",
                        "confidenceScore": 0.3262962922732497
                    },
                    {
                        "hNodeId": "HN70229",
                        "domain": {
                            "uri": "http://erlangen-crm.org/current/E57_Material"
                        },
                        "type": {
                            "uri": "http://www.w3.org/2000/01/rdf-schema#label"
                        },
                        "origin": "TfIdfModel",
                        "confidenceScore": 0.3174676000596648
                    },
                    {
                        "hNodeId": "HN70229",
                        "domain": {
                            "uri": "http://erlangen-crm.org/current/E55_Type"
                        },
                        "type": {
                            "uri": "http://www.w3.org/2000/01/rdf-schema#label"
                        },
                        "origin": "TfIdfModel",
                        "confidenceScore": 0.2544803834286325
                    },
                    {
                        "hNodeId": "HN70229",
                        "domain": {
                            "uri": "http://erlangen-crm.org/current/E57_Material"
                        },
                        "type": {
                            "uri": "http://isi.edu/integration/karma/dev#classLink"
                        },
                        "origin": "TfIdfModel",
                        "confidenceScore": 0.10175572423845303
                    }
                ],
                "modelIds": null
            },
            {
                "id": "HN78607",
                "label": {
                    "uri": "HN78607"
                },
                "type": "ColumnNode",
                "hNodeId": "HN78607",
                "columnName": "Subclassification_URI",
                "rdfLiteralType": null,
                "userSemanticTypes": [
                    {
                        "hNodeId": "HN78607",
                        "domain": {
                            "uri": "http://erlangen-crm.org/current/E55_Type"
                        },
                        "type": {
                            "uri": "http://isi.edu/integration/karma/dev#classLink"
                        },
                        "origin": "User",
                        "confidenceScore": 1.0
                    }
                ],
                "learnedSemanticTypes": [
                    {
                        "hNodeId": "HN78607",
                        "domain": {
                            "uri": "http://erlangen-crm.org/current/E55_Type"
                        },
                        "type": {
                            "uri": "http://isi.edu/integration/karma/dev#classLink"
                        },
                        "origin": "TfIdfModel",
                        "confidenceScore": 0.5397566682393126
                    },
                    {
                        "hNodeId": "HN78607",
                        "domain": {
                            "uri": "http://erlangen-crm.org/current/E74_Group"
                        },
                        "type": {
                            "uri": "http://isi.edu/integration/karma/dev#classLink"
                        },
                        "origin": "TfIdfModel",
                        "confidenceScore": 0.1587450259825942
                    },
                    {
                        "hNodeId": "HN78607",
                        "domain": {
                            "uri": "http://erlangen-crm.org/current/E55_Type"
                        },
                        "type": {
                            "uri": "http://www.w3.org/2000/01/rdf-schema#label"
                        },
                        "origin": "TfIdfModel",
                        "confidenceScore": 0.15188747199927843
                    },
                    {
                        "hNodeId": "HN78607",
                        "domain": {
                            "uri": "http://erlangen-crm.org/current/E57_Material"
                        },
                        "type": {
                            "uri": "http://isi.edu/integration/karma/dev#classLink"
                        },
                        "origin": "TfIdfModel",
                        "confidenceScore": 0.14961083377881482
                    }
                ],
                "modelIds": null
            },
            {
                "id": "HN78433",
                "label": {
                    "uri": "HN78433"
                },
                "type": "ColumnNode",
                "hNodeId": "HN78433",
                "columnName": "Subclassification",
                "rdfLiteralType": null,
                "userSemanticTypes": [
                    {
                        "hNodeId": "HN78433",
                        "domain": {
                            "uri": "http://erlangen-crm.org/current/E55_Type"
                        },
                        "type": {
                            "uri": "http://www.w3.org/2000/01/rdf-schema#label"
                        },
                        "origin": "User",
                        "confidenceScore": 1.0
                    }
                ],
                "learnedSemanticTypes": [
                    {
                        "hNodeId": "HN78433",
                        "domain": {
                            "uri": "http://erlangen-crm.org/current/E22_Man-Made_Object"
                        },
                        "type": {
                            "uri": "http://isi.edu/integration/karma/dev#classLink"
                        },
                        "origin": "TfIdfModel",
                        "confidenceScore": 0.38618317165943455
                    },
                    {
                        "hNodeId": "HN78433",
                        "domain": {
                            "uri": "http://erlangen-crm.org/current/E30_Right"
                        },
                        "type": {
                            "uri": "http://erlangen-crm.org/current/P3_has_note"
                        },
                        "origin": "TfIdfModel",
                        "confidenceScore": 0.32177131307026463
                    },
                    {
                        "hNodeId": "HN78433",
                        "domain": {
                            "uri": "http://erlangen-crm.org/current/E8_Acquisition"
                        },
                        "type": {
                            "uri": "http://erlangen-crm.org/current/P3_has_note"
                        },
                        "origin": "TfIdfModel",
                        "confidenceScore": 0.17532108999153764
                    },
                    {
                        "hNodeId": "HN78433",
                        "domain": {
                            "uri": "http://erlangen-crm.org/current/E38_Image"
                        },
                        "type": {
                            "uri": "http://isi.edu/integration/karma/dev#classLink"
                        },
                        "origin": "TfIdfModel",
                        "confidenceScore": 0.11672442527876316
                    }
                ],
                "modelIds": null
            },
            {
                "id": "HN79138",
                "label": {
                    "uri": "HN79138"
                },
                "type": "ColumnNode",
                "hNodeId": "HN79138",
                "columnName": "Artist_Appellation_URI",
                "rdfLiteralType": null,
                "userSemanticTypes": [
                    {
                        "hNodeId": "HN79138",
                        "domain": {
                            "uri": "http://erlangen-crm.org/current/E82_Actor_Appellation"
                        },
                        "type": {
                            "uri": "http://isi.edu/integration/karma/dev#classLink"
                        },
                        "origin": "User",
                        "confidenceScore": 1.0
                    }
                ],
                "learnedSemanticTypes": [
                    {
                        "hNodeId": "HN79138",
                        "domain": {
                            "uri": "http://erlangen-crm.org/current/E82_Actor_Appellation"
                        },
                        "type": {
                            "uri": "http://isi.edu/integration/karma/dev#classLink"
                        },
                        "origin": "TfIdfModel",
                        "confidenceScore": 0.6591990227514911
                    },
                    {
                        "hNodeId": "HN79138",
                        "domain": {
                            "uri": "http://erlangen-crm.org/current/E21_Person"
                        },
                        "type": {
                            "uri": "http://isi.edu/integration/karma/dev#classLink"
                        },
                        "origin": "TfIdfModel",
                        "confidenceScore": 0.3042464022605833
                    },
                    {
                        "hNodeId": "HN79138",
                        "domain": {
                            "uri": "http://erlangen-crm.org/current/E39_Actor"
                        },
                        "type": {
                            "uri": "http://isi.edu/integration/karma/dev#classLink"
                        },
                        "origin": "TfIdfModel",
                        "confidenceScore": 0.03477581624629655
                    },
                    {
                        "hNodeId": "HN79138",
                        "domain": {
                            "uri": "http://erlangen-crm.org/current/E39_Actor"
                        },
                        "type": {
                            "uri": "http://erlangen-crm.org/current/P3_has_note"
                        },
                        "origin": "TfIdfModel",
                        "confidenceScore": 0.0017787587416289955
                    }
                ],
                "modelIds": null
            },
            {
                "id": "HN70221",
                "label": {
                    "uri": "HN70221"
                },
                "type": "ColumnNode",
                "hNodeId": "HN70221",
                "columnName": "Artist",
                "rdfLiteralType": null,
                "userSemanticTypes": [
                    {
                        "hNodeId": "HN70221",
                        "domain": {
                            "uri": "http://erlangen-crm.org/current/E82_Actor_Appellation"
                        },
                        "type": {
                            "uri": "http://www.w3.org/2000/01/rdf-schema#label"
                        },
                        "origin": "User",
                        "confidenceScore": 1.0
                    }
                ],
                "learnedSemanticTypes": [
                    {
                        "hNodeId": "HN70221",
                        "domain": {
                            "uri": "http://erlangen-crm.org/current/E82_Actor_Appellation"
                        },
                        "type": {
                            "uri": "http://www.w3.org/2000/01/rdf-schema#label"
                        },
                        "origin": "TfIdfModel",
                        "confidenceScore": 0.6842662684303262
                    },
                    {
                        "hNodeId": "HN70221",
                        "domain": {
                            "uri": "http://erlangen-crm.org/current/E21_Person"
                        },
                        "type": {
                            "uri": "http://erlangen-crm.org/current/P3_has_note"
                        },
                        "origin": "TfIdfModel",
                        "confidenceScore": 0.1127738805596085
                    },
                    {
                        "hNodeId": "HN70221",
                        "domain": {
                            "uri": "http://erlangen-crm.org/current/E22_Man-Made_Object"
                        },
                        "type": {
                            "uri": "http://erlangen-crm.org/current/P3_has_note"
                        },
                        "origin": "TfIdfModel",
                        "confidenceScore": 0.10350629091012113
                    },
                    {
                        "hNodeId": "HN70221",
                        "domain": {
                            "uri": "http://erlangen-crm.org/current/E73_Information_Object"
                        },
                        "type": {
                            "uri": "http://erlangen-crm.org/current/P3_has_note"
                        },
                        "origin": "TfIdfModel",
                        "confidenceScore": 0.0994535600999441
                    }
                ],
                "modelIds": null
            },
            {
                "id": "HN70255",
                "label": {
                    "uri": "HN70255"
                },
                "type": "ColumnNode",
                "hNodeId": "HN70255",
                "columnName": "values",
                "rdfLiteralType": null,
                "userSemanticTypes": [
                    {
                        "hNodeId": "HN70255",
                        "domain": {
                            "uri": "http://erlangen-crm.org/current/E82_Actor_Appellation"
                        },
                        "type": {
                            "uri": "http://www.w3.org/2000/01/rdf-schema#label"
                        },
                        "origin": "User",
                        "confidenceScore": 1.0
                    }
                ],
                "learnedSemanticTypes": [
                    {
                        "hNodeId": "HN70255",
                        "domain": {
                            "uri": "http://erlangen-crm.org/current/E82_Actor_Appellation"
                        },
                        "type": {
                            "uri": "http://www.w3.org/2000/01/rdf-schema#label"
                        },
                        "origin": "TfIdfModel",
                        "confidenceScore": 0.4909980388344186
                    },
                    {
                        "hNodeId": "HN70255",
                        "domain": {
                            "uri": "http://erlangen-crm.org/current/E35_Title"
                        },
                        "type": {
                            "uri": "http://www.w3.org/2000/01/rdf-schema#label"
                        },
                        "origin": "TfIdfModel",
                        "confidenceScore": 0.24270511072084477
                    },
                    {
                        "hNodeId": "HN70255",
                        "domain": {
                            "uri": "http://erlangen-crm.org/current/E21_Person"
                        },
                        "type": {
                            "uri": "http://erlangen-crm.org/current/P3_has_note"
                        },
                        "origin": "TfIdfModel",
                        "confidenceScore": 0.1356466453709849
                    },
                    {
                        "hNodeId": "HN70255",
                        "domain": {
                            "uri": "http://erlangen-crm.org/current/E8_Acquisition"
                        },
                        "type": {
                            "uri": "http://erlangen-crm.org/current/P3_has_note"
                        },
                        "origin": "TfIdfModel",
                        "confidenceScore": 0.13065020507375172
                    }
                ],
                "modelIds": null
            },
            {
                "id": "http://erlangen-crm.org/current/E8_Acquisition1",
                "label": {
                    "uri": "http://erlangen-crm.org/current/E8_Acquisition"
                },
                "type": "InternalNode",
                "modelIds": null
            },
            {
                "id": "HN70243",
                "label": {
                    "uri": "HN70243"
                },
                "type": "ColumnNode",
                "hNodeId": "HN70243",
                "columnName": "CreditLine",
                "rdfLiteralType": null,
                "userSemanticTypes": [
                    {
                        "hNodeId": "HN70243",
                        "domain": {
                            "uri": "http://erlangen-crm.org/current/E8_Acquisition"
                        },
                        "type": {
                            "uri": "http://erlangen-crm.org/current/P3_has_note"
                        },
                        "origin": "User",
                        "confidenceScore": 1.0
                    }
                ],
                "learnedSemanticTypes": [
                    {
                        "hNodeId": "HN70243",
                        "domain": {
                            "uri": "http://erlangen-crm.org/current/E8_Acquisition"
                        },
                        "type": {
                            "uri": "http://erlangen-crm.org/current/P3_has_note"
                        },
                        "origin": "TfIdfModel",
                        "confidenceScore": 0.4102699318465969
                    },
                    {
                        "hNodeId": "HN70243",
                        "domain": {
                            "uri": "http://erlangen-crm.org/current/E40_Legal_Body"
                        },
                        "type": {
                            "uri": "http://www.w3.org/2000/01/rdf-schema#label"
                        },
                        "origin": "TfIdfModel",
                        "confidenceScore": 0.3697789999082387
                    },
                    {
                        "hNodeId": "HN70243",
                        "domain": {
                            "uri": "http://erlangen-crm.org/current/E30_Right"
                        },
                        "type": {
                            "uri": "http://erlangen-crm.org/current/P3_has_note"
                        },
                        "origin": "TfIdfModel",
                        "confidenceScore": 0.12383578303055272
                    },
                    {
                        "hNodeId": "HN70243",
                        "domain": {
                            "uri": "http://erlangen-crm.org/current/E22_Man-Made_Object"
                        },
                        "type": {
                            "uri": "http://erlangen-crm.org/current/P3_has_note"
                        },
                        "origin": "TfIdfModel",
                        "confidenceScore": 0.0961152852146117
                    }
                ],
                "modelIds": null
            }
        ],
        "links": [
            {
                "id": "http://erlangen-crm.org/current/E12_Production1---http://erlangen-crm.org/current/P14_carried_out_by---http://erlangen-crm.org/current/E21_Person1",
                "weight": 0.01,
                "type": "ObjectPropertyLink",
                "label": {
                    "uri": "http://erlangen-crm.org/current/P14_carried_out_by"
                },
                "objectPropertyType": "None",
                "status": "ForcedByUser",
                "keyInfo": "None",
                "modelIds": null
            },
            {
                "id": "http://erlangen-crm.org/current/E12_Production1---http://erlangen-crm.org/current/P32_used_general_technique---http://erlangen-crm.org/current/E55_Type2",
                "weight": 0.01,
                "type": "ObjectPropertyLink",
                "label": {
                    "uri": "http://erlangen-crm.org/current/P32_used_general_technique"
                },
                "objectPropertyType": "None",
                "status": "ForcedByUser",
                "keyInfo": "None",
                "modelIds": null
            },
            {
                "id": "http://erlangen-crm.org/current/E12_Production1---http://erlangen-crm.org/current/P4_has_time-span---http://erlangen-crm.org/current/E52_Time-Span3",
                "weight": 0.01,
                "type": "ObjectPropertyLink",
                "label": {
                    "uri": "http://erlangen-crm.org/current/P4_has_time-span"
                },
                "objectPropertyType": "None",
                "status": "ForcedByUser",
                "keyInfo": "None",
                "modelIds": null
            },
            {
                "id": "http://erlangen-crm.org/current/E21_Person1---http://erlangen-crm.org/current/P100i_died_in---http://erlangen-crm.org/current/E69_Death1",
                "weight": 0.01,
                "type": "ObjectPropertyLink",
                "label": {
                    "uri": "http://erlangen-crm.org/current/P100i_died_in"
                },
                "objectPropertyType": "None",
                "status": "ForcedByUser",
                "keyInfo": "None",
                "modelIds": null
            },
            {
                "id": "http://erlangen-crm.org/current/E21_Person1---http://erlangen-crm.org/current/P131_is_identified_by---http://erlangen-crm.org/current/E82_Actor_Appellation1",
                "weight": 0.01,
                "type": "ObjectPropertyLink",
                "label": {
                    "uri": "http://erlangen-crm.org/current/P131_is_identified_by"
                },
                "objectPropertyType": "None",
                "status": "ForcedByUser",
                "keyInfo": "None",
                "modelIds": null
            },
            {
                "id": "http://erlangen-crm.org/current/E21_Person1---http://erlangen-crm.org/current/P98i_was_born---http://erlangen-crm.org/current/E67_Birth1",
                "weight": 0.01,
                "type": "ObjectPropertyLink",
                "label": {
                    "uri": "http://erlangen-crm.org/current/P98i_was_born"
                },
                "objectPropertyType": "None",
                "status": "ForcedByUser",
                "keyInfo": "None",
                "modelIds": null
            },
            {
                "id": "http://erlangen-crm.org/current/E21_Person1---http://isi.edu/integration/karma/dev#classLink---HN78788",
                "weight": 0.01,
                "type": "ClassInstanceLink",
                "label": {
                    "uri": "http://isi.edu/integration/karma/dev#classLink"
                },
                "status": "ForcedByUser",
                "keyInfo": "UriOfInstance",
                "modelIds": null
            },
            {
                "id": "http://erlangen-crm.org/current/E21_Person2---http://erlangen-crm.org/current/P131_is_identified_by---http://erlangen-crm.org/current/E82_Actor_Appellation2",
                "weight": 0.01,
                "type": "ObjectPropertyLink",
                "label": {
                    "uri": "http://erlangen-crm.org/current/P131_is_identified_by"
                },
                "objectPropertyType": "None",
                "status": "ForcedByUser",
                "keyInfo": "None",
                "modelIds": null
            },
            {
                "id": "http://erlangen-crm.org/current/E21_Person2---http://erlangen-crm.org/current/P3_has_note---HN70239",
                "weight": 0.01,
                "type": "DataPropertyLink",
                "label": {
                    "uri": "http://erlangen-crm.org/current/P3_has_note"
                },
                "status": "ForcedByUser",
                "keyInfo": "None",
                "modelIds": null
            },
            {
                "id": "http://erlangen-crm.org/current/E22_Man-Made_Object1---http://erlangen-crm.org/current/P108i_was_produced_by---http://erlangen-crm.org/current/E12_Production1",
                "weight": 0.01,
                "type": "ObjectPropertyLink",
                "label": {
                    "uri": "http://erlangen-crm.org/current/P108i_was_produced_by"
                },
                "objectPropertyType": "None",
                "status": "ForcedByUser",
                "keyInfo": "None",
                "modelIds": null
            },
            {
                "id": "http://erlangen-crm.org/current/E22_Man-Made_Object1---http://erlangen-crm.org/current/P2_has_type---http://erlangen-crm.org/current/E55_Type3",
                "weight": 0.01,
                "type": "ObjectPropertyLink",
                "label": {
                    "uri": "http://erlangen-crm.org/current/P2_has_type"
                },
                "objectPropertyType": "None",
                "status": "ForcedByUser",
                "keyInfo": "None",
                "modelIds": null
            },
            {
                "id": "http://erlangen-crm.org/current/E22_Man-Made_Object1---http://erlangen-crm.org/current/P43_has_dimension---http://erlangen-crm.org/current/E54_Dimension1",
                "weight": 0.01,
                "type": "ObjectPropertyLink",
                "label": {
                    "uri": "http://erlangen-crm.org/current/P43_has_dimension"
                },
                "objectPropertyType": "None",
                "status": "ForcedByUser",
                "keyInfo": "None",
                "modelIds": null
            },
            {
                "id": "http://erlangen-crm.org/current/E22_Man-Made_Object1---http://erlangen-crm.org/current/P51_has_former_or_current_owner---http://erlangen-crm.org/current/E40_Legal_Body1",
                "weight": 0.01,
                "type": "ObjectPropertyLink",
                "label": {
                    "uri": "http://erlangen-crm.org/current/P51_has_former_or_current_owner"
                },
                "objectPropertyType": "None",
                "status": "ForcedByUser",
                "keyInfo": "None",
                "modelIds": null
            },
            {
                "id": "http://erlangen-crm.org/current/E22_Man-Made_Object1---http://erlangen-crm.org/current/P62_depicts---http://erlangen-crm.org/current/E21_Person2",
                "weight": 0.01,
                "type": "ObjectPropertyLink",
                "label": {
                    "uri": "http://erlangen-crm.org/current/P62_depicts"
                },
                "objectPropertyType": "None",
                "status": "ForcedByUser",
                "keyInfo": "None",
                "modelIds": null
            },
            {
                "id": "http://erlangen-crm.org/current/E22_Man-Made_Object1---http://isi.edu/integration/karma/dev#classLink---HN78963",
                "weight": 0.01,
                "type": "ClassInstanceLink",
                "label": {
                    "uri": "http://isi.edu/integration/karma/dev#classLink"
                },
                "status": "ForcedByUser",
                "keyInfo": "UriOfInstance",
                "modelIds": null
            },
            {
                "id": "http://erlangen-crm.org/current/E38_Image1---http://erlangen-crm.org/current/P138_represents---http://erlangen-crm.org/current/E22_Man-Made_Object1",
                "weight": 0.01,
                "type": "ObjectPropertyLink",
                "label": {
                    "uri": "http://erlangen-crm.org/current/P138_represents"
                },
                "objectPropertyType": "None",
                "status": "ForcedByUser",
                "keyInfo": "None",
                "modelIds": null
            },
            {
                "id": "http://erlangen-crm.org/current/E38_Image1---http://isi.edu/integration/karma/dev#classLink---HN70237",
                "weight": 0.01,
                "type": "ClassInstanceLink",
                "label": {
                    "uri": "http://isi.edu/integration/karma/dev#classLink"
                },
                "status": "ForcedByUser",
                "keyInfo": "UriOfInstance",
                "modelIds": null
            },
            {
                "id": "http://erlangen-crm.org/current/E40_Legal_Body1---http://www.w3.org/2000/01/rdf-schema#label---HN70233",
                "weight": 0.01,
                "type": "DataPropertyLink",
                "label": {
                    "uri": "http://www.w3.org/2000/01/rdf-schema#label"
                },
                "status": "ForcedByUser",
                "keyInfo": "None",
                "modelIds": null
            },
            {
                "id": "http://erlangen-crm.org/current/E52_Time-Span1---http://erlangen-crm.org/current/P82_at_some_time_within---HN78075",
                "weight": 0.01,
                "type": "DataPropertyLink",
                "label": {
                    "uri": "http://erlangen-crm.org/current/P82_at_some_time_within"
                },
                "status": "ForcedByUser",
                "keyInfo": "None",
                "modelIds": null
            },
            {
                "id": "http://erlangen-crm.org/current/E52_Time-Span2---http://erlangen-crm.org/current/P82_at_some_time_within---HN78249",
                "weight": 0.01,
                "type": "DataPropertyLink",
                "label": {
                    "uri": "http://erlangen-crm.org/current/P82_at_some_time_within"
                },
                "status": "ForcedByUser",
                "keyInfo": "None",
                "modelIds": null
            },
            {
                "id": "http://erlangen-crm.org/current/E52_Time-Span3---http://erlangen-crm.org/current/P82_at_some_time_within---HN70241",
                "weight": 0.01,
                "type": "DataPropertyLink",
                "label": {
                    "uri": "http://erlangen-crm.org/current/P82_at_some_time_within"
                },
                "status": "ForcedByUser",
                "keyInfo": "None",
                "modelIds": null
            },
            {
                "id": "http://erlangen-crm.org/current/E52_Time-Span4---http://erlangen-crm.org/current/P82_at_some_time_within---HN70235",
                "weight": 0.01,
                "type": "DataPropertyLink",
                "label": {
                    "uri": "http://erlangen-crm.org/current/P82_at_some_time_within"
                },
                "status": "ForcedByUser",
                "keyInfo": "None",
                "modelIds": null
            },
            {
                "id": "http://erlangen-crm.org/current/E54_Dimension1---http://erlangen-crm.org/current/P3_has_note---HN70231",
                "weight": 0.01,
                "type": "DataPropertyLink",
                "label": {
                    "uri": "http://erlangen-crm.org/current/P3_has_note"
                },
                "status": "ForcedByUser",
                "keyInfo": "None",
                "modelIds": null
            },
            {
                "id": "http://erlangen-crm.org/current/E55_Type1---http://isi.edu/integration/karma/dev#classLink---HN77706",
                "weight": 0.01,
                "type": "ClassInstanceLink",
                "label": {
                    "uri": "http://isi.edu/integration/karma/dev#classLink"
                },
                "status": "ForcedByUser",
                "keyInfo": "UriOfInstance",
                "modelIds": null
            },
            {
                "id": "http://erlangen-crm.org/current/E55_Type1---http://www.w3.org/2000/01/rdf-schema#label---HN70227",
                "weight": 0.01,
                "type": "DataPropertyLink",
                "label": {
                    "uri": "http://www.w3.org/2000/01/rdf-schema#label"
                },
                "status": "ForcedByUser",
                "keyInfo": "None",
                "modelIds": null
            },
            {
                "id": "http://erlangen-crm.org/current/E55_Type2---http://isi.edu/integration/karma/dev#classLink---HN77880",
                "weight": 0.01,
                "type": "ClassInstanceLink",
                "label": {
                    "uri": "http://isi.edu/integration/karma/dev#classLink"
                },
                "status": "ForcedByUser",
                "keyInfo": "UriOfInstance",
                "modelIds": null
            },
            {
                "id": "http://erlangen-crm.org/current/E55_Type2---http://www.w3.org/2000/01/rdf-schema#label---HN70229",
                "weight": 0.01,
                "type": "DataPropertyLink",
                "label": {
                    "uri": "http://www.w3.org/2000/01/rdf-schema#label"
                },
                "status": "ForcedByUser",
                "keyInfo": "None",
                "modelIds": null
            },
            {
                "id": "http://erlangen-crm.org/current/E55_Type3---http://erlangen-crm.org/current/P127_has_broader_term---http://erlangen-crm.org/current/E55_Type1",
                "weight": 0.01,
                "type": "ObjectPropertyLink",
                "label": {
                    "uri": "http://erlangen-crm.org/current/P127_has_broader_term"
                },
                "objectPropertyType": "None",
                "status": "ForcedByUser",
                "keyInfo": "None",
                "modelIds": null
            },
            {
                "id": "http://erlangen-crm.org/current/E55_Type3---http://isi.edu/integration/karma/dev#classLink---HN78607",
                "weight": 0.01,
                "type": "ClassInstanceLink",
                "label": {
                    "uri": "http://isi.edu/integration/karma/dev#classLink"
                },
                "status": "ForcedByUser",
                "keyInfo": "UriOfInstance",
                "modelIds": null
            },
            {
                "id": "http://erlangen-crm.org/current/E55_Type3---http://www.w3.org/2000/01/rdf-schema#label---HN78433",
                "weight": 0.01,
                "type": "DataPropertyLink",
                "label": {
                    "uri": "http://www.w3.org/2000/01/rdf-schema#label"
                },
                "status": "ForcedByUser",
                "keyInfo": "None",
                "modelIds": null
            },
            {
                "id": "http://erlangen-crm.org/current/E67_Birth1---http://erlangen-crm.org/current/P4_has_time-span---http://erlangen-crm.org/current/E52_Time-Span1",
                "weight": 0.01,
                "type": "ObjectPropertyLink",
                "label": {
                    "uri": "http://erlangen-crm.org/current/P4_has_time-span"
                },
                "objectPropertyType": "None",
                "status": "ForcedByUser",
                "keyInfo": "None",
                "modelIds": null
            },
            {
                "id": "http://erlangen-crm.org/current/E69_Death1---http://erlangen-crm.org/current/P4_has_time-span---http://erlangen-crm.org/current/E52_Time-Span2",
                "weight": 0.01,
                "type": "ObjectPropertyLink",
                "label": {
                    "uri": "http://erlangen-crm.org/current/P4_has_time-span"
                },
                "objectPropertyType": "None",
                "status": "ForcedByUser",
                "keyInfo": "None",
                "modelIds": null
            },
            {
                "id": "http://erlangen-crm.org/current/E82_Actor_Appellation1---http://isi.edu/integration/karma/dev#classLink---HN79138",
                "weight": 0.01,
                "type": "ClassInstanceLink",
                "label": {
                    "uri": "http://isi.edu/integration/karma/dev#classLink"
                },
                "status": "ForcedByUser",
                "keyInfo": "UriOfInstance",
                "modelIds": null
            },
            {
                "id": "http://erlangen-crm.org/current/E82_Actor_Appellation1---http://www.w3.org/2000/01/rdf-schema#label---HN70221",
                "weight": 0.01,
                "type": "DataPropertyLink",
                "label": {
                    "uri": "http://www.w3.org/2000/01/rdf-schema#label"
                },
                "status": "ForcedByUser",
                "keyInfo": "None",
                "modelIds": null
            },
            {
                "id": "http://erlangen-crm.org/current/E82_Actor_Appellation2---http://www.w3.org/2000/01/rdf-schema#label---HN70255",
                "weight": 0.01,
                "type": "DataPropertyLink",
                "label": {
                    "uri": "http://www.w3.org/2000/01/rdf-schema#label"
                },
                "status": "ForcedByUser",
                "keyInfo": "None",
                "modelIds": null
            },
            {
                "id": "http://erlangen-crm.org/current/E8_Acquisition1---http://erlangen-crm.org/current/P22_transferred_title_to---http://erlangen-crm.org/current/E40_Legal_Body1",
                "weight": 0.01,
                "type": "ObjectPropertyLink",
                "label": {
                    "uri": "http://erlangen-crm.org/current/P22_transferred_title_to"
                },
                "objectPropertyType": "None",
                "status": "ForcedByUser",
                "keyInfo": "None",
                "modelIds": null
            },
            {
                "id": "http://erlangen-crm.org/current/E8_Acquisition1---http://erlangen-crm.org/current/P3_has_note---HN70243",
                "weight": 0.01,
                "type": "DataPropertyLink",
                "label": {
                    "uri": "http://erlangen-crm.org/current/P3_has_note"
                },
                "status": "ForcedByUser",
                "keyInfo": "None",
                "modelIds": null
            },
            {
                "id": "http://erlangen-crm.org/current/E8_Acquisition1---http://erlangen-crm.org/current/P4_has_time-span---http://erlangen-crm.org/current/E52_Time-Span4",
                "weight": 0.01,
                "type": "ObjectPropertyLink",
                "label": {
                    "uri": "http://erlangen-crm.org/current/P4_has_time-span"
                },
                "objectPropertyType": "None",
                "status": "ForcedByUser",
                "keyInfo": "None",
                "modelIds": null
            },
            {
                "id": "http://erlangen-crm.org/current/E22_Man-Made_Object1---http://erlangen-crm.org/current/P24i_changed_ownership_through---http://erlangen-crm.org/current/E8_Acquisition1",
                "weight": 0.01,
                "type": "ObjectPropertyLink",
                "label": {
                    "uri": "http://erlangen-crm.org/current/P24i_changed_ownership_through"
                },
                "objectPropertyType": "None",
                "status": "ForcedByUser",
                "keyInfo": "None",
                "modelIds": null
            }
        ]
    }
}