{
    "id": "s28-wildlife-art.csv",
    "name": "s28-wildlife-art.csv",
    "description": null,
    "sourceColumns": [
        {
            "id": "HN212941",
            "hNodeId": "HN212941",
            "columnName": "Maker_URI"
        },
        {
            "id": "HN212452",
            "hNodeId": "HN212452",
            "columnName": "Description"
        },
        {
            "id": "HN212895",
            "hNodeId": "HN212895",
            "columnName": "Object_URI"
        },
        {
            "id": "HN213001",
            "hNodeId": "HN213001",
            "columnName": "Collector Information"
        },
        {
            "id": "HN212441",
            "hNodeId": "HN212441",
            "columnName": "Title"
        },
        {
            "id": "HN212457",
            "hNodeId": "HN212457",
            "columnName": "Owner"
        },
        {
            "id": "HN212447",
            "hNodeId": "HN212447",
            "columnName": "Place Made"
        },
        {
            "id": "HN213099",
            "hNodeId": "HN213099",
            "columnName": "Maker Birth Date"
        },
        {
            "id": "HN213110",
            "hNodeId": "HN213110",
            "columnName": "Maker Death Date"
        },
        {
            "id": "HN213017",
            "hNodeId": "HN213017",
            "columnName": "Home Location URI"
        },
        {
            "id": "HN212451",
            "hNodeId": "HN212451",
            "columnName": "Measurements"
        },
        {
            "id": "HN212908",
            "hNodeId": "HN212908",
            "columnName": "Category_URI"
        },
        {
            "id": "HN212440",
            "hNodeId": "HN212440",
            "columnName": "Category"
        },
        {
            "id": "HN213044",
            "hNodeId": "HN213044",
            "columnName": "Materials_URI"
        },
        {
            "id": "HN212450",
            "hNodeId": "HN212450",
            "columnName": "Materials"
        },
        {
            "id": "HN213056",
            "hNodeId": "HN213056",
            "columnName": "Collector_Information_typeURI"
        },
        {
            "id": "HN213085",
            "hNodeId": "HN213085",
            "columnName": "Nationality_URI"
        },
        {
            "id": "HN213074",
            "hNodeId": "HN213074",
            "columnName": "Nationality"
        },
        {
            "id": "HN213032",
            "hNodeId": "HN213032",
            "columnName": "Maker_Appellation_URI"
        },
        {
            "id": "HN212442",
            "hNodeId": "HN212442",
            "columnName": "Maker"
        },
        {
            "id": "HN212453",
            "hNodeId": "HN212453",
            "columnName": "Credit Line"
        },
        {
            "id": "HN212462",
            "hNodeId": "HN212462",
            "columnName": "How Acquired?"
        },
        {
            "id": "HN212952",
            "hNodeId": "HN212952",
            "columnName": "Acquisition_URI"
        }
    ],
    "mappingToSourceColumns": [
        {
            "id": "HN213099",
            "sourceColumnId": "HN213099"
        },
        {
            "id": "HN213110",
            "sourceColumnId": "HN213110"
        },
        {
            "id": "HN212457",
            "sourceColumnId": "HN212457"
        },
        {
            "id": "HN212447",
            "sourceColumnId": "HN212447"
        },
        {
            "id": "HN212442",
            "sourceColumnId": "HN212442"
        },
        {
            "id": "HN212441",
            "sourceColumnId": "HN212441"
        },
        {
            "id": "HN212462",
            "sourceColumnId": "HN212462"
        },
        {
            "id": "HN212453",
            "sourceColumnId": "HN212453"
        },
        {
            "id": "HN213056",
            "sourceColumnId": "HN213056"
        },
        {
            "id": "HN212452",
            "sourceColumnId": "HN212452"
        },
        {
            "id": "HN212451",
            "sourceColumnId": "HN212451"
        },
        {
            "id": "HN212450",
            "sourceColumnId": "HN212450"
        },
        {
            "id": "HN212440",
            "sourceColumnId": "HN212440"
        },
        {
            "id": "HN213085",
            "sourceColumnId": "HN213085"
        },
        {
            "id": "HN213074",
            "sourceColumnId": "HN213074"
        },
        {
            "id": "HN213032",
            "sourceColumnId": "HN213032"
        },
        {
            "id": "HN213044",
            "sourceColumnId": "HN213044"
        },
        {
            "id": "HN213017",
            "sourceColumnId": "HN213017"
        },
        {
            "id": "HN212941",
            "sourceColumnId": "HN212941"
        },
        {
            "id": "HN212952",
            "sourceColumnId": "HN212952"
        },
        {
            "id": "HN212895",
            "sourceColumnId": "HN212895"
        },
        {
            "id": "HN213001",
            "sourceColumnId": "HN213001"
        },
        {
            "id": "HN212908",
            "sourceColumnId": "HN212908"
        }
    ],
    "graph": {
        "nodes": [
            {
                "id": "http://erlangen-crm.org/current/E12_Production1",
                "label": {
                    "uri": "http://erlangen-crm.org/current/E12_Production"
                },
                "type": "InternalNode",
                "modelIds": null
            },
            {
                "id": "http://erlangen-crm.org/current/E21_Person1",
                "label": {
                    "uri": "http://erlangen-crm.org/current/E21_Person"
                },
                "type": "InternalNode",
                "modelIds": null
            },
            {
                "id": "http://erlangen-crm.org/current/E55_Type2",
                "label": {
                    "uri": "http://erlangen-crm.org/current/E55_Type"
                },
                "type": "InternalNode",
                "modelIds": null
            },
            {
                "id": "http://erlangen-crm.org/current/E53_Place1",
                "label": {
                    "uri": "http://erlangen-crm.org/current/E53_Place"
                },
                "type": "InternalNode",
                "modelIds": null
            },
            {
                "id": "http://erlangen-crm.org/current/E69_Death1",
                "label": {
                    "uri": "http://erlangen-crm.org/current/E69_Death"
                },
                "type": "InternalNode",
                "modelIds": null
            },
            {
                "id": "http://erlangen-crm.org/current/E74_Group1",
                "label": {
                    "uri": "http://erlangen-crm.org/current/E74_Group"
                },
                "type": "InternalNode",
                "modelIds": null
            },
            {
                "id": "http://erlangen-crm.org/current/E82_Actor_Appellation1",
                "label": {
                    "uri": "http://erlangen-crm.org/current/E82_Actor_Appellation"
                },
                "type": "InternalNode",
                "modelIds": null
            },
            {
                "id": "http://erlangen-crm.org/current/E67_Birth1",
                "label": {
                    "uri": "http://erlangen-crm.org/current/E67_Birth"
                },
                "type": "InternalNode",
                "modelIds": null
            },
            {
                "id": "HN212941",
                "label": {
                    "uri": "HN212941"
                },
                "type": "ColumnNode",
                "hNodeId": "HN212941",
                "columnName": "Maker_URI",
                "rdfLiteralType": null,
                "userSemanticTypes": [
                    {
                        "hNodeId": "HN212941",
                        "domain": {
                            "uri": "http://erlangen-crm.org/current/E21_Person"
                        },
                        "type": {
                            "uri": "http://isi.edu/integration/karma/dev#classLink"
                        },
                        "origin": "User",
                        "confidenceScore": 1.0
                    }
                ],
                "learnedSemanticTypes": [
                    {
                        "hNodeId": "HN212941",
                        "domain": {
                            "uri": "http://erlangen-crm.org/current/E82_Actor_Appellation"
                        },
                        "type": {
                            "uri": "http://isi.edu/integration/karma/dev#classLink"
                        },
                        "origin": "TfIdfModel",
                        "confidenceScore": 0.3510797731917238
                    },
                    {
                        "hNodeId": "HN212941",
                        "domain": {
                            "uri": "http://erlangen-crm.org/current/E21_Person"
                        },
                        "type": {
                            "uri": "http://isi.edu/integration/karma/dev#classLink"
                        },
                        "origin": "TfIdfModel",
                        "confidenceScore": 0.32915040937762235
                    },
                    {
                        "hNodeId": "HN212941",
                        "domain": {
                            "uri": "http://erlangen-crm.org/current/E39_Actor"
                        },
                        "type": {
                            "uri": "http://isi.edu/integration/karma/dev#classLink"
                        },
                        "origin": "TfIdfModel",
                        "confidenceScore": 0.19465349638899984
                    },
                    {
                        "hNodeId": "HN212941",
                        "domain": {
                            "uri": "http://erlangen-crm.org/current/E22_Man-Made_Object"
                        },
                        "type": {
                            "uri": "http://isi.edu/integration/karma/dev#classLink"
                        },
                        "origin": "TfIdfModel",
                        "confidenceScore": 0.12511632104165402
                    }
                ],
                "modelIds": null
            },
            {
                "id": "http://erlangen-crm.org/current/E22_Man-Made_Object1",
                "label": {
                    "uri": "http://erlangen-crm.org/current/E22_Man-Made_Object"
                },
                "type": "InternalNode",
                "modelIds": null
            },
            {
                "id": "http://erlangen-crm.org/current/E35_Title1",
                "label": {
                    "uri": "http://erlangen-crm.org/current/E35_Title"
                },
                "type": "InternalNode",
                "modelIds": null
            },
            {
                "id": "http://erlangen-crm.org/current/E8_Acquisition1",
                "label": {
                    "uri": "http://erlangen-crm.org/current/E8_Acquisition"
                },
                "type": "InternalNode",
                "modelIds": null
            },
            {
                "id": "http://erlangen-crm.org/current/E55_Type1",
                "label": {
                    "uri": "http://erlangen-crm.org/current/E55_Type"
                },
                "type": "InternalNode",
                "modelIds": null
            },
            {
                "id": "HN212452",
                "label": {
                    "uri": "HN212452"
                },
                "type": "ColumnNode",
                "hNodeId": "HN212452",
                "columnName": "Description",
                "rdfLiteralType": null,
                "userSemanticTypes": [
                    {
                        "hNodeId": "HN212452",
                        "domain": {
                            "uri": "http://erlangen-crm.org/current/E22_Man-Made_Object"
                        },
                        "type": {
                            "uri": "http://erlangen-crm.org/current/P3_has_note"
                        },
                        "origin": "User",
                        "confidenceScore": 1.0
                    }
                ],
                "learnedSemanticTypes": [
                    {
                        "hNodeId": "HN212452",
                        "domain": {
                            "uri": "http://erlangen-crm.org/current/E22_Man-Made_Object"
                        },
                        "type": {
                            "uri": "http://erlangen-crm.org/current/P3_has_note"
                        },
                        "origin": "TfIdfModel",
                        "confidenceScore": 0.3331399549564351
                    },
                    {
                        "hNodeId": "HN212452",
                        "domain": {
                            "uri": "http://erlangen-crm.org/current/E33_Linguistic_Object"
                        },
                        "type": {
                            "uri": "http://erlangen-crm.org/current/P3_has_note"
                        },
                        "origin": "TfIdfModel",
                        "confidenceScore": 0.28428268722845934
                    },
                    {
                        "hNodeId": "HN212452",
                        "domain": {
                            "uri": "http://erlangen-crm.org/current/E73_Information_Object"
                        },
                        "type": {
                            "uri": "http://erlangen-crm.org/current/P3_has_note"
                        },
                        "origin": "TfIdfModel",
                        "confidenceScore": 0.19974662958427106
                    },
                    {
                        "hNodeId": "HN212452",
                        "domain": {
                            "uri": "http://erlangen-crm.org/current/E35_Title"
                        },
                        "type": {
                            "uri": "http://www.w3.org/2000/01/rdf-schema#label"
                        },
                        "origin": "TfIdfModel",
                        "confidenceScore": 0.18283072823083452
                    }
                ],
                "modelIds": null
            },
            {
                "id": "http://erlangen-crm.org/current/E54_Dimension1",
                "label": {
                    "uri": "http://erlangen-crm.org/current/E54_Dimension"
                },
                "type": "InternalNode",
                "modelIds": null
            },
            {
                "id": "http://erlangen-crm.org/current/E40_Legal_Body1",
                "label": {
                    "uri": "http://erlangen-crm.org/current/E40_Legal_Body"
                },
                "type": "InternalNode",
                "modelIds": null
            },
            {
                "id": "http://erlangen-crm.org/current/E53_Place2",
                "label": {
                    "uri": "http://erlangen-crm.org/current/E53_Place"
                },
                "type": "InternalNode",
                "modelIds": null
            },
            {
                "id": "HN212895",
                "label": {
                    "uri": "HN212895"
                },
                "type": "ColumnNode",
                "hNodeId": "HN212895",
                "columnName": "Object_URI",
                "rdfLiteralType": null,
                "userSemanticTypes": [
                    {
                        "hNodeId": "HN212895",
                        "domain": {
                            "uri": "http://erlangen-crm.org/current/E22_Man-Made_Object"
                        },
                        "type": {
                            "uri": "http://isi.edu/integration/karma/dev#classLink"
                        },
                        "origin": "User",
                        "confidenceScore": 1.0
                    }
                ],
                "learnedSemanticTypes": [
                    {
                        "hNodeId": "HN212895",
                        "domain": {
                            "uri": "http://erlangen-crm.org/current/E8_Acquisition"
                        },
                        "type": {
                            "uri": "http://isi.edu/integration/karma/dev#classLink"
                        },
                        "origin": "TfIdfModel",
                        "confidenceScore": 0.4791794242428939
                    },
                    {
                        "hNodeId": "HN212895",
                        "domain": {
                            "uri": "http://erlangen-crm.org/current/E22_Man-Made_Object"
                        },
                        "type": {
                            "uri": "http://isi.edu/integration/karma/dev#classLink"
                        },
                        "origin": "TfIdfModel",
                        "confidenceScore": 0.3420550887758222
                    },
                    {
                        "hNodeId": "HN212895",
                        "domain": {
                            "uri": "http://erlangen-crm.org/current/E38_Image"
                        },
                        "type": {
                            "uri": "http://isi.edu/integration/karma/dev#classLink"
                        },
                        "origin": "TfIdfModel",
                        "confidenceScore": 0.09748790525412528
                    },
                    {
                        "hNodeId": "HN212895",
                        "domain": {
                            "uri": "http://erlangen-crm.org/current/E53_Place"
                        },
                        "type": {
                            "uri": "http://isi.edu/integration/karma/dev#classLink"
                        },
                        "origin": "TfIdfModel",
                        "confidenceScore": 0.0812775817271586
                    }
                ],
                "modelIds": null
            },
            {
                "id": "http://erlangen-crm.org/current/E33_Linguistic_Object2",
                "label": {
                    "uri": "http://erlangen-crm.org/current/E33_Linguistic_Object"
                },
                "type": "InternalNode",
                "modelIds": null
            },
            {
                "id": "http://erlangen-crm.org/current/E55_Type3",
                "label": {
                    "uri": "http://erlangen-crm.org/current/E55_Type"
                },
                "type": "InternalNode",
                "modelIds": null
            },
            {
                "id": "HN213001",
                "label": {
                    "uri": "HN213001"
                },
                "type": "ColumnNode",
                "hNodeId": "HN213001",
                "columnName": "Collector Information",
                "rdfLiteralType": null,
                "userSemanticTypes": [
                    {
                        "hNodeId": "HN213001",
                        "domain": {
                            "uri": "http://erlangen-crm.org/current/E33_Linguistic_Object"
                        },
                        "type": {
                            "uri": "http://erlangen-crm.org/current/P3_has_note"
                        },
                        "origin": "User",
                        "confidenceScore": 1.0
                    }
                ],
                "learnedSemanticTypes": [
                    {
                        "hNodeId": "HN213001",
                        "domain": {
                            "uri": "http://erlangen-crm.org/current/E40_Legal_Body"
                        },
                        "type": {
                            "uri": "http://www.w3.org/2000/01/rdf-schema#label"
                        },
                        "origin": "TfIdfModel",
                        "confidenceScore": 0.49287140661620443
                    },
                    {
                        "hNodeId": "HN213001",
                        "domain": {
                            "uri": "http://erlangen-crm.org/current/E33_Linguistic_Object"
                        },
                        "type": {
                            "uri": "http://erlangen-crm.org/current/P3_has_note"
                        },
                        "origin": "TfIdfModel",
                        "confidenceScore": 0.19404076209141663
                    },
                    {
                        "hNodeId": "HN213001",
                        "domain": {
                            "uri": "http://erlangen-crm.org/current/E22_Man-Made_Object"
                        },
                        "type": {
                            "uri": "http://erlangen-crm.org/current/P3_has_note"
                        },
                        "origin": "TfIdfModel",
                        "confidenceScore": 0.17072201149874913
                    },
                    {
                        "hNodeId": "HN213001",
                        "domain": {
                            "uri": "http://erlangen-crm.org/current/E8_Acquisition"
                        },
                        "type": {
                            "uri": "http://erlangen-crm.org/current/P3_has_note"
                        },
                        "origin": "TfIdfModel",
                        "confidenceScore": 0.14236581979362983
                    }
                ],
                "modelIds": null
            },
            {
                "id": "HN212441",
                "label": {
                    "uri": "HN212441"
                },
                "type": "ColumnNode",
                "hNodeId": "HN212441",
                "columnName": "Title",
                "rdfLiteralType": null,
                "userSemanticTypes": [
                    {
                        "hNodeId": "HN212441",
                        "domain": {
                            "uri": "http://erlangen-crm.org/current/E35_Title"
                        },
                        "type": {
                            "uri": "http://www.w3.org/2000/01/rdf-schema#label"
                        },
                        "origin": "User",
                        "confidenceScore": 1.0
                    }
                ],
                "learnedSemanticTypes": [
                    {
                        "hNodeId": "HN212441",
                        "domain": {
                            "uri": "http://erlangen-crm.org/current/E35_Title"
                        },
                        "type": {
                            "uri": "http://www.w3.org/2000/01/rdf-schema#label"
                        },
                        "origin": "TfIdfModel",
                        "confidenceScore": 0.4341356075677554
                    },
                    {
                        "hNodeId": "HN212441",
                        "domain": {
                            "uri": "http://erlangen-crm.org/current/E22_Man-Made_Object"
                        },
                        "type": {
                            "uri": "http://erlangen-crm.org/current/P3_has_note"
                        },
                        "origin": "TfIdfModel",
                        "confidenceScore": 0.20818468445831587
                    },
                    {
                        "hNodeId": "HN212441",
                        "domain": {
                            "uri": "http://erlangen-crm.org/current/E33_Linguistic_Object"
                        },
                        "type": {
                            "uri": "http://erlangen-crm.org/current/P3_has_note"
                        },
                        "origin": "TfIdfModel",
                        "confidenceScore": 0.19983173579041905
                    },
                    {
                        "hNodeId": "HN212441",
                        "domain": {
                            "uri": "http://erlangen-crm.org/current/E73_Information_Object"
                        },
                        "type": {
                            "uri": "http://erlangen-crm.org/current/P3_has_note"
                        },
                        "origin": "TfIdfModel",
                        "confidenceScore": 0.15784797218350974
                    }
                ],
                "modelIds": null
            },
            {
                "id": "HN212457",
                "label": {
                    "uri": "HN212457"
                },
                "type": "ColumnNode",
                "hNodeId": "HN212457",
                "columnName": "Owner",
                "rdfLiteralType": null,
                "userSemanticTypes": [
                    {
                        "hNodeId": "HN212457",
                        "domain": {
                            "uri": "http://erlangen-crm.org/current/E40_Legal_Body"
                        },
                        "type": {
                            "uri": "http://www.w3.org/2000/01/rdf-schema#label"
                        },
                        "origin": "User",
                        "confidenceScore": 1.0
                    }
                ],
                "learnedSemanticTypes": [
                    {
                        "hNodeId": "HN212457",
                        "domain": {
                            "uri": "http://erlangen-crm.org/current/E40_Legal_Body"
                        },
                        "type": {
                            "uri": "http://www.w3.org/2000/01/rdf-schema#label"
                        },
                        "origin": "TfIdfModel",
                        "confidenceScore": 0.5828873438647257
                    },
                    {
                        "hNodeId": "HN212457",
                        "domain": {
                            "uri": "http://erlangen-crm.org/current/E8_Acquisition"
                        },
                        "type": {
                            "uri": "http://erlangen-crm.org/current/P3_has_note"
                        },
                        "origin": "TfIdfModel",
                        "confidenceScore": 0.19326470497327933
                    },
                    {
                        "hNodeId": "HN212457",
                        "domain": {
                            "uri": "http://erlangen-crm.org/current/E30_Right"
                        },
                        "type": {
                            "uri": "http://erlangen-crm.org/current/P3_has_note"
                        },
                        "origin": "TfIdfModel",
                        "confidenceScore": 0.13620578998969413
                    },
                    {
                        "hNodeId": "HN212457",
                        "domain": {
                            "uri": "http://erlangen-crm.org/current/E22_Man-Made_Object"
                        },
                        "type": {
                            "uri": "http://erlangen-crm.org/current/P3_has_note"
                        },
                        "origin": "TfIdfModel",
                        "confidenceScore": 0.08764216117230088
                    }
                ],
                "modelIds": null
            },
            {
                "id": "http://erlangen-crm.org/current/E48_Place_Name1",
                "label": {
                    "uri": "http://erlangen-crm.org/current/E48_Place_Name"
                },
                "type": "InternalNode",
                "modelIds": null
            },
            {
                "id": "HN212447",
                "label": {
                    "uri": "HN212447"
                },
                "type": "ColumnNode",
                "hNodeId": "HN212447",
                "columnName": "Place Made",
                "rdfLiteralType": null,
                "userSemanticTypes": [
                    {
                        "hNodeId": "HN212447",
                        "domain": {
                            "uri": "http://erlangen-crm.org/current/E48_Place_Name"
                        },
                        "type": {
                            "uri": "http://www.w3.org/2000/01/rdf-schema#label"
                        },
                        "origin": "User",
                        "confidenceScore": 1.0
                    }
                ],
                "learnedSemanticTypes": [
                    {
                        "hNodeId": "HN212447",
                        "domain": {
                            "uri": "http://erlangen-crm.org/current/E48_Place_Name"
                        },
                        "type": {
                            "uri": "http://www.w3.org/2000/01/rdf-schema#label"
                        },
                        "origin": "TfIdfModel",
                        "confidenceScore": 0.536455885465599
                    },
                    {
                        "hNodeId": "HN212447",
                        "domain": {
                            "uri": "http://erlangen-crm.org/current/E33_Linguistic_Object"
                        },
                        "type": {
                            "uri": "http://erlangen-crm.org/current/P3_has_note"
                        },
                        "origin": "TfIdfModel",
                        "confidenceScore": 0.17356417080223446
                    },
                    {
                        "hNodeId": "HN212447",
                        "domain": {
                            "uri": "http://erlangen-crm.org/current/E35_Title"
                        },
                        "type": {
                            "uri": "http://www.w3.org/2000/01/rdf-schema#label"
                        },
                        "origin": "TfIdfModel",
                        "confidenceScore": 0.15674381066610554
                    },
                    {
                        "hNodeId": "HN212447",
                        "domain": {
                            "uri": "http://erlangen-crm.org/current/E22_Man-Made_Object"
                        },
                        "type": {
                            "uri": "http://erlangen-crm.org/current/P3_has_note"
                        },
                        "origin": "TfIdfModel",
                        "confidenceScore": 0.133236133066061
                    }
                ],
                "modelIds": null
            },
            {
                "id": "http://erlangen-crm.org/current/E52_Time-Span1",
                "label": {
                    "uri": "http://erlangen-crm.org/current/E52_Time-Span"
                },
                "type": "InternalNode",
                "modelIds": null
            },
            {
                "id": "HN213099",
                "label": {
                    "uri": "HN213099"
                },
                "type": "ColumnNode",
                "hNodeId": "HN213099",
                "columnName": "Maker Birth Date",
                "rdfLiteralType": null,
                "userSemanticTypes": [
                    {
                        "hNodeId": "HN213099",
                        "domain": {
                            "uri": "http://erlangen-crm.org/current/E52_Time-Span"
                        },
                        "type": {
                            "uri": "http://erlangen-crm.org/current/P82_at_some_time_within"
                        },
                        "origin": "User",
                        "confidenceScore": 1.0
                    }
                ],
                "learnedSemanticTypes": [
                    {
                        "hNodeId": "HN213099",
                        "domain": {
                            "uri": "http://erlangen-crm.org/current/E52_Time-Span"
                        },
                        "type": {
                            "uri": "http://erlangen-crm.org/current/P82b_end_of_the_end"
                        },
                        "origin": "TfIdfModel",
                        "confidenceScore": 0.35414739468549966
                    },
                    {
                        "hNodeId": "HN213099",
                        "domain": {
                            "uri": "http://erlangen-crm.org/current/E52_Time-Span"
                        },
                        "type": {
                            "uri": "http://erlangen-crm.org/current/P82_at_some_time_within"
                        },
                        "origin": "TfIdfModel",
                        "confidenceScore": 0.3396425171051078
                    },
                    {
                        "hNodeId": "HN213099",
                        "domain": {
                            "uri": "http://erlangen-crm.org/current/E52_Time-Span"
                        },
                        "type": {
                            "uri": "http://erlangen-crm.org/current/P82a_begin_of_the_begin"
                        },
                        "origin": "TfIdfModel",
                        "confidenceScore": 0.24889476958944529
                    },
                    {
                        "hNodeId": "HN213099",
                        "domain": {
                            "uri": "http://erlangen-crm.org/current/E33_Linguistic_Object"
                        },
                        "type": {
                            "uri": "http://erlangen-crm.org/current/P3_has_note"
                        },
                        "origin": "TfIdfModel",
                        "confidenceScore": 0.05731531861994722
                    }
                ],
                "modelIds": null
            },
            {
                "id": "http://erlangen-crm.org/current/E52_Time-Span2",
                "label": {
                    "uri": "http://erlangen-crm.org/current/E52_Time-Span"
                },
                "type": "InternalNode",
                "modelIds": null
            },
            {
                "id": "HN213110",
                "label": {
                    "uri": "HN213110"
                },
                "type": "ColumnNode",
                "hNodeId": "HN213110",
                "columnName": "Maker Death Date",
                "rdfLiteralType": null,
                "userSemanticTypes": [
                    {
                        "hNodeId": "HN213110",
                        "domain": {
                            "uri": "http://erlangen-crm.org/current/E52_Time-Span"
                        },
                        "type": {
                            "uri": "http://erlangen-crm.org/current/P82_at_some_time_within"
                        },
                        "origin": "User",
                        "confidenceScore": 1.0
                    }
                ],
                "learnedSemanticTypes": [
                    {
                        "hNodeId": "HN213110",
                        "domain": {
                            "uri": "http://erlangen-crm.org/current/E52_Time-Span"
                        },
                        "type": {
                            "uri": "http://erlangen-crm.org/current/P82b_end_of_the_end"
                        },
                        "origin": "TfIdfModel",
                        "confidenceScore": 0.3424903336063235
                    },
                    {
                        "hNodeId": "HN213110",
                        "domain": {
                            "uri": "http://erlangen-crm.org/current/E69_Death"
                        },
                        "type": {
                            "uri": "http://erlangen-crm.org/current/P82_at_some_time_within"
                        },
                        "origin": "TfIdfModel",
                        "confidenceScore": 0.33243581034929137
                    },
                    {
                        "hNodeId": "HN213110",
                        "domain": {
                            "uri": "http://erlangen-crm.org/current/E52_Time-Span"
                        },
                        "type": {
                            "uri": "http://erlangen-crm.org/current/P82_at_some_time_within"
                        },
                        "origin": "TfIdfModel",
                        "confidenceScore": 0.23810516193440462
                    },
                    {
                        "hNodeId": "HN213110",
                        "domain": {
                            "uri": "http://erlangen-crm.org/current/E52_Time-Span"
                        },
                        "type": {
                            "uri": "http://erlangen-crm.org/current/P82a_begin_of_the_begin"
                        },
                        "origin": "TfIdfModel",
                        "confidenceScore": 0.08696869410998051
                    }
                ],
                "modelIds": null
            },
            {
                "id": "HN213017",
                "label": {
                    "uri": "HN213017"
                },
                "type": "ColumnNode",
                "hNodeId": "HN213017",
                "columnName": "Home Location URI",
                "rdfLiteralType": null,
                "userSemanticTypes": [
                    {
                        "hNodeId": "HN213017",
                        "domain": {
                            "uri": "http://erlangen-crm.org/current/E53_Place"
                        },
                        "type": {
                            "uri": "http://isi.edu/integration/karma/dev#classLink"
                        },
                        "origin": "User",
                        "confidenceScore": 1.0
                    }
                ],
                "learnedSemanticTypes": [
                    {
                        "hNodeId": "HN213017",
                        "domain": {
                            "uri": "http://erlangen-crm.org/current/E53_Place"
                        },
                        "type": {
                            "uri": "http://isi.edu/integration/karma/dev#classLink"
                        },
                        "origin": "TfIdfModel",
                        "confidenceScore": 0.5657769882942834
                    },
                    {
                        "hNodeId": "HN213017",
                        "domain": {
                            "uri": "http://erlangen-crm.org/current/E22_Man-Made_Object"
                        },
                        "type": {
                            "uri": "http://isi.edu/integration/karma/dev#classLink"
                        },
                        "origin": "TfIdfModel",
                        "confidenceScore": 0.16362731005664757
                    },
                    {
                        "hNodeId": "HN213017",
                        "domain": {
                            "uri": "http://erlangen-crm.org/current/E38_Image"
                        },
                        "type": {
                            "uri": "http://isi.edu/integration/karma/dev#classLink"
                        },
                        "origin": "TfIdfModel",
                        "confidenceScore": 0.15818225395857988
                    },
                    {
                        "hNodeId": "HN213017",
                        "domain": {
                            "uri": "http://erlangen-crm.org/current/E82_Actor_Appellation"
                        },
                        "type": {
                            "uri": "http://isi.edu/integration/karma/dev#classLink"
                        },
                        "origin": "TfIdfModel",
                        "confidenceScore": 0.11241344769048915
                    }
                ],
                "modelIds": null
            },
            {
                "id": "HN212451",
                "label": {
                    "uri": "HN212451"
                },
                "type": "ColumnNode",
                "hNodeId": "HN212451",
                "columnName": "Measurements",
                "rdfLiteralType": null,
                "userSemanticTypes": [
                    {
                        "hNodeId": "HN212451",
                        "domain": {
                            "uri": "http://erlangen-crm.org/current/E54_Dimension"
                        },
                        "type": {
                            "uri": "http://erlangen-crm.org/current/P3_has_note"
                        },
                        "origin": "User",
                        "confidenceScore": 1.0
                    }
                ],
                "learnedSemanticTypes": [
                    {
                        "hNodeId": "HN212451",
                        "domain": {
                            "uri": "http://erlangen-crm.org/current/E54_Dimension"
                        },
                        "type": {
                            "uri": "http://erlangen-crm.org/current/P3_has_note"
                        },
                        "origin": "TfIdfModel",
                        "confidenceScore": 0.748352022029568
                    },
                    {
                        "hNodeId": "HN212451",
                        "domain": {
                            "uri": "http://erlangen-crm.org/current/E22_Man-Made_Object"
                        },
                        "type": {
                            "uri": "http://erlangen-crm.org/current/P3_has_note"
                        },
                        "origin": "TfIdfModel",
                        "confidenceScore": 0.10241483494765283
                    },
                    {
                        "hNodeId": "HN212451",
                        "domain": {
                            "uri": "http://erlangen-crm.org/current/E73_Information_Object"
                        },
                        "type": {
                            "uri": "http://erlangen-crm.org/current/P3_has_note"
                        },
                        "origin": "TfIdfModel",
                        "confidenceScore": 0.07695119245535
                    },
                    {
                        "hNodeId": "HN212451",
                        "domain": {
                            "uri": "http://erlangen-crm.org/current/E34_Inscription"
                        },
                        "type": {
                            "uri": "http://erlangen-crm.org/current/P3_has_note"
                        },
                        "origin": "TfIdfModel",
                        "confidenceScore": 0.07228195056742916
                    }
                ],
                "modelIds": null
            },
            {
                "id": "HN212908",
                "label": {
                    "uri": "HN212908"
                },
                "type": "ColumnNode",
                "hNodeId": "HN212908",
                "columnName": "Category_URI",
                "rdfLiteralType": null,
                "userSemanticTypes": [
                    {
                        "hNodeId": "HN212908",
                        "domain": {
                            "uri": "http://erlangen-crm.org/current/E55_Type"
                        },
                        "type": {
                            "uri": "http://isi.edu/integration/karma/dev#classLink"
                        },
                        "origin": "User",
                        "confidenceScore": 1.0
                    }
                ],
                "learnedSemanticTypes": [
                    {
                        "hNodeId": "HN212908",
                        "domain": {
                            "uri": "http://erlangen-crm.org/current/E55_Type"
                        },
                        "type": {
                            "uri": "http://isi.edu/integration/karma/dev#classLink"
                        },
                        "origin": "TfIdfModel",
                        "confidenceScore": 0.5866055156181609
                    },
                    {
                        "hNodeId": "HN212908",
                        "domain": {
                            "uri": "http://erlangen-crm.org/current/E55_Type"
                        },
                        "type": {
                            "uri": "http://www.w3.org/2000/01/rdf-schema#label"
                        },
                        "origin": "TfIdfModel",
                        "confidenceScore": 0.2014674517099778
                    },
                    {
                        "hNodeId": "HN212908",
                        "domain": {
                            "uri": "http://erlangen-crm.org/current/E74_Group"
                        },
                        "type": {
                            "uri": "http://isi.edu/integration/karma/dev#classLink"
                        },
                        "origin": "TfIdfModel",
                        "confidenceScore": 0.10910238769093748
                    },
                    {
                        "hNodeId": "HN212908",
                        "domain": {
                            "uri": "http://erlangen-crm.org/current/E57_Material"
                        },
                        "type": {
                            "uri": "http://isi.edu/integration/karma/dev#classLink"
                        },
                        "origin": "TfIdfModel",
                        "confidenceScore": 0.10282464498092388
                    }
                ],
                "modelIds": null
            },
            {
                "id": "HN212440",
                "label": {
                    "uri": "HN212440"
                },
                "type": "ColumnNode",
                "hNodeId": "HN212440",
                "columnName": "Category",
                "rdfLiteralType": null,
                "userSemanticTypes": [
                    {
                        "hNodeId": "HN212440",
                        "domain": {
                            "uri": "http://erlangen-crm.org/current/E55_Type"
                        },
                        "type": {
                            "uri": "http://www.w3.org/2000/01/rdf-schema#label"
                        },
                        "origin": "User",
                        "confidenceScore": 1.0
                    }
                ],
                "learnedSemanticTypes": [
                    {
                        "hNodeId": "HN212440",
                        "domain": {
                            "uri": "http://erlangen-crm.org/current/E55_Type"
                        },
                        "type": {
                            "uri": "http://www.w3.org/2000/01/rdf-schema#label"
                        },
                        "origin": "TfIdfModel",
                        "confidenceScore": 0.4650502143940371
                    },
                    {
                        "hNodeId": "HN212440",
                        "domain": {
                            "uri": "http://erlangen-crm.org/current/E55_Type"
                        },
                        "type": {
                            "uri": "http://isi.edu/integration/karma/dev#classLink"
                        },
                        "origin": "TfIdfModel",
                        "confidenceScore": 0.31248594872718344
                    },
                    {
                        "hNodeId": "HN212440",
                        "domain": {
                            "uri": "http://erlangen-crm.org/current/E73_Information_Object"
                        },
                        "type": {
                            "uri": "http://erlangen-crm.org/current/P3_has_note"
                        },
                        "origin": "TfIdfModel",
                        "confidenceScore": 0.111689832097133
                    },
                    {
                        "hNodeId": "HN212440",
                        "domain": {
                            "uri": "http://erlangen-crm.org/current/E22_Man-Made_Object"
                        },
                        "type": {
                            "uri": "http://erlangen-crm.org/current/P3_has_note"
                        },
                        "origin": "TfIdfModel",
                        "confidenceScore": 0.11077400478164647
                    }
                ],
                "modelIds": null
            },
            {
                "id": "HN213044",
                "label": {
                    "uri": "HN213044"
                },
                "type": "ColumnNode",
                "hNodeId": "HN213044",
                "columnName": "Materials_URI",
                "rdfLiteralType": null,
                "userSemanticTypes": [
                    {
                        "hNodeId": "HN213044",
                        "domain": {
                            "uri": "http://erlangen-crm.org/current/E55_Type"
                        },
                        "type": {
                            "uri": "http://isi.edu/integration/karma/dev#classLink"
                        },
                        "origin": "User",
                        "confidenceScore": 1.0
                    }
                ],
                "learnedSemanticTypes": [
                    {
                        "hNodeId": "HN213044",
                        "domain": {
                            "uri": "http://erlangen-crm.org/current/E55_Type"
                        },
                        "type": {
                            "uri": "http://isi.edu/integration/karma/dev#classLink"
                        },
                        "origin": "TfIdfModel",
                        "confidenceScore": 0.4095046995692483
                    },
                    {
                        "hNodeId": "HN213044",
                        "domain": {
                            "uri": "http://erlangen-crm.org/current/E57_Material"
                        },
                        "type": {
                            "uri": "http://isi.edu/integration/karma/dev#classLink"
                        },
                        "origin": "TfIdfModel",
                        "confidenceScore": 0.3733548848309416
                    },
                    {
                        "hNodeId": "HN213044",
                        "domain": {
                            "uri": "http://erlangen-crm.org/current/E74_Group"
                        },
                        "type": {
                            "uri": "http://isi.edu/integration/karma/dev#classLink"
                        },
                        "origin": "TfIdfModel",
                        "confidenceScore": 0.16157970014096829
                    },
                    {
                        "hNodeId": "HN213044",
                        "domain": {
                            "uri": "http://erlangen-crm.org/current/E55_Type"
                        },
                        "type": {
                            "uri": "http://www.w3.org/2000/01/rdf-schema#label"
                        },
                        "origin": "TfIdfModel",
                        "confidenceScore": 0.055560715458841864
                    }
                ],
                "modelIds": null
            },
            {
                "id": "HN212450",
                "label": {
                    "uri": "HN212450"
                },
                "type": "ColumnNode",
                "hNodeId": "HN212450",
                "columnName": "Materials",
                "rdfLiteralType": null,
                "userSemanticTypes": [
                    {
                        "hNodeId": "HN212450",
                        "domain": {
                            "uri": "http://erlangen-crm.org/current/E55_Type"
                        },
                        "type": {
                            "uri": "http://www.w3.org/2000/01/rdf-schema#label"
                        },
                        "origin": "User",
                        "confidenceScore": 1.0
                    }
                ],
                "learnedSemanticTypes": [
                    {
                        "hNodeId": "HN212450",
                        "domain": {
                            "uri": "http://erlangen-crm.org/current/E29_Design_or_Procedure"
                        },
                        "type": {
                            "uri": "http://erlangen-crm.org/current/P3_has_note"
                        },
                        "origin": "TfIdfModel",
                        "confidenceScore": 0.3258307020279627
                    },
                    {
                        "hNodeId": "HN212450",
                        "domain": {
                            "uri": "http://erlangen-crm.org/current/E55_Type"
                        },
                        "type": {
                            "uri": "http://www.w3.org/2000/01/rdf-schema#label"
                        },
                        "origin": "TfIdfModel",
                        "confidenceScore": 0.32354462286280405
                    },
                    {
                        "hNodeId": "HN212450",
                        "domain": {
                            "uri": "http://erlangen-crm.org/current/E57_Material"
                        },
                        "type": {
                            "uri": "http://www.w3.org/2000/01/rdf-schema#label"
                        },
                        "origin": "TfIdfModel",
                        "confidenceScore": 0.2444502070408405
                    },
                    {
                        "hNodeId": "HN212450",
                        "domain": {
                            "uri": "http://erlangen-crm.org/current/E57_Material"
                        },
                        "type": {
                            "uri": "http://isi.edu/integration/karma/dev#classLink"
                        },
                        "origin": "TfIdfModel",
                        "confidenceScore": 0.10617446806839274
                    }
                ],
                "modelIds": null
            },
            {
                "id": "HN213056",
                "label": {
                    "uri": "HN213056"
                },
                "type": "ColumnNode",
                "hNodeId": "HN213056",
                "columnName": "Collector_Information_typeURI",
                "rdfLiteralType": null,
                "userSemanticTypes": [
                    {
                        "hNodeId": "HN213056",
                        "domain": {
                            "uri": "http://erlangen-crm.org/current/E55_Type"
                        },
                        "type": {
                            "uri": "http://isi.edu/integration/karma/dev#classLink"
                        },
                        "origin": "User",
                        "confidenceScore": 1.0
                    }
                ],
                "learnedSemanticTypes": [
                    {
                        "hNodeId": "HN213056",
                        "domain": {
                            "uri": "http://erlangen-crm.org/current/E33_Linguistic_Object"
                        },
                        "type": {
                            "uri": "http://isi.edu/integration/karma/dev#classLink"
                        },
                        "origin": "TfIdfModel",
                        "confidenceScore": 0.8280082621727434
                    },
                    {
                        "hNodeId": "HN213056",
                        "domain": {
                            "uri": "http://erlangen-crm.org/current/E55_Type"
                        },
                        "type": {
                            "uri": "http://isi.edu/integration/karma/dev#classLink"
                        },
                        "origin": "TfIdfModel",
                        "confidenceScore": 0.16830946529164734
                    },
                    {
                        "hNodeId": "HN213056",
                        "domain": {
                            "uri": "http://erlangen-crm.org/current/E22_Man-Made_Object"
                        },
                        "type": {
                            "uri": "http://erlangen-crm.org/current/P3_has_note"
                        },
                        "origin": "TfIdfModel",
                        "confidenceScore": 0.001841136267804668
                    },
                    {
                        "hNodeId": "HN213056",
                        "domain": {
                            "uri": "http://erlangen-crm.org/current/E73_Information_Object"
                        },
                        "type": {
                            "uri": "http://erlangen-crm.org/current/P3_has_note"
                        },
                        "origin": "TfIdfModel",
                        "confidenceScore": 0.001841136267804668
                    }
                ],
                "modelIds": null
            },
            {
                "id": "HN213085",
                "label": {
                    "uri": "HN213085"
                },
                "type": "ColumnNode",
                "hNodeId": "HN213085",
                "columnName": "Nationality_URI",
                "rdfLiteralType": null,
                "userSemanticTypes": [
                    {
                        "hNodeId": "HN213085",
                        "domain": {
                            "uri": "http://erlangen-crm.org/current/E74_Group"
                        },
                        "type": {
                            "uri": "http://isi.edu/integration/karma/dev#classLink"
                        },
                        "origin": "User",
                        "confidenceScore": 1.0
                    }
                ],
                "learnedSemanticTypes": [
                    {
                        "hNodeId": "HN213085",
                        "domain": {
                            "uri": "http://erlangen-crm.org/current/E74_Group"
                        },
                        "type": {
                            "uri": "http://isi.edu/integration/karma/dev#classLink"
                        },
                        "origin": "TfIdfModel",
                        "confidenceScore": 0.7826297060760334
                    },
                    {
                        "hNodeId": "HN213085",
                        "domain": {
                            "uri": "http://erlangen-crm.org/current/E55_Type"
                        },
                        "type": {
                            "uri": "http://isi.edu/integration/karma/dev#classLink"
                        },
                        "origin": "TfIdfModel",
                        "confidenceScore": 0.10019444191765543
                    },
                    {
                        "hNodeId": "HN213085",
                        "domain": {
                            "uri": "http://erlangen-crm.org/current/E57_Material"
                        },
                        "type": {
                            "uri": "http://isi.edu/integration/karma/dev#classLink"
                        },
                        "origin": "TfIdfModel",
                        "confidenceScore": 0.09632161343387212
                    },
                    {
                        "hNodeId": "HN213085",
                        "domain": {
                            "uri": "http://erlangen-crm.org/current/E55_Type"
                        },
                        "type": {
                            "uri": "http://www.w3.org/2000/01/rdf-schema#label"
                        },
                        "origin": "TfIdfModel",
                        "confidenceScore": 0.02085423857243895
                    }
                ],
                "modelIds": null
            },
            {
                "id": "HN213074",
                "label": {
                    "uri": "HN213074"
                },
                "type": "ColumnNode",
                "hNodeId": "HN213074",
                "columnName": "Nationality",
                "rdfLiteralType": null,
                "userSemanticTypes": [
                    {
                        "hNodeId": "HN213074",
                        "domain": {
                            "uri": "http://erlangen-crm.org/current/E74_Group"
                        },
                        "type": {
                            "uri": "http://www.w3.org/2000/01/rdf-schema#label"
                        },
                        "origin": "User",
                        "confidenceScore": 1.0
                    }
                ],
                "learnedSemanticTypes": [
                    {
                        "hNodeId": "HN213074",
                        "domain": {
                            "uri": "http://erlangen-crm.org/current/E44_Place_Appellation"
                        },
                        "type": {
                            "uri": "http://www.w3.org/2000/01/rdf-schema#label"
                        },
                        "origin": "TfIdfModel",
                        "confidenceScore": 0.5293598884342268
                    },
                    {
                        "hNodeId": "HN213074",
                        "domain": {
                            "uri": "http://erlangen-crm.org/current/E48_Place_Name"
                        },
                        "type": {
                            "uri": "http://www.w3.org/2000/01/rdf-schema#label"
                        },
                        "origin": "TfIdfModel",
                        "confidenceScore": 0.22892675325093612
                    },
                    {
                        "hNodeId": "HN213074",
                        "domain": {
                            "uri": "http://erlangen-crm.org/current/E74_Group"
                        },
                        "type": {
                            "uri": "http://www.w3.org/2000/01/rdf-schema#label"
                        },
                        "origin": "TfIdfModel",
                        "confidenceScore": 0.1395900971417962
                    },
                    {
                        "hNodeId": "HN213074",
                        "domain": {
                            "uri": "http://erlangen-crm.org/current/E33_Linguistic_Object"
                        },
                        "type": {
                            "uri": "http://erlangen-crm.org/current/P3_has_note"
                        },
                        "origin": "TfIdfModel",
                        "confidenceScore": 0.10212326117304085
                    }
                ],
                "modelIds": null
            },
            {
                "id": "HN213032",
                "label": {
                    "uri": "HN213032"
                },
                "type": "ColumnNode",
                "hNodeId": "HN213032",
                "columnName": "Maker_Appellation_URI",
                "rdfLiteralType": null,
                "userSemanticTypes": [
                    {
                        "hNodeId": "HN213032",
                        "domain": {
                            "uri": "http://erlangen-crm.org/current/E82_Actor_Appellation"
                        },
                        "type": {
                            "uri": "http://isi.edu/integration/karma/dev#classLink"
                        },
                        "origin": "User",
                        "confidenceScore": 1.0
                    }
                ],
                "learnedSemanticTypes": [
                    {
                        "hNodeId": "HN213032",
                        "domain": {
                            "uri": "http://erlangen-crm.org/current/E82_Actor_Appellation"
                        },
                        "type": {
                            "uri": "http://isi.edu/integration/karma/dev#classLink"
                        },
                        "origin": "TfIdfModel",
                        "confidenceScore": 0.6231860131029479
                    },
                    {
                        "hNodeId": "HN213032",
                        "domain": {
                            "uri": "http://erlangen-crm.org/current/E21_Person"
                        },
                        "type": {
                            "uri": "http://isi.edu/integration/karma/dev#classLink"
                        },
                        "origin": "TfIdfModel",
                        "confidenceScore": 0.2660620386915148
                    },
                    {
                        "hNodeId": "HN213032",
                        "domain": {
                            "uri": "http://erlangen-crm.org/current/E39_Actor"
                        },
                        "type": {
                            "uri": "http://isi.edu/integration/karma/dev#classLink"
                        },
                        "origin": "TfIdfModel",
                        "confidenceScore": 0.06394524760140466
                    },
                    {
                        "hNodeId": "HN213032",
                        "domain": {
                            "uri": "http://erlangen-crm.org/current/E22_Man-Made_Object"
                        },
                        "type": {
                            "uri": "http://isi.edu/integration/karma/dev#classLink"
                        },
                        "origin": "TfIdfModel",
                        "confidenceScore": 0.046806700604132646
                    }
                ],
                "modelIds": null
            },
            {
                "id": "HN212442",
                "label": {
                    "uri": "HN212442"
                },
                "type": "ColumnNode",
                "hNodeId": "HN212442",
                "columnName": "Maker",
                "rdfLiteralType": null,
                "userSemanticTypes": [
                    {
                        "hNodeId": "HN212442",
                        "domain": {
                            "uri": "http://erlangen-crm.org/current/E82_Actor_Appellation"
                        },
                        "type": {
                            "uri": "http://www.w3.org/2000/01/rdf-schema#label"
                        },
                        "origin": "User",
                        "confidenceScore": 1.0
                    }
                ],
                "learnedSemanticTypes": [
                    {
                        "hNodeId": "HN212442",
                        "domain": {
                            "uri": "http://erlangen-crm.org/current/E82_Actor_Appellation"
                        },
                        "type": {
                            "uri": "http://www.w3.org/2000/01/rdf-schema#label"
                        },
                        "origin": "TfIdfModel",
                        "confidenceScore": 0.5847139376620112
                    },
                    {
                        "hNodeId": "HN212442",
                        "domain": {
                            "uri": "http://erlangen-crm.org/current/E8_Acquisition"
                        },
                        "type": {
                            "uri": "http://erlangen-crm.org/current/P3_has_note"
                        },
                        "origin": "TfIdfModel",
                        "confidenceScore": 0.2547203643815374
                    },
                    {
                        "hNodeId": "HN212442",
                        "domain": {
                            "uri": "http://erlangen-crm.org/current/E33_Linguistic_Object"
                        },
                        "type": {
                            "uri": "http://erlangen-crm.org/current/P3_has_note"
                        },
                        "origin": "TfIdfModel",
                        "confidenceScore": 0.08644063212315403
                    },
                    {
                        "hNodeId": "HN212442",
                        "domain": {
                            "uri": "http://erlangen-crm.org/current/E22_Man-Made_Object"
                        },
                        "type": {
                            "uri": "http://erlangen-crm.org/current/P3_has_note"
                        },
                        "origin": "TfIdfModel",
                        "confidenceScore": 0.07412506583329741
                    }
                ],
                "modelIds": null
            },
            {
                "id": "HN212453",
                "label": {
                    "uri": "HN212453"
                },
                "type": "ColumnNode",
                "hNodeId": "HN212453",
                "columnName": "Credit Line",
                "rdfLiteralType": null,
                "userSemanticTypes": [
                    {
                        "hNodeId": "HN212453",
                        "domain": {
                            "uri": "http://erlangen-crm.org/current/E8_Acquisition"
                        },
                        "type": {
                            "uri": "http://erlangen-crm.org/current/P3_has_note"
                        },
                        "origin": "User",
                        "confidenceScore": 1.0
                    }
                ],
                "learnedSemanticTypes": [
                    {
                        "hNodeId": "HN212453",
                        "domain": {
                            "uri": "http://erlangen-crm.org/current/E8_Acquisition"
                        },
                        "type": {
                            "uri": "http://erlangen-crm.org/current/P3_has_note"
                        },
                        "origin": "TfIdfModel",
                        "confidenceScore": 0.4765287302396169
                    },
                    {
                        "hNodeId": "HN212453",
                        "domain": {
                            "uri": "http://erlangen-crm.org/current/E40_Legal_Body"
                        },
                        "type": {
                            "uri": "http://www.w3.org/2000/01/rdf-schema#label"
                        },
                        "origin": "TfIdfModel",
                        "confidenceScore": 0.20654540924624934
                    },
                    {
                        "hNodeId": "HN212453",
                        "domain": {
                            "uri": "http://erlangen-crm.org/current/E30_Right"
                        },
                        "type": {
                            "uri": "http://erlangen-crm.org/current/P3_has_note"
                        },
                        "origin": "TfIdfModel",
                        "confidenceScore": 0.1741252442961284
                    },
                    {
                        "hNodeId": "HN212453",
                        "domain": {
                            "uri": "http://erlangen-crm.org/current/E22_Man-Made_Object"
                        },
                        "type": {
                            "uri": "http://erlangen-crm.org/current/P3_has_note"
                        },
                        "origin": "TfIdfModel",
                        "confidenceScore": 0.14280061621800538
                    }
                ],
                "modelIds": null
            },
            {
                "id": "HN212462",
                "label": {
                    "uri": "HN212462"
                },
                "type": "ColumnNode",
                "hNodeId": "HN212462",
                "columnName": "How Acquired?",
                "rdfLiteralType": null,
                "userSemanticTypes": [
                    {
                        "hNodeId": "HN212462",
                        "domain": {
                            "uri": "http://erlangen-crm.org/current/E8_Acquisition"
                        },
                        "type": {
                            "uri": "http://erlangen-crm.org/current/P3_has_note"
                        },
                        "origin": "User",
                        "confidenceScore": 1.0
                    }
                ],
                "learnedSemanticTypes": [
                    {
                        "hNodeId": "HN212462",
                        "domain": {
                            "uri": "http://erlangen-crm.org/current/E8_Acquisition"
                        },
                        "type": {
                            "uri": "http://erlangen-crm.org/current/P3_has_note"
                        },
                        "origin": "TfIdfModel",
                        "confidenceScore": 0.7303918113410667
                    },
                    {
                        "hNodeId": "HN212462",
                        "domain": {
                            "uri": "http://erlangen-crm.org/current/E30_Right"
                        },
                        "type": {
                            "uri": "http://erlangen-crm.org/current/P3_has_note"
                        },
                        "origin": "TfIdfModel",
                        "confidenceScore": 0.18949141629702143
                    },
                    {
                        "hNodeId": "HN212462",
                        "domain": {
                            "uri": "http://erlangen-crm.org/current/E22_Man-Made_Object"
                        },
                        "type": {
                            "uri": "http://erlangen-crm.org/current/P3_has_note"
                        },
                        "origin": "TfIdfModel",
                        "confidenceScore": 0.04396693443337278
                    },
                    {
                        "hNodeId": "HN212462",
                        "domain": {
                            "uri": "http://erlangen-crm.org/current/E33_Linguistic_Object"
                        },
                        "type": {
                            "uri": "http://erlangen-crm.org/current/P3_has_note"
                        },
                        "origin": "TfIdfModel",
                        "confidenceScore": 0.03614983792853909
                    }
                ],
                "modelIds": null
            },
            {
                "id": "HN212952",
                "label": {
                    "uri": "HN212952"
                },
                "type": "ColumnNode",
                "hNodeId": "HN212952",
                "columnName": "Acquisition_URI",
                "rdfLiteralType": null,
                "userSemanticTypes": [
                    {
                        "hNodeId": "HN212952",
                        "domain": {
                            "uri": "http://erlangen-crm.org/current/E8_Acquisition"
                        },
                        "type": {
                            "uri": "http://isi.edu/integration/karma/dev#classLink"
                        },
                        "origin": "User",
                        "confidenceScore": 1.0
                    }
                ],
                "learnedSemanticTypes": [
                    {
                        "hNodeId": "HN212952",
                        "domain": {
                            "uri": "http://erlangen-crm.org/current/E8_Acquisition"
                        },
                        "type": {
                            "uri": "http://isi.edu/integration/karma/dev#classLink"
                        },
                        "origin": "TfIdfModel",
                        "confidenceScore": 0.6509443629399779
                    },
                    {
                        "hNodeId": "HN212952",
                        "domain": {
                            "uri": "http://erlangen-crm.org/current/E22_Man-Made_Object"
                        },
                        "type": {
                            "uri": "http://isi.edu/integration/karma/dev#classLink"
                        },
                        "origin": "TfIdfModel",
                        "confidenceScore": 0.21334581815846643
                    },
                    {
                        "hNodeId": "HN212952",
                        "domain": {
                            "uri": "http://erlangen-crm.org/current/E38_Image"
                        },
                        "type": {
                            "uri": "http://isi.edu/integration/karma/dev#classLink"
                        },
                        "origin": "TfIdfModel",
                        "confidenceScore": 0.0735644478352211
                    },
                    {
                        "hNodeId": "HN212952",
                        "domain": {
                            "uri": "http://erlangen-crm.org/current/E53_Place"
                        },
                        "type": {
                            "uri": "http://isi.edu/integration/karma/dev#classLink"
                        },
                        "origin": "TfIdfModel",
                        "confidenceScore": 0.0621453710663345
                    }
                ],
                "modelIds": null
            }
        ],
        "links": [
            {
                "id": "http://erlangen-crm.org/current/E12_Production1---http://erlangen-crm.org/current/P108i_was_produced_by---http://erlangen-crm.org/current/E21_Person1",
                "weight": 0.01,
                "type": "ObjectPropertyLink",
                "label": {
                    "uri": "http://erlangen-crm.org/current/P108i_was_produced_by"
                },
                "objectPropertyType": "None",
                "status": "ForcedByUser",
                "keyInfo": "None",
                "modelIds": null
            },
            {
                "id": "http://erlangen-crm.org/current/E12_Production1---http://erlangen-crm.org/current/P32_used_general_technique---http://erlangen-crm.org/current/E55_Type2",
                "weight": 0.01,
                "type": "ObjectPropertyLink",
                "label": {
                    "uri": "http://erlangen-crm.org/current/P32_used_general_technique"
                },
                "objectPropertyType": "None",
                "status": "ForcedByUser",
                "keyInfo": "None",
                "modelIds": null
            },
            {
                "id": "http://erlangen-crm.org/current/E12_Production1---http://erlangen-crm.org/current/P7_took_place_at---http://erlangen-crm.org/current/E53_Place1",
                "weight": 0.01,
                "type": "ObjectPropertyLink",
                "label": {
                    "uri": "http://erlangen-crm.org/current/P7_took_place_at"
                },
                "objectPropertyType": "None",
                "status": "ForcedByUser",
                "keyInfo": "None",
                "modelIds": null
            },
            {
                "id": "http://erlangen-crm.org/current/E21_Person1---http://erlangen-crm.org/current/P100i_died_in---http://erlangen-crm.org/current/E69_Death1",
                "weight": 0.01,
                "type": "ObjectPropertyLink",
                "label": {
                    "uri": "http://erlangen-crm.org/current/P100i_died_in"
                },
                "objectPropertyType": "None",
                "status": "ForcedByUser",
                "keyInfo": "None",
                "modelIds": null
            },
            {
                "id": "http://erlangen-crm.org/current/E21_Person1---http://erlangen-crm.org/current/P107i_is_current_or_former_member_of---http://erlangen-crm.org/current/E74_Group1",
                "weight": 0.01,
                "type": "ObjectPropertyLink",
                "label": {
                    "uri": "http://erlangen-crm.org/current/P107i_is_current_or_former_member_of"
                },
                "objectPropertyType": "None",
                "status": "ForcedByUser",
                "keyInfo": "None",
                "modelIds": null
            },
            {
                "id": "http://erlangen-crm.org/current/E21_Person1---http://erlangen-crm.org/current/P131_is_identified_by---http://erlangen-crm.org/current/E82_Actor_Appellation1",
                "weight": 0.01,
                "type": "ObjectPropertyLink",
                "label": {
                    "uri": "http://erlangen-crm.org/current/P131_is_identified_by"
                },
                "objectPropertyType": "None",
                "status": "ForcedByUser",
                "keyInfo": "None",
                "modelIds": null
            },
            {
                "id": "http://erlangen-crm.org/current/E21_Person1---http://erlangen-crm.org/current/P98i_was_born---http://erlangen-crm.org/current/E67_Birth1",
                "weight": 0.01,
                "type": "ObjectPropertyLink",
                "label": {
                    "uri": "http://erlangen-crm.org/current/P98i_was_born"
                },
                "objectPropertyType": "None",
                "status": "ForcedByUser",
                "keyInfo": "None",
                "modelIds": null
            },
            {
                "id": "http://erlangen-crm.org/current/E21_Person1---http://isi.edu/integration/karma/dev#classLink---HN212941",
                "weight": 0.01,
                "type": "ClassInstanceLink",
                "label": {
                    "uri": "http://isi.edu/integration/karma/dev#classLink"
                },
                "status": "ForcedByUser",
                "keyInfo": "UriOfInstance",
                "modelIds": null
            },
            {
                "id": "http://erlangen-crm.org/current/E22_Man-Made_Object1---http://erlangen-crm.org/current/P102_has_title---http://erlangen-crm.org/current/E35_Title1",
                "weight": 0.01,
                "type": "ObjectPropertyLink",
                "label": {
                    "uri": "http://erlangen-crm.org/current/P102_has_title"
                },
                "objectPropertyType": "None",
                "status": "ForcedByUser",
                "keyInfo": "None",
                "modelIds": null
            },
            {
                "id": "http://erlangen-crm.org/current/E22_Man-Made_Object1---http://erlangen-crm.org/current/P108i_was_produced_by---http://erlangen-crm.org/current/E12_Production1",
                "weight": 0.01,
                "type": "ObjectPropertyLink",
                "label": {
                    "uri": "http://erlangen-crm.org/current/P108i_was_produced_by"
                },
                "objectPropertyType": "None",
                "status": "ForcedByUser",
                "keyInfo": "None",
                "modelIds": null
            },
            {
                "id": "http://erlangen-crm.org/current/E22_Man-Made_Object1---http://erlangen-crm.org/current/P24i_changed_ownership_through---http://erlangen-crm.org/current/E8_Acquisition1",
                "weight": 0.01,
                "type": "ObjectPropertyLink",
                "label": {
                    "uri": "http://erlangen-crm.org/current/P24i_changed_ownership_through"
                },
                "objectPropertyType": "None",
                "status": "ForcedByUser",
                "keyInfo": "None",
                "modelIds": null
            },
            {
                "id": "http://erlangen-crm.org/current/E22_Man-Made_Object1---http://erlangen-crm.org/current/P2_has_type---http://erlangen-crm.org/current/E55_Type1",
                "weight": 0.01,
                "type": "ObjectPropertyLink",
                "label": {
                    "uri": "http://erlangen-crm.org/current/P2_has_type"
                },
                "objectPropertyType": "None",
                "status": "ForcedByUser",
                "keyInfo": "None",
                "modelIds": null
            },
            {
                "id": "http://erlangen-crm.org/current/E22_Man-Made_Object1---http://erlangen-crm.org/current/P3_has_note---HN212452",
                "weight": 0.01,
                "type": "DataPropertyLink",
                "label": {
                    "uri": "http://erlangen-crm.org/current/P3_has_note"
                },
                "status": "ForcedByUser",
                "keyInfo": "None",
                "modelIds": null
            },
            {
                "id": "http://erlangen-crm.org/current/E22_Man-Made_Object1---http://erlangen-crm.org/current/P43_has_dimension---http://erlangen-crm.org/current/E54_Dimension1",
                "weight": 0.01,
                "type": "ObjectPropertyLink",
                "label": {
                    "uri": "http://erlangen-crm.org/current/P43_has_dimension"
                },
                "objectPropertyType": "None",
                "status": "ForcedByUser",
                "keyInfo": "None",
                "modelIds": null
            },
            {
                "id": "http://erlangen-crm.org/current/E22_Man-Made_Object1---http://erlangen-crm.org/current/P51_has_former_or_current_owner---http://erlangen-crm.org/current/E40_Legal_Body1",
                "weight": 0.01,
                "type": "ObjectPropertyLink",
                "label": {
                    "uri": "http://erlangen-crm.org/current/P51_has_former_or_current_owner"
                },
                "objectPropertyType": "None",
                "status": "ForcedByUser",
                "keyInfo": "None",
                "modelIds": null
            },
            {
                "id": "http://erlangen-crm.org/current/E22_Man-Made_Object1---http://erlangen-crm.org/current/P55_has_current_location---http://erlangen-crm.org/current/E53_Place2",
                "weight": 0.01,
                "type": "ObjectPropertyLink",
                "label": {
                    "uri": "http://erlangen-crm.org/current/P55_has_current_location"
                },
                "objectPropertyType": "None",
                "status": "ForcedByUser",
                "keyInfo": "None",
                "modelIds": null
            },
            {
                "id": "http://erlangen-crm.org/current/E22_Man-Made_Object1---http://isi.edu/integration/karma/dev#classLink---HN212895",
                "weight": 0.01,
                "type": "ClassInstanceLink",
                "label": {
                    "uri": "http://isi.edu/integration/karma/dev#classLink"
                },
                "status": "ForcedByUser",
                "keyInfo": "UriOfInstance",
                "modelIds": null
            },
            {
                "id": "http://erlangen-crm.org/current/E33_Linguistic_Object2---http://erlangen-crm.org/current/P129_is_about---http://erlangen-crm.org/current/E22_Man-Made_Object1",
                "weight": 0.01,
                "type": "ObjectPropertyLink",
                "label": {
                    "uri": "http://erlangen-crm.org/current/P129_is_about"
                },
                "objectPropertyType": "None",
                "status": "ForcedByUser",
                "keyInfo": "None",
                "modelIds": null
            },
            {
                "id": "http://erlangen-crm.org/current/E33_Linguistic_Object2---http://erlangen-crm.org/current/P2_has_type---http://erlangen-crm.org/current/E55_Type3",
                "weight": 0.01,
                "type": "ObjectPropertyLink",
                "label": {
                    "uri": "http://erlangen-crm.org/current/P2_has_type"
                },
                "objectPropertyType": "None",
                "status": "ForcedByUser",
                "keyInfo": "None",
                "modelIds": null
            },
            {
                "id": "http://erlangen-crm.org/current/E33_Linguistic_Object2---http://erlangen-crm.org/current/P3_has_note---HN213001",
                "weight": 0.01,
                "type": "DataPropertyLink",
                "label": {
                    "uri": "http://erlangen-crm.org/current/P3_has_note"
                },
                "status": "ForcedByUser",
                "keyInfo": "None",
                "modelIds": null
            },
            {
                "id": "http://erlangen-crm.org/current/E35_Title1---http://www.w3.org/2000/01/rdf-schema#label---HN212441",
                "weight": 0.01,
                "type": "DataPropertyLink",
                "label": {
                    "uri": "http://www.w3.org/2000/01/rdf-schema#label"
                },
                "status": "ForcedByUser",
                "keyInfo": "None",
                "modelIds": null
            },
            {
                "id": "http://erlangen-crm.org/current/E40_Legal_Body1---http://www.w3.org/2000/01/rdf-schema#label---HN212457",
                "weight": 0.01,
                "type": "DataPropertyLink",
                "label": {
                    "uri": "http://www.w3.org/2000/01/rdf-schema#label"
                },
                "status": "ForcedByUser",
                "keyInfo": "None",
                "modelIds": null
            },
            {
                "id": "http://erlangen-crm.org/current/E48_Place_Name1---http://www.w3.org/2000/01/rdf-schema#label---HN212447",
                "weight": 0.01,
                "type": "DataPropertyLink",
                "label": {
                    "uri": "http://www.w3.org/2000/01/rdf-schema#label"
                },
                "status": "ForcedByUser",
                "keyInfo": "None",
                "modelIds": null
            },
            {
                "id": "http://erlangen-crm.org/current/E52_Time-Span1---http://erlangen-crm.org/current/P82_at_some_time_within---HN213099",
                "weight": 0.01,
                "type": "DataPropertyLink",
                "label": {
                    "uri": "http://erlangen-crm.org/current/P82_at_some_time_within"
                },
                "status": "ForcedByUser",
                "keyInfo": "None",
                "modelIds": null
            },
            {
                "id": "http://erlangen-crm.org/current/E52_Time-Span2---http://erlangen-crm.org/current/P82_at_some_time_within---HN213110",
                "weight": 0.01,
                "type": "DataPropertyLink",
                "label": {
                    "uri": "http://erlangen-crm.org/current/P82_at_some_time_within"
                },
                "status": "ForcedByUser",
                "keyInfo": "None",
                "modelIds": null
            },
            {
                "id": "http://erlangen-crm.org/current/E53_Place1---http://erlangen-crm.org/current/P87_is_identified_by---http://erlangen-crm.org/current/E48_Place_Name1",
                "weight": 0.01,
                "type": "ObjectPropertyLink",
                "label": {
                    "uri": "http://erlangen-crm.org/current/P87_is_identified_by"
                },
                "objectPropertyType": "None",
                "status": "ForcedByUser",
                "keyInfo": "None",
                "modelIds": null
            },
            {
                "id": "http://erlangen-crm.org/current/E53_Place2---http://isi.edu/integration/karma/dev#classLink---HN213017",
                "weight": 0.01,
                "type": "ClassInstanceLink",
                "label": {
                    "uri": "http://isi.edu/integration/karma/dev#classLink"
                },
                "status": "ForcedByUser",
                "keyInfo": "UriOfInstance",
                "modelIds": null
            },
            {
                "id": "http://erlangen-crm.org/current/E54_Dimension1---http://erlangen-crm.org/current/P3_has_note---HN212451",
                "weight": 0.01,
                "type": "DataPropertyLink",
                "label": {
                    "uri": "http://erlangen-crm.org/current/P3_has_note"
                },
                "status": "ForcedByUser",
                "keyInfo": "None",
                "modelIds": null
            },
            {
                "id": "http://erlangen-crm.org/current/E55_Type1---http://isi.edu/integration/karma/dev#classLink---HN212908",
                "weight": 0.01,
                "type": "ClassInstanceLink",
                "label": {
                    "uri": "http://isi.edu/integration/karma/dev#classLink"
                },
                "status": "ForcedByUser",
                "keyInfo": "UriOfInstance",
                "modelIds": null
            },
            {
                "id": "http://erlangen-crm.org/current/E55_Type1---http://www.w3.org/2000/01/rdf-schema#label---HN212440",
                "weight": 0.01,
                "type": "DataPropertyLink",
                "label": {
                    "uri": "http://www.w3.org/2000/01/rdf-schema#label"
                },
                "status": "ForcedByUser",
                "keyInfo": "None",
                "modelIds": null
            },
            {
                "id": "http://erlangen-crm.org/current/E55_Type2---http://isi.edu/integration/karma/dev#classLink---HN213044",
                "weight": 0.01,
                "type": "ClassInstanceLink",
                "label": {
                    "uri": "http://isi.edu/integration/karma/dev#classLink"
                },
                "status": "ForcedByUser",
                "keyInfo": "UriOfInstance",
                "modelIds": null
            },
            {
                "id": "http://erlangen-crm.org/current/E55_Type2---http://www.w3.org/2000/01/rdf-schema#label---HN212450",
                "weight": 0.01,
                "type": "DataPropertyLink",
                "label": {
                    "uri": "http://www.w3.org/2000/01/rdf-schema#label"
                },
                "status": "ForcedByUser",
                "keyInfo": "None",
                "modelIds": null
            },
            {
                "id": "http://erlangen-crm.org/current/E55_Type3---http://isi.edu/integration/karma/dev#classLink---HN213056",
                "weight": 0.01,
                "type": "ClassInstanceLink",
                "label": {
                    "uri": "http://isi.edu/integration/karma/dev#classLink"
                },
                "status": "ForcedByUser",
                "keyInfo": "UriOfInstance",
                "modelIds": null
            },
            {
                "id": "http://erlangen-crm.org/current/E67_Birth1---http://erlangen-crm.org/current/P4_has_time-span---http://erlangen-crm.org/current/E52_Time-Span1",
                "weight": 0.01,
                "type": "ObjectPropertyLink",
                "label": {
                    "uri": "http://erlangen-crm.org/current/P4_has_time-span"
                },
                "objectPropertyType": "None",
                "status": "ForcedByUser",
                "keyInfo": "None",
                "modelIds": null
            },
            {
                "id": "http://erlangen-crm.org/current/E69_Death1---http://erlangen-crm.org/current/P4_has_time-span---http://erlangen-crm.org/current/E52_Time-Span2",
                "weight": 0.01,
                "type": "ObjectPropertyLink",
                "label": {
                    "uri": "http://erlangen-crm.org/current/P4_has_time-span"
                },
                "objectPropertyType": "None",
                "status": "ForcedByUser",
                "keyInfo": "None",
                "modelIds": null
            },
            {
                "id": "http://erlangen-crm.org/current/E74_Group1---http://isi.edu/integration/karma/dev#classLink---HN213085",
                "weight": 0.01,
                "type": "ClassInstanceLink",
                "label": {
                    "uri": "http://isi.edu/integration/karma/dev#classLink"
                },
                "status": "ForcedByUser",
                "keyInfo": "UriOfInstance",
                "modelIds": null
            },
            {
                "id": "http://erlangen-crm.org/current/E74_Group1---http://www.w3.org/2000/01/rdf-schema#label---HN213074",
                "weight": 0.01,
                "type": "DataPropertyLink",
                "label": {
                    "uri": "http://www.w3.org/2000/01/rdf-schema#label"
                },
                "status": "ForcedByUser",
                "keyInfo": "None",
                "modelIds": null
            },
            {
                "id": "http://erlangen-crm.org/current/E82_Actor_Appellation1---http://isi.edu/integration/karma/dev#classLink---HN213032",
                "weight": 0.01,
                "type": "ClassInstanceLink",
                "label": {
                    "uri": "http://isi.edu/integration/karma/dev#classLink"
                },
                "status": "ForcedByUser",
                "keyInfo": "UriOfInstance",
                "modelIds": null
            },
            {
                "id": "http://erlangen-crm.org/current/E82_Actor_Appellation1---http://www.w3.org/2000/01/rdf-schema#label---HN212442",
                "weight": 0.01,
                "type": "DataPropertyLink",
                "label": {
                    "uri": "http://www.w3.org/2000/01/rdf-schema#label"
                },
                "status": "ForcedByUser",
                "keyInfo": "None",
                "modelIds": null
            },
            {
                "id": "http://erlangen-crm.org/current/E8_Acquisition1---http://erlangen-crm.org/current/P3_has_note---HN212453",
                "weight": 0.01,
                "type": "DataPropertyLink",
                "label": {
                    "uri": "http://erlangen-crm.org/current/P3_has_note"
                },
                "status": "ForcedByUser",
                "keyInfo": "None",
                "modelIds": null
            },
            {
                "id": "http://erlangen-crm.org/current/E8_Acquisition1---http://erlangen-crm.org/current/P3_has_note---HN212462",
                "weight": 0.01,
                "type": "DataPropertyLink",
                "label": {
                    "uri": "http://erlangen-crm.org/current/P3_has_note"
                },
                "status": "ForcedByUser",
                "keyInfo": "None",
                "modelIds": null
            },
            {
                "id": "http://erlangen-crm.org/current/E8_Acquisition1---http://isi.edu/integration/karma/dev#classLink---HN212952",
                "weight": 0.01,
                "type": "ClassInstanceLink",
                "label": {
                    "uri": "http://isi.edu/integration/karma/dev#classLink"
                },
                "status": "ForcedByUser",
                "keyInfo": "UriOfInstance",
                "modelIds": null
            }
        ]
    }
}