c1,op12,c2,count
http://schema.org/Offer,http://schema.org/availableAtOrFrom,http://schema.org/Place,892
http://schema.org/Offer,http://schema.org/mainEntityOfPage,http://schema.org/CreativeWork,759
http://schema.org/Offer,http://schema.org/seller,http://schema.dig.isi.edu/ontology/PersonOrOrganization,638
http://schema.org/Offer,http://schema.org/relatedTo,http://schema.org/Offer,529
http://schema.org/Offer,http://schema.org/itemOffered,http://schema.dig.isi.edu/ontology/Firearm,443
http://schema.dig.isi.edu/ontology/Firearm,http://schema.org/manufacturer,http://schema.dig.isi.edu/ontology/PersonOrOrganization,114
http://schema.org/Place,http://schema.org/address,http://schema.org/PostalAddress,98
http://schema.dig.isi.edu/ontology/PersonOrOrganization,http://schema.org/address,http://schema.org/PostalAddress,59
http://schema.dig.isi.edu/ontology/PersonOrOrganization,http://schema.org/contactPoint,http://schema.org/ContactPoint,38
