c1,op12,c2,count
http://schema.org/Offer,http://schema.org/availableAtOrFrom,http://schema.org/Place,899
http://schema.org/Offer,http://schema.org/mainEntityOfPage,http://schema.org/CreativeWork,766
http://schema.org/Offer,http://schema.org/seller,http://schema.dig.isi.edu/ontology/PersonOrOrganization,645
http://schema.org/Offer,http://schema.org/relatedTo,http://schema.org/Offer,576
http://schema.org/Offer,http://schema.org/itemOffered,http://schema.dig.isi.edu/ontology/Firearm,450
http://schema.dig.isi.edu/ontology/Firearm,http://schema.org/manufacturer,http://schema.dig.isi.edu/ontology/PersonOrOrganization,121
http://schema.org/Place,http://schema.org/address,http://schema.org/PostalAddress,71
http://schema.dig.isi.edu/ontology/PersonOrOrganization,http://schema.org/address,http://schema.org/PostalAddress,59
