{
    "id": "p184C5E460-0247-F180-55CE-6A6A915B578C",
    "length": 1,
    "frequency": "98",
    "graph": {
        "nodes": [
            {
                "id": "http://schema.org/PostalAddress1",
                "label": {
                    "uri": "http://schema.org/PostalAddress"
                },
                "type": "InternalNode",
                "modelIds": null
            },
            {
                "id": "http://schema.org/Place1",
                "label": {
                    "uri": "http://schema.org/Place"
                },
                "type": "InternalNode",
                "modelIds": null
            }
        ],
        "links": [
            {
                "id": "http://schema.org/Place1---http://schema.org/address---http://schema.org/PostalAddress1",
                "weight": 0.9730473047304731,
                "type": "ObjectPropertyLink",
                "label": {
                    "uri": "http://schema.org/address"
                },
                "objectPropertyType": "None",
                "status": "Normal",
                "keyInfo": "None",
                "modelIds": null
            }
        ]
    }
}