{
    "id": "www.tennesseegunexchange.com.jl",
    "name": "www.tennesseegunexchange.com.jl",
    "description": null,
    "sourceColumns": [
        {
            "id": "HN39",
            "hNodeId": "HN39",
            "columnName": "Pistols1112"
        },
        {
            "id": "HN31",
            "hNodeId": "HN31",
            "columnName": "Listed1964"
        },
        {
            "id": "HN33",
            "hNodeId": "HN33",
            "columnName": "Phone1330"
        },
        {
            "id": "HN19",
            "hNodeId": "HN19",
            "columnName": "Facebook2081"
        },
        {
            "id": "HN57",
            "hNodeId": "HN57",
            "columnName": "file_name"
        },
        {
            "id": "HN25",
            "hNodeId": "HN25",
            "columnName": "ID1421"
        },
        {
            "id": "HN29",
            "hNodeId": "HN29",
            "columnName": "Listed1361"
        },
        {
            "id": "HN15",
            "hNodeId": "HN15",
            "columnName": "Description1392"
        },
        {
            "id": "HN17",
            "hNodeId": "HN17",
            "columnName": "Expires1366"
        },
        {
            "id": "HN9",
            "hNodeId": "HN9",
            "columnName": "0036"
        },
        {
            "id": "HN41",
            "hNodeId": "HN41",
            "columnName": "Post1309"
        },
        {
            "id": "HN53",
            "hNodeId": "HN53",
            "columnName": "Today2013"
        },
        {
            "id": "HN37",
            "hNodeId": "HN37",
            "columnName": "Phone1340"
        },
        {
            "id": "HN13",
            "hNodeId": "HN13",
            "columnName": "Code1354"
        }
    ],
    "mappingToSourceColumns": [
        {
            "id": "HN13",
            "sourceColumnId": "HN13"
        },
        {
            "id": "HN39",
            "sourceColumnId": "HN39"
        },
        {
            "id": "HN15",
            "sourceColumnId": "HN15"
        },
        {
            "id": "HN29",
            "sourceColumnId": "HN29"
        },
        {
            "id": "HN17",
            "sourceColumnId": "HN17"
        },
        {
            "id": "HN37",
            "sourceColumnId": "HN37"
        },
        {
            "id": "HN19",
            "sourceColumnId": "HN19"
        },
        {
            "id": "HN25",
            "sourceColumnId": "HN25"
        },
        {
            "id": "HN31",
            "sourceColumnId": "HN31"
        },
        {
            "id": "HN33",
            "sourceColumnId": "HN33"
        },
        {
            "id": "HN9",
            "sourceColumnId": "HN9"
        },
        {
            "id": "HN53",
            "sourceColumnId": "HN53"
        },
        {
            "id": "HN41",
            "sourceColumnId": "HN41"
        },
        {
            "id": "HN57",
            "sourceColumnId": "HN57"
        }
    ],
    "graph": {
        "nodes": [
            {
                "id": "http://schema.dig.isi.edu/ontology/Firearm1",
                "label": {
                    "uri": "http://schema.dig.isi.edu/ontology/Firearm"
                },
                "type": "InternalNode",
                "modelIds": null
            },
            {
                "id": "HN39",
                "label": {
                    "uri": "HN39"
                },
                "type": "ColumnNode",
                "hNodeId": "HN39",
                "columnName": "Pistols1112",
                "rdfLiteralType": null,
                "userSemanticTypes": [
                    {
                        "hNodeId": "HN39",
                        "domain": {
                            "uri": "http://schema.dig.isi.edu/ontology/Firearm"
                        },
                        "type": {
                            "uri": "http://schema.org/category"
                        },
                        "origin": "User",
                        "confidenceScore": 1.0
                    }
                ],
                "learnedSemanticTypes": null,
                "modelIds": null
            },
            {
                "id": "http://schema.dig.isi.edu/ontology/PersonOrOrganization1",
                "label": {
                    "uri": "http://schema.dig.isi.edu/ontology/PersonOrOrganization"
                },
                "type": "InternalNode",
                "modelIds": null
            },
            {
                "id": "HN31",
                "label": {
                    "uri": "HN31"
                },
                "type": "ColumnNode",
                "hNodeId": "HN31",
                "columnName": "Listed1964",
                "rdfLiteralType": null,
                "userSemanticTypes": [
                    {
                        "hNodeId": "HN31",
                        "domain": {
                            "uri": "http://schema.dig.isi.edu/ontology/PersonOrOrganization"
                        },
                        "type": {
                            "uri": "http://schema.dig.isi.edu/ontology/identifier"
                        },
                        "origin": "User",
                        "confidenceScore": 1.0
                    }
                ],
                "learnedSemanticTypes": null,
                "modelIds": null
            },
            {
                "id": "HN33",
                "label": {
                    "uri": "HN33"
                },
                "type": "ColumnNode",
                "hNodeId": "HN33",
                "columnName": "Phone1330",
                "rdfLiteralType": null,
                "userSemanticTypes": [
                    {
                        "hNodeId": "HN33",
                        "domain": {
                            "uri": "http://schema.dig.isi.edu/ontology/PersonOrOrganization"
                        },
                        "type": {
                            "uri": "http://schema.org/telephone"
                        },
                        "origin": "User",
                        "confidenceScore": 1.0
                    }
                ],
                "learnedSemanticTypes": null,
                "modelIds": null
            },
            {
                "id": "http://schema.org/CreativeWork1",
                "label": {
                    "uri": "http://schema.org/CreativeWork"
                },
                "type": "InternalNode",
                "modelIds": null
            },
            {
                "id": "HN19",
                "label": {
                    "uri": "HN19"
                },
                "type": "ColumnNode",
                "hNodeId": "HN19",
                "columnName": "Facebook2081",
                "rdfLiteralType": null,
                "userSemanticTypes": [
                    {
                        "hNodeId": "HN19",
                        "domain": {
                            "uri": "http://schema.org/CreativeWork"
                        },
                        "type": {
                            "uri": "http://schema.org/copyrightYear"
                        },
                        "origin": "User",
                        "confidenceScore": 1.0
                    }
                ],
                "learnedSemanticTypes": null,
                "modelIds": null
            },
            {
                "id": "HN57",
                "label": {
                    "uri": "HN57"
                },
                "type": "ColumnNode",
                "hNodeId": "HN57",
                "columnName": "file_name",
                "rdfLiteralType": null,
                "userSemanticTypes": [
                    {
                        "hNodeId": "HN57",
                        "domain": {
                            "uri": "http://schema.org/CreativeWork"
                        },
                        "type": {
                            "uri": "http://schema.org/name"
                        },
                        "origin": "User",
                        "confidenceScore": 1.0
                    }
                ],
                "learnedSemanticTypes": null,
                "modelIds": null
            },
            {
                "id": "http://schema.org/Offer1",
                "label": {
                    "uri": "http://schema.org/Offer"
                },
                "type": "InternalNode",
                "modelIds": null
            },
            {
                "id": "HN25",
                "label": {
                    "uri": "HN25"
                },
                "type": "ColumnNode",
                "hNodeId": "HN25",
                "columnName": "ID1421",
                "rdfLiteralType": null,
                "userSemanticTypes": [
                    {
                        "hNodeId": "HN25",
                        "domain": {
                            "uri": "http://schema.org/Offer"
                        },
                        "type": {
                            "uri": "http://schema.dig.isi.edu/ontology/identifier"
                        },
                        "origin": "User",
                        "confidenceScore": 1.0
                    }
                ],
                "learnedSemanticTypes": null,
                "modelIds": null
            },
            {
                "id": "http://schema.org/Place1",
                "label": {
                    "uri": "http://schema.org/Place"
                },
                "type": "InternalNode",
                "modelIds": null
            },
            {
                "id": "HN29",
                "label": {
                    "uri": "HN29"
                },
                "type": "ColumnNode",
                "hNodeId": "HN29",
                "columnName": "Listed1361",
                "rdfLiteralType": null,
                "userSemanticTypes": [
                    {
                        "hNodeId": "HN29",
                        "domain": {
                            "uri": "http://schema.org/Offer"
                        },
                        "type": {
                            "uri": "http://schema.org/datePosted"
                        },
                        "origin": "User",
                        "confidenceScore": 1.0
                    }
                ],
                "learnedSemanticTypes": null,
                "modelIds": null
            },
            {
                "id": "HN15",
                "label": {
                    "uri": "HN15"
                },
                "type": "ColumnNode",
                "hNodeId": "HN15",
                "columnName": "Description1392",
                "rdfLiteralType": null,
                "userSemanticTypes": [
                    {
                        "hNodeId": "HN15",
                        "domain": {
                            "uri": "http://schema.org/Offer"
                        },
                        "type": {
                            "uri": "http://schema.org/description"
                        },
                        "origin": "User",
                        "confidenceScore": 1.0
                    }
                ],
                "learnedSemanticTypes": null,
                "modelIds": null
            },
            {
                "id": "HN17",
                "label": {
                    "uri": "HN17"
                },
                "type": "ColumnNode",
                "hNodeId": "HN17",
                "columnName": "Expires1366",
                "rdfLiteralType": null,
                "userSemanticTypes": [
                    {
                        "hNodeId": "HN17",
                        "domain": {
                            "uri": "http://schema.org/Offer"
                        },
                        "type": {
                            "uri": "http://schema.org/expires"
                        },
                        "origin": "User",
                        "confidenceScore": 1.0
                    }
                ],
                "learnedSemanticTypes": null,
                "modelIds": null
            },
            {
                "id": "HN9",
                "label": {
                    "uri": "HN9"
                },
                "type": "ColumnNode",
                "hNodeId": "HN9",
                "columnName": "0036",
                "rdfLiteralType": null,
                "userSemanticTypes": [
                    {
                        "hNodeId": "HN9",
                        "domain": {
                            "uri": "http://schema.org/Offer"
                        },
                        "type": {
                            "uri": "http://schema.org/name"
                        },
                        "origin": "User",
                        "confidenceScore": 1.0
                    }
                ],
                "learnedSemanticTypes": null,
                "modelIds": null
            },
            {
                "id": "HN41",
                "label": {
                    "uri": "HN41"
                },
                "type": "ColumnNode",
                "hNodeId": "HN41",
                "columnName": "Post1309",
                "rdfLiteralType": null,
                "userSemanticTypes": [
                    {
                        "hNodeId": "HN41",
                        "domain": {
                            "uri": "http://schema.org/Offer"
                        },
                        "type": {
                            "uri": "http://schema.org/price"
                        },
                        "origin": "User",
                        "confidenceScore": 1.0
                    }
                ],
                "learnedSemanticTypes": null,
                "modelIds": null
            },
            {
                "id": "http://schema.org/Offer2",
                "label": {
                    "uri": "http://schema.org/Offer"
                },
                "type": "InternalNode",
                "modelIds": null
            },
            {
                "id": "HN53",
                "label": {
                    "uri": "HN53"
                },
                "type": "ColumnNode",
                "hNodeId": "HN53",
                "columnName": "Today2013",
                "rdfLiteralType": null,
                "userSemanticTypes": [
                    {
                        "hNodeId": "HN53",
                        "domain": {
                            "uri": "http://schema.org/Offer"
                        },
                        "type": {
                            "uri": "http://schema.org/name"
                        },
                        "origin": "User",
                        "confidenceScore": 1.0
                    }
                ],
                "learnedSemanticTypes": null,
                "modelIds": null
            },
            {
                "id": "http://schema.org/PostalAddress1",
                "label": {
                    "uri": "http://schema.org/PostalAddress"
                },
                "type": "InternalNode",
                "modelIds": null
            },
            {
                "id": "HN37",
                "label": {
                    "uri": "HN37"
                },
                "type": "ColumnNode",
                "hNodeId": "HN37",
                "columnName": "Phone1340",
                "rdfLiteralType": null,
                "userSemanticTypes": [
                    {
                        "hNodeId": "HN37",
                        "domain": {
                            "uri": "http://schema.org/Place"
                        },
                        "type": {
                            "uri": "http://schema.org/name"
                        },
                        "origin": "User",
                        "confidenceScore": 1.0
                    }
                ],
                "learnedSemanticTypes": null,
                "modelIds": null
            },
            {
                "id": "HN13",
                "label": {
                    "uri": "HN13"
                },
                "type": "ColumnNode",
                "hNodeId": "HN13",
                "columnName": "Code1354",
                "rdfLiteralType": null,
                "userSemanticTypes": [
                    {
                        "hNodeId": "HN13",
                        "domain": {
                            "uri": "http://schema.org/PostalAddress"
                        },
                        "type": {
                            "uri": "http://schema.org/postalCode"
                        },
                        "origin": "User",
                        "confidenceScore": 1.0
                    }
                ],
                "learnedSemanticTypes": null,
                "modelIds": null
            }
        ],
        "links": [
            {
                "id": "http://schema.dig.isi.edu/ontology/Firearm1---http://schema.org/category---HN39",
                "weight": 0.01,
                "type": "DataPropertyLink",
                "label": {
                    "uri": "http://schema.org/category"
                },
                "status": "ForcedByUser",
                "keyInfo": "None",
                "modelIds": null
            },
            {
                "id": "http://schema.dig.isi.edu/ontology/PersonOrOrganization1---http://schema.dig.isi.edu/ontology/identifier---HN31",
                "weight": 0.01,
                "type": "DataPropertyLink",
                "label": {
                    "uri": "http://schema.dig.isi.edu/ontology/identifier"
                },
                "status": "ForcedByUser",
                "keyInfo": "None",
                "modelIds": null
            },
            {
                "id": "http://schema.dig.isi.edu/ontology/PersonOrOrganization1---http://schema.org/telephone---HN33",
                "weight": 0.01,
                "type": "DataPropertyLink",
                "label": {
                    "uri": "http://schema.org/telephone"
                },
                "status": "ForcedByUser",
                "keyInfo": "None",
                "modelIds": null
            },
            {
                "id": "http://schema.org/CreativeWork1---http://schema.org/copyrightYear---HN19",
                "weight": 0.01,
                "type": "DataPropertyLink",
                "label": {
                    "uri": "http://schema.org/copyrightYear"
                },
                "status": "ForcedByUser",
                "keyInfo": "None",
                "modelIds": null
            },
            {
                "id": "http://schema.org/CreativeWork1---http://schema.org/name---HN57",
                "weight": 0.01,
                "type": "DataPropertyLink",
                "label": {
                    "uri": "http://schema.org/name"
                },
                "status": "ForcedByUser",
                "keyInfo": "None",
                "modelIds": null
            },
            {
                "id": "http://schema.org/Offer1---http://schema.dig.isi.edu/ontology/identifier---HN25",
                "weight": 0.01,
                "type": "DataPropertyLink",
                "label": {
                    "uri": "http://schema.dig.isi.edu/ontology/identifier"
                },
                "status": "ForcedByUser",
                "keyInfo": "None",
                "modelIds": null
            },
            {
                "id": "http://schema.org/Offer1---http://schema.org/availableAtOrFrom---http://schema.org/Place1",
                "weight": 0.01,
                "type": "ObjectPropertyLink",
                "label": {
                    "uri": "http://schema.org/availableAtOrFrom"
                },
                "objectPropertyType": "Direct",
                "status": "ForcedByUser",
                "keyInfo": "None",
                "modelIds": null
            },
            {
                "id": "http://schema.org/Offer1---http://schema.org/datePosted---HN29",
                "weight": 0.01,
                "type": "DataPropertyLink",
                "label": {
                    "uri": "http://schema.org/datePosted"
                },
                "status": "ForcedByUser",
                "keyInfo": "None",
                "modelIds": null
            },
            {
                "id": "http://schema.org/Offer1---http://schema.org/description---HN15",
                "weight": 0.01,
                "type": "DataPropertyLink",
                "label": {
                    "uri": "http://schema.org/description"
                },
                "status": "ForcedByUser",
                "keyInfo": "None",
                "modelIds": null
            },
            {
                "id": "http://schema.org/Offer1---http://schema.org/expires---HN17",
                "weight": 0.01,
                "type": "DataPropertyLink",
                "label": {
                    "uri": "http://schema.org/expires"
                },
                "status": "ForcedByUser",
                "keyInfo": "None",
                "modelIds": null
            },
            {
                "id": "http://schema.org/Offer1---http://schema.org/itemOffered---http://schema.dig.isi.edu/ontology/Firearm1",
                "weight": 0.01,
                "type": "ObjectPropertyLink",
                "label": {
                    "uri": "http://schema.org/itemOffered"
                },
                "objectPropertyType": "Indirect",
                "status": "ForcedByUser",
                "keyInfo": "None",
                "modelIds": null
            },
            {
                "id": "http://schema.org/Offer1---http://schema.org/mainEntityOfPage---http://schema.org/CreativeWork1",
                "weight": 0.01,
                "type": "ObjectPropertyLink",
                "label": {
                    "uri": "http://schema.org/mainEntityOfPage"
                },
                "objectPropertyType": "Indirect",
                "status": "ForcedByUser",
                "keyInfo": "None",
                "modelIds": null
            },
            {
                "id": "http://schema.org/Offer1---http://schema.org/name---HN9",
                "weight": 0.01,
                "type": "DataPropertyLink",
                "label": {
                    "uri": "http://schema.org/name"
                },
                "status": "ForcedByUser",
                "keyInfo": "None",
                "modelIds": null
            },
            {
                "id": "http://schema.org/Offer1---http://schema.org/price---HN41",
                "weight": 0.01,
                "type": "DataPropertyLink",
                "label": {
                    "uri": "http://schema.org/price"
                },
                "status": "ForcedByUser",
                "keyInfo": "None",
                "modelIds": null
            },
            {
                "id": "http://schema.org/Offer1---http://schema.org/relatedTo---http://schema.org/Offer2",
                "weight": 0.01,
                "type": "ObjectPropertyLink",
                "label": {
                    "uri": "http://schema.org/relatedTo"
                },
                "objectPropertyType": "None",
                "status": "ForcedByUser",
                "keyInfo": "None",
                "modelIds": null
            },
            {
                "id": "http://schema.org/Offer1---http://schema.org/seller---http://schema.dig.isi.edu/ontology/PersonOrOrganization1",
                "weight": 0.01,
                "type": "ObjectPropertyLink",
                "label": {
                    "uri": "http://schema.org/seller"
                },
                "objectPropertyType": "None",
                "status": "ForcedByUser",
                "keyInfo": "None",
                "modelIds": null
            },
            {
                "id": "http://schema.org/Offer2---http://schema.org/name---HN53",
                "weight": 0.01,
                "type": "DataPropertyLink",
                "label": {
                    "uri": "http://schema.org/name"
                },
                "status": "ForcedByUser",
                "keyInfo": "None",
                "modelIds": null
            },
            {
                "id": "http://schema.org/Place1---http://schema.org/address---http://schema.org/PostalAddress1",
                "weight": 0.01,
                "type": "ObjectPropertyLink",
                "label": {
                    "uri": "http://schema.org/address"
                },
                "objectPropertyType": "Direct",
                "status": "ForcedByUser",
                "keyInfo": "None",
                "modelIds": null
            },
            {
                "id": "http://schema.org/Place1---http://schema.org/name---HN37",
                "weight": 0.01,
                "type": "DataPropertyLink",
                "label": {
                    "uri": "http://schema.org/name"
                },
                "status": "ForcedByUser",
                "keyInfo": "None",
                "modelIds": null
            },
            {
                "id": "http://schema.org/PostalAddress1---http://schema.org/postalCode---HN13",
                "weight": 0.01,
                "type": "DataPropertyLink",
                "label": {
                    "uri": "http://schema.org/postalCode"
                },
                "status": "ForcedByUser",
                "keyInfo": "None",
                "modelIds": null
            }
        ]
    }
}