{
    "id": "www.nextechclassifieds.com.jl",
    "name": "www.nextechclassifieds.com.jl",
    "description": null,
    "sourceColumns": [
        {
            "id": "HN45",
            "hNodeId": "HN45",
            "columnName": "Send0933"
        },
        {
            "id": "HN29",
            "hNodeId": "HN29",
            "columnName": "Copyright1423"
        },
        {
            "id": "HN47",
            "hNodeId": "HN47",
            "columnName": "file_name"
        },
        {
            "id": "HN31",
            "hNodeId": "HN31",
            "columnName": "Description1191"
        },
        {
            "id": "HN33",
            "hNodeId": "HN33",
            "columnName": "Expires1091"
        },
        {
            "id": "HN9",
            "hNodeId": "HN9",
            "columnName": "0003"
        },
        {
            "id": "HN21",
            "hNodeId": "HN21",
            "columnName": "991062"
        },
        {
            "id": "HN13",
            "hNodeId": "HN13",
            "columnName": "001236"
        },
        {
            "id": "HN41",
            "hNodeId": "HN41",
            "columnName": "Listings1232"
        },
        {
            "id": "HN15",
            "hNodeId": "HN15",
            "columnName": "001267"
        },
        {
            "id": "HN35",
            "hNodeId": "HN35",
            "columnName": "Kansas1264"
        },
        {
            "id": "HN17",
            "hNodeId": "HN17",
            "columnName": "001298"
        },
        {
            "id": "HN37",
            "hNodeId": "HN37",
            "columnName": "Kansas1294"
        },
        {
            "id": "HN49",
            "hNodeId": "HN49",
            "columnName": "set1328"
        },
        {
            "id": "HN39",
            "hNodeId": "HN39",
            "columnName": "Kansas1324"
        },
        {
            "id": "HN11",
            "hNodeId": "HN11",
            "columnName": "001068"
        },
        {
            "id": "HN27",
            "hNodeId": "HN27",
            "columnName": "Citori1239"
        },
        {
            "id": "HN19",
            "hNodeId": "HN19",
            "columnName": "2701270"
        },
        {
            "id": "HN43",
            "hNodeId": "HN43",
            "columnName": "Reduced1301"
        },
        {
            "id": "HN25",
            "hNodeId": "HN25",
            "columnName": "Boots1331"
        }
    ],
    "mappingToSourceColumns": [
        {
            "id": "HN39",
            "sourceColumnId": "HN39"
        },
        {
            "id": "HN13",
            "sourceColumnId": "HN13"
        },
        {
            "id": "HN15",
            "sourceColumnId": "HN15"
        },
        {
            "id": "HN29",
            "sourceColumnId": "HN29"
        },
        {
            "id": "HN35",
            "sourceColumnId": "HN35"
        },
        {
            "id": "HN17",
            "sourceColumnId": "HN17"
        },
        {
            "id": "HN27",
            "sourceColumnId": "HN27"
        },
        {
            "id": "HN19",
            "sourceColumnId": "HN19"
        },
        {
            "id": "HN37",
            "sourceColumnId": "HN37"
        },
        {
            "id": "HN25",
            "sourceColumnId": "HN25"
        },
        {
            "id": "HN31",
            "sourceColumnId": "HN31"
        },
        {
            "id": "HN33",
            "sourceColumnId": "HN33"
        },
        {
            "id": "HN21",
            "sourceColumnId": "HN21"
        },
        {
            "id": "HN11",
            "sourceColumnId": "HN11"
        },
        {
            "id": "HN43",
            "sourceColumnId": "HN43"
        },
        {
            "id": "HN45",
            "sourceColumnId": "HN45"
        },
        {
            "id": "HN9",
            "sourceColumnId": "HN9"
        },
        {
            "id": "HN41",
            "sourceColumnId": "HN41"
        },
        {
            "id": "HN47",
            "sourceColumnId": "HN47"
        },
        {
            "id": "HN49",
            "sourceColumnId": "HN49"
        }
    ],
    "graph": {
        "nodes": [
            {
                "id": "http://schema.dig.isi.edu/ontology/PersonOrOrganization1",
                "label": {
                    "uri": "http://schema.dig.isi.edu/ontology/PersonOrOrganization"
                },
                "type": "InternalNode",
                "modelIds": null
            },
            {
                "id": "HN45",
                "label": {
                    "uri": "HN45"
                },
                "type": "ColumnNode",
                "hNodeId": "HN45",
                "columnName": "Send0933",
                "rdfLiteralType": null,
                "userSemanticTypes": [
                    {
                        "hNodeId": "HN45",
                        "domain": {
                            "uri": "http://schema.dig.isi.edu/ontology/PersonOrOrganization"
                        },
                        "type": {
                            "uri": "http://schema.dig.isi.edu/ontology/identifier"
                        },
                        "origin": "User",
                        "confidenceScore": 1.0
                    }
                ],
                "learnedSemanticTypes": null,
                "modelIds": null
            },
            {
                "id": "http://schema.org/CreativeWork1",
                "label": {
                    "uri": "http://schema.org/CreativeWork"
                },
                "type": "InternalNode",
                "modelIds": null
            },
            {
                "id": "HN29",
                "label": {
                    "uri": "HN29"
                },
                "type": "ColumnNode",
                "hNodeId": "HN29",
                "columnName": "Copyright1423",
                "rdfLiteralType": null,
                "userSemanticTypes": [
                    {
                        "hNodeId": "HN29",
                        "domain": {
                            "uri": "http://schema.org/CreativeWork"
                        },
                        "type": {
                            "uri": "http://schema.org/copyrightYear"
                        },
                        "origin": "User",
                        "confidenceScore": 1.0
                    }
                ],
                "learnedSemanticTypes": null,
                "modelIds": null
            },
            {
                "id": "HN47",
                "label": {
                    "uri": "HN47"
                },
                "type": "ColumnNode",
                "hNodeId": "HN47",
                "columnName": "file_name",
                "rdfLiteralType": null,
                "userSemanticTypes": [
                    {
                        "hNodeId": "HN47",
                        "domain": {
                            "uri": "http://schema.org/CreativeWork"
                        },
                        "type": {
                            "uri": "http://schema.org/name"
                        },
                        "origin": "User",
                        "confidenceScore": 1.0
                    }
                ],
                "learnedSemanticTypes": null,
                "modelIds": null
            },
            {
                "id": "http://schema.org/Offer1",
                "label": {
                    "uri": "http://schema.org/Offer"
                },
                "type": "InternalNode",
                "modelIds": null
            },
            {
                "id": "http://schema.org/Place1",
                "label": {
                    "uri": "http://schema.org/Place"
                },
                "type": "InternalNode",
                "modelIds": null
            },
            {
                "id": "HN31",
                "label": {
                    "uri": "HN31"
                },
                "type": "ColumnNode",
                "hNodeId": "HN31",
                "columnName": "Description1191",
                "rdfLiteralType": null,
                "userSemanticTypes": [
                    {
                        "hNodeId": "HN31",
                        "domain": {
                            "uri": "http://schema.org/Offer"
                        },
                        "type": {
                            "uri": "http://schema.org/description"
                        },
                        "origin": "User",
                        "confidenceScore": 1.0
                    }
                ],
                "learnedSemanticTypes": null,
                "modelIds": null
            },
            {
                "id": "HN33",
                "label": {
                    "uri": "HN33"
                },
                "type": "ColumnNode",
                "hNodeId": "HN33",
                "columnName": "Expires1091",
                "rdfLiteralType": null,
                "userSemanticTypes": [
                    {
                        "hNodeId": "HN33",
                        "domain": {
                            "uri": "http://schema.org/Offer"
                        },
                        "type": {
                            "uri": "http://schema.org/expires"
                        },
                        "origin": "User",
                        "confidenceScore": 1.0
                    }
                ],
                "learnedSemanticTypes": null,
                "modelIds": null
            },
            {
                "id": "HN9",
                "label": {
                    "uri": "HN9"
                },
                "type": "ColumnNode",
                "hNodeId": "HN9",
                "columnName": "0003",
                "rdfLiteralType": null,
                "userSemanticTypes": [
                    {
                        "hNodeId": "HN9",
                        "domain": {
                            "uri": "http://schema.org/Offer"
                        },
                        "type": {
                            "uri": "http://schema.org/name"
                        },
                        "origin": "User",
                        "confidenceScore": 1.0
                    }
                ],
                "learnedSemanticTypes": null,
                "modelIds": null
            },
            {
                "id": "HN21",
                "label": {
                    "uri": "HN21"
                },
                "type": "ColumnNode",
                "hNodeId": "HN21",
                "columnName": "991062",
                "rdfLiteralType": null,
                "userSemanticTypes": [
                    {
                        "hNodeId": "HN21",
                        "domain": {
                            "uri": "http://schema.org/Offer"
                        },
                        "type": {
                            "uri": "http://schema.org/price"
                        },
                        "origin": "User",
                        "confidenceScore": 1.0
                    }
                ],
                "learnedSemanticTypes": null,
                "modelIds": null
            },
            {
                "id": "http://schema.org/Offer2",
                "label": {
                    "uri": "http://schema.org/Offer"
                },
                "type": "InternalNode",
                "modelIds": null
            },
            {
                "id": "http://schema.org/Offer3",
                "label": {
                    "uri": "http://schema.org/Offer"
                },
                "type": "InternalNode",
                "modelIds": null
            },
            {
                "id": "http://schema.org/Offer4",
                "label": {
                    "uri": "http://schema.org/Offer"
                },
                "type": "InternalNode",
                "modelIds": null
            },
            {
                "id": "http://schema.org/Offer5",
                "label": {
                    "uri": "http://schema.org/Offer"
                },
                "type": "InternalNode",
                "modelIds": null
            },
            {
                "id": "http://schema.org/Place2",
                "label": {
                    "uri": "http://schema.org/Place"
                },
                "type": "InternalNode",
                "modelIds": null
            },
            {
                "id": "HN13",
                "label": {
                    "uri": "HN13"
                },
                "type": "ColumnNode",
                "hNodeId": "HN13",
                "columnName": "001236",
                "rdfLiteralType": null,
                "userSemanticTypes": [
                    {
                        "hNodeId": "HN13",
                        "domain": {
                            "uri": "http://schema.org/Offer"
                        },
                        "type": {
                            "uri": "http://schema.org/name"
                        },
                        "origin": "User",
                        "confidenceScore": 1.0
                    }
                ],
                "learnedSemanticTypes": null,
                "modelIds": null
            },
            {
                "id": "HN41",
                "label": {
                    "uri": "HN41"
                },
                "type": "ColumnNode",
                "hNodeId": "HN41",
                "columnName": "Listings1232",
                "rdfLiteralType": null,
                "userSemanticTypes": [
                    {
                        "hNodeId": "HN41",
                        "domain": {
                            "uri": "http://schema.org/Offer"
                        },
                        "type": {
                            "uri": "http://schema.org/price"
                        },
                        "origin": "User",
                        "confidenceScore": 1.0
                    }
                ],
                "learnedSemanticTypes": null,
                "modelIds": null
            },
            {
                "id": "http://schema.org/Place3",
                "label": {
                    "uri": "http://schema.org/Place"
                },
                "type": "InternalNode",
                "modelIds": null
            },
            {
                "id": "HN15",
                "label": {
                    "uri": "HN15"
                },
                "type": "ColumnNode",
                "hNodeId": "HN15",
                "columnName": "001267",
                "rdfLiteralType": null,
                "userSemanticTypes": [
                    {
                        "hNodeId": "HN15",
                        "domain": {
                            "uri": "http://schema.org/Offer"
                        },
                        "type": {
                            "uri": "http://schema.org/name"
                        },
                        "origin": "User",
                        "confidenceScore": 1.0
                    }
                ],
                "learnedSemanticTypes": null,
                "modelIds": null
            },
            {
                "id": "HN35",
                "label": {
                    "uri": "HN35"
                },
                "type": "ColumnNode",
                "hNodeId": "HN35",
                "columnName": "Kansas1264",
                "rdfLiteralType": null,
                "userSemanticTypes": [
                    {
                        "hNodeId": "HN35",
                        "domain": {
                            "uri": "http://schema.org/Offer"
                        },
                        "type": {
                            "uri": "http://schema.org/price"
                        },
                        "origin": "User",
                        "confidenceScore": 1.0
                    }
                ],
                "learnedSemanticTypes": null,
                "modelIds": null
            },
            {
                "id": "http://schema.org/Place4",
                "label": {
                    "uri": "http://schema.org/Place"
                },
                "type": "InternalNode",
                "modelIds": null
            },
            {
                "id": "HN17",
                "label": {
                    "uri": "HN17"
                },
                "type": "ColumnNode",
                "hNodeId": "HN17",
                "columnName": "001298",
                "rdfLiteralType": null,
                "userSemanticTypes": [
                    {
                        "hNodeId": "HN17",
                        "domain": {
                            "uri": "http://schema.org/Offer"
                        },
                        "type": {
                            "uri": "http://schema.org/name"
                        },
                        "origin": "User",
                        "confidenceScore": 1.0
                    }
                ],
                "learnedSemanticTypes": null,
                "modelIds": null
            },
            {
                "id": "HN37",
                "label": {
                    "uri": "HN37"
                },
                "type": "ColumnNode",
                "hNodeId": "HN37",
                "columnName": "Kansas1294",
                "rdfLiteralType": null,
                "userSemanticTypes": [
                    {
                        "hNodeId": "HN37",
                        "domain": {
                            "uri": "http://schema.org/Offer"
                        },
                        "type": {
                            "uri": "http://schema.org/price"
                        },
                        "origin": "User",
                        "confidenceScore": 1.0
                    }
                ],
                "learnedSemanticTypes": null,
                "modelIds": null
            },
            {
                "id": "http://schema.org/Place5",
                "label": {
                    "uri": "http://schema.org/Place"
                },
                "type": "InternalNode",
                "modelIds": null
            },
            {
                "id": "HN49",
                "label": {
                    "uri": "HN49"
                },
                "type": "ColumnNode",
                "hNodeId": "HN49",
                "columnName": "set1328",
                "rdfLiteralType": null,
                "userSemanticTypes": [
                    {
                        "hNodeId": "HN49",
                        "domain": {
                            "uri": "http://schema.org/Offer"
                        },
                        "type": {
                            "uri": "http://schema.org/name"
                        },
                        "origin": "User",
                        "confidenceScore": 1.0
                    }
                ],
                "learnedSemanticTypes": null,
                "modelIds": null
            },
            {
                "id": "HN39",
                "label": {
                    "uri": "HN39"
                },
                "type": "ColumnNode",
                "hNodeId": "HN39",
                "columnName": "Kansas1324",
                "rdfLiteralType": null,
                "userSemanticTypes": [
                    {
                        "hNodeId": "HN39",
                        "domain": {
                            "uri": "http://schema.org/Offer"
                        },
                        "type": {
                            "uri": "http://schema.org/price"
                        },
                        "origin": "User",
                        "confidenceScore": 1.0
                    }
                ],
                "learnedSemanticTypes": null,
                "modelIds": null
            },
            {
                "id": "HN11",
                "label": {
                    "uri": "HN11"
                },
                "type": "ColumnNode",
                "hNodeId": "HN11",
                "columnName": "001068",
                "rdfLiteralType": null,
                "userSemanticTypes": [
                    {
                        "hNodeId": "HN11",
                        "domain": {
                            "uri": "http://schema.org/Place"
                        },
                        "type": {
                            "uri": "http://schema.org/name"
                        },
                        "origin": "User",
                        "confidenceScore": 1.0
                    }
                ],
                "learnedSemanticTypes": null,
                "modelIds": null
            },
            {
                "id": "HN27",
                "label": {
                    "uri": "HN27"
                },
                "type": "ColumnNode",
                "hNodeId": "HN27",
                "columnName": "Citori1239",
                "rdfLiteralType": null,
                "userSemanticTypes": [
                    {
                        "hNodeId": "HN27",
                        "domain": {
                            "uri": "http://schema.org/Place"
                        },
                        "type": {
                            "uri": "http://schema.org/name"
                        },
                        "origin": "User",
                        "confidenceScore": 1.0
                    }
                ],
                "learnedSemanticTypes": null,
                "modelIds": null
            },
            {
                "id": "HN19",
                "label": {
                    "uri": "HN19"
                },
                "type": "ColumnNode",
                "hNodeId": "HN19",
                "columnName": "2701270",
                "rdfLiteralType": null,
                "userSemanticTypes": [
                    {
                        "hNodeId": "HN19",
                        "domain": {
                            "uri": "http://schema.org/Place"
                        },
                        "type": {
                            "uri": "http://schema.org/name"
                        },
                        "origin": "User",
                        "confidenceScore": 1.0
                    }
                ],
                "learnedSemanticTypes": null,
                "modelIds": null
            },
            {
                "id": "HN43",
                "label": {
                    "uri": "HN43"
                },
                "type": "ColumnNode",
                "hNodeId": "HN43",
                "columnName": "Reduced1301",
                "rdfLiteralType": null,
                "userSemanticTypes": [
                    {
                        "hNodeId": "HN43",
                        "domain": {
                            "uri": "http://schema.org/Place"
                        },
                        "type": {
                            "uri": "http://schema.org/name"
                        },
                        "origin": "User",
                        "confidenceScore": 1.0
                    }
                ],
                "learnedSemanticTypes": null,
                "modelIds": null
            },
            {
                "id": "HN25",
                "label": {
                    "uri": "HN25"
                },
                "type": "ColumnNode",
                "hNodeId": "HN25",
                "columnName": "Boots1331",
                "rdfLiteralType": null,
                "userSemanticTypes": [
                    {
                        "hNodeId": "HN25",
                        "domain": {
                            "uri": "http://schema.org/Place"
                        },
                        "type": {
                            "uri": "http://schema.org/name"
                        },
                        "origin": "User",
                        "confidenceScore": 1.0
                    }
                ],
                "learnedSemanticTypes": null,
                "modelIds": null
            }
        ],
        "links": [
            {
                "id": "http://schema.dig.isi.edu/ontology/PersonOrOrganization1---http://schema.dig.isi.edu/ontology/identifier---HN45",
                "weight": 0.01,
                "type": "DataPropertyLink",
                "label": {
                    "uri": "http://schema.dig.isi.edu/ontology/identifier"
                },
                "status": "ForcedByUser",
                "keyInfo": "None",
                "modelIds": null
            },
            {
                "id": "http://schema.org/CreativeWork1---http://schema.org/copyrightYear---HN29",
                "weight": 0.01,
                "type": "DataPropertyLink",
                "label": {
                    "uri": "http://schema.org/copyrightYear"
                },
                "status": "ForcedByUser",
                "keyInfo": "None",
                "modelIds": null
            },
            {
                "id": "http://schema.org/CreativeWork1---http://schema.org/name---HN47",
                "weight": 0.01,
                "type": "DataPropertyLink",
                "label": {
                    "uri": "http://schema.org/name"
                },
                "status": "ForcedByUser",
                "keyInfo": "None",
                "modelIds": null
            },
            {
                "id": "http://schema.org/Offer1---http://schema.org/availableAtOrFrom---http://schema.org/Place1",
                "weight": 0.01,
                "type": "ObjectPropertyLink",
                "label": {
                    "uri": "http://schema.org/availableAtOrFrom"
                },
                "objectPropertyType": "Direct",
                "status": "ForcedByUser",
                "keyInfo": "None",
                "modelIds": null
            },
            {
                "id": "http://schema.org/Offer1---http://schema.org/description---HN31",
                "weight": 0.01,
                "type": "DataPropertyLink",
                "label": {
                    "uri": "http://schema.org/description"
                },
                "status": "ForcedByUser",
                "keyInfo": "None",
                "modelIds": null
            },
            {
                "id": "http://schema.org/Offer1---http://schema.org/expires---HN33",
                "weight": 0.01,
                "type": "DataPropertyLink",
                "label": {
                    "uri": "http://schema.org/expires"
                },
                "status": "ForcedByUser",
                "keyInfo": "None",
                "modelIds": null
            },
            {
                "id": "http://schema.org/Offer1---http://schema.org/mainEntityOfPage---http://schema.org/CreativeWork1",
                "weight": 0.01,
                "type": "ObjectPropertyLink",
                "label": {
                    "uri": "http://schema.org/mainEntityOfPage"
                },
                "objectPropertyType": "Indirect",
                "status": "ForcedByUser",
                "keyInfo": "None",
                "modelIds": null
            },
            {
                "id": "http://schema.org/Offer1---http://schema.org/name---HN9",
                "weight": 0.01,
                "type": "DataPropertyLink",
                "label": {
                    "uri": "http://schema.org/name"
                },
                "status": "ForcedByUser",
                "keyInfo": "None",
                "modelIds": null
            },
            {
                "id": "http://schema.org/Offer1---http://schema.org/price---HN21",
                "weight": 0.01,
                "type": "DataPropertyLink",
                "label": {
                    "uri": "http://schema.org/price"
                },
                "status": "ForcedByUser",
                "keyInfo": "None",
                "modelIds": null
            },
            {
                "id": "http://schema.org/Offer1---http://schema.org/relatedTo---http://schema.org/Offer2",
                "weight": 0.01,
                "type": "ObjectPropertyLink",
                "label": {
                    "uri": "http://schema.org/relatedTo"
                },
                "objectPropertyType": "None",
                "status": "ForcedByUser",
                "keyInfo": "None",
                "modelIds": null
            },
            {
                "id": "http://schema.org/Offer1---http://schema.org/relatedTo---http://schema.org/Offer3",
                "weight": 0.01,
                "type": "ObjectPropertyLink",
                "label": {
                    "uri": "http://schema.org/relatedTo"
                },
                "objectPropertyType": "None",
                "status": "ForcedByUser",
                "keyInfo": "None",
                "modelIds": null
            },
            {
                "id": "http://schema.org/Offer1---http://schema.org/relatedTo---http://schema.org/Offer4",
                "weight": 0.01,
                "type": "ObjectPropertyLink",
                "label": {
                    "uri": "http://schema.org/relatedTo"
                },
                "objectPropertyType": "None",
                "status": "ForcedByUser",
                "keyInfo": "None",
                "modelIds": null
            },
            {
                "id": "http://schema.org/Offer1---http://schema.org/relatedTo---http://schema.org/Offer5",
                "weight": 0.01,
                "type": "ObjectPropertyLink",
                "label": {
                    "uri": "http://schema.org/relatedTo"
                },
                "objectPropertyType": "None",
                "status": "ForcedByUser",
                "keyInfo": "None",
                "modelIds": null
            },
            {
                "id": "http://schema.org/Offer1---http://schema.org/seller---http://schema.dig.isi.edu/ontology/PersonOrOrganization1",
                "weight": 0.01,
                "type": "ObjectPropertyLink",
                "label": {
                    "uri": "http://schema.org/seller"
                },
                "objectPropertyType": "None",
                "status": "ForcedByUser",
                "keyInfo": "None",
                "modelIds": null
            },
            {
                "id": "http://schema.org/Offer2---http://schema.org/availableAtOrFrom---http://schema.org/Place2",
                "weight": 0.01,
                "type": "ObjectPropertyLink",
                "label": {
                    "uri": "http://schema.org/availableAtOrFrom"
                },
                "objectPropertyType": "Direct",
                "status": "ForcedByUser",
                "keyInfo": "None",
                "modelIds": null
            },
            {
                "id": "http://schema.org/Offer2---http://schema.org/name---HN13",
                "weight": 0.01,
                "type": "DataPropertyLink",
                "label": {
                    "uri": "http://schema.org/name"
                },
                "status": "ForcedByUser",
                "keyInfo": "None",
                "modelIds": null
            },
            {
                "id": "http://schema.org/Offer2---http://schema.org/price---HN41",
                "weight": 0.01,
                "type": "DataPropertyLink",
                "label": {
                    "uri": "http://schema.org/price"
                },
                "status": "ForcedByUser",
                "keyInfo": "None",
                "modelIds": null
            },
            {
                "id": "http://schema.org/Offer3---http://schema.org/availableAtOrFrom---http://schema.org/Place3",
                "weight": 0.01,
                "type": "ObjectPropertyLink",
                "label": {
                    "uri": "http://schema.org/availableAtOrFrom"
                },
                "objectPropertyType": "Direct",
                "status": "ForcedByUser",
                "keyInfo": "None",
                "modelIds": null
            },
            {
                "id": "http://schema.org/Offer3---http://schema.org/name---HN15",
                "weight": 0.01,
                "type": "DataPropertyLink",
                "label": {
                    "uri": "http://schema.org/name"
                },
                "status": "ForcedByUser",
                "keyInfo": "None",
                "modelIds": null
            },
            {
                "id": "http://schema.org/Offer3---http://schema.org/price---HN35",
                "weight": 0.01,
                "type": "DataPropertyLink",
                "label": {
                    "uri": "http://schema.org/price"
                },
                "status": "ForcedByUser",
                "keyInfo": "None",
                "modelIds": null
            },
            {
                "id": "http://schema.org/Offer4---http://schema.org/availableAtOrFrom---http://schema.org/Place4",
                "weight": 0.01,
                "type": "ObjectPropertyLink",
                "label": {
                    "uri": "http://schema.org/availableAtOrFrom"
                },
                "objectPropertyType": "Direct",
                "status": "ForcedByUser",
                "keyInfo": "None",
                "modelIds": null
            },
            {
                "id": "http://schema.org/Offer4---http://schema.org/name---HN17",
                "weight": 0.01,
                "type": "DataPropertyLink",
                "label": {
                    "uri": "http://schema.org/name"
                },
                "status": "ForcedByUser",
                "keyInfo": "None",
                "modelIds": null
            },
            {
                "id": "http://schema.org/Offer4---http://schema.org/price---HN37",
                "weight": 0.01,
                "type": "DataPropertyLink",
                "label": {
                    "uri": "http://schema.org/price"
                },
                "status": "ForcedByUser",
                "keyInfo": "None",
                "modelIds": null
            },
            {
                "id": "http://schema.org/Offer5---http://schema.org/availableAtOrFrom---http://schema.org/Place5",
                "weight": 0.01,
                "type": "ObjectPropertyLink",
                "label": {
                    "uri": "http://schema.org/availableAtOrFrom"
                },
                "objectPropertyType": "Direct",
                "status": "ForcedByUser",
                "keyInfo": "None",
                "modelIds": null
            },
            {
                "id": "http://schema.org/Offer5---http://schema.org/name---HN49",
                "weight": 0.01,
                "type": "DataPropertyLink",
                "label": {
                    "uri": "http://schema.org/name"
                },
                "status": "ForcedByUser",
                "keyInfo": "None",
                "modelIds": null
            },
            {
                "id": "http://schema.org/Offer5---http://schema.org/price---HN39",
                "weight": 0.01,
                "type": "DataPropertyLink",
                "label": {
                    "uri": "http://schema.org/price"
                },
                "status": "ForcedByUser",
                "keyInfo": "None",
                "modelIds": null
            },
            {
                "id": "http://schema.org/Place1---http://schema.org/name---HN11",
                "weight": 0.01,
                "type": "DataPropertyLink",
                "label": {
                    "uri": "http://schema.org/name"
                },
                "status": "ForcedByUser",
                "keyInfo": "None",
                "modelIds": null
            },
            {
                "id": "http://schema.org/Place2---http://schema.org/name---HN27",
                "weight": 0.01,
                "type": "DataPropertyLink",
                "label": {
                    "uri": "http://schema.org/name"
                },
                "status": "ForcedByUser",
                "keyInfo": "None",
                "modelIds": null
            },
            {
                "id": "http://schema.org/Place3---http://schema.org/name---HN19",
                "weight": 0.01,
                "type": "DataPropertyLink",
                "label": {
                    "uri": "http://schema.org/name"
                },
                "status": "ForcedByUser",
                "keyInfo": "None",
                "modelIds": null
            },
            {
                "id": "http://schema.org/Place4---http://schema.org/name---HN43",
                "weight": 0.01,
                "type": "DataPropertyLink",
                "label": {
                    "uri": "http://schema.org/name"
                },
                "status": "ForcedByUser",
                "keyInfo": "None",
                "modelIds": null
            },
            {
                "id": "http://schema.org/Place5---http://schema.org/name---HN25",
                "weight": 0.01,
                "type": "DataPropertyLink",
                "label": {
                    "uri": "http://schema.org/name"
                },
                "status": "ForcedByUser",
                "keyInfo": "None",
                "modelIds": null
            }
        ]
    }
}