{
    "id": "p1CE4BEA6F-8B76-2FCD-7935-A7F5286D5BD3",
    "length": 1,
    "frequency": "23099",
    "graph": {
        "nodes": [
            {
                "id": "http://www.americanartcollaborative.org/ontology/Person1",
                "label": {
                    "uri": "http://www.americanartcollaborative.org/ontology/Person"
                },
                "type": "InternalNode",
                "modelIds": null
            },
            {
                "id": "http://www.americanartcollaborative.org/ontology/CulturalHeritageObject1",
                "label": {
                    "uri": "http://www.americanartcollaborative.org/ontology/CulturalHeritageObject"
                },
                "type": "InternalNode",
                "modelIds": null
            }
        ],
        "links": [
            {
                "id": "http://www.americanartcollaborative.org/ontology/CulturalHeritageObject1---http://purl.org/dc/terms/creator---http://www.americanartcollaborative.org/ontology/Person1",
                "weight": 0.8027446158050247,
                "type": "ObjectPropertyLink",
                "label": {
                    "uri": "http://purl.org/dc/terms/creator"
                },
                "objectPropertyType": "None",
                "status": "Normal",
                "keyInfo": "None",
                "modelIds": null
            }
        ]
    }
}