{
    "id": "p2486E7351-194F-BF1A-8FBA-1057BC950F68",
    "length": 2,
    "frequency": "1",
    "graph": {
        "nodes": [
            {
                "id": "http://schema.dig.isi.edu/ontology/Firearm1",
                "label": {
                    "uri": "http://schema.dig.isi.edu/ontology/Firearm"
                },
                "type": "InternalNode",
                "modelIds": null
            },
            {
                "id": "http://schema.org/Offer1",
                "label": {
                    "uri": "http://schema.org/Offer"
                },
                "type": "InternalNode",
                "modelIds": null
            },
            {
                "id": "http://schema.dig.isi.edu/ontology/PersonOrOrganization1",
                "label": {
                    "uri": "http://schema.dig.isi.edu/ontology/PersonOrOrganization"
                },
                "type": "InternalNode",
                "modelIds": null
            }
        ],
        "links": [
            {
                "id": "http://schema.org/Offer1---http://schema.org/itemOffered---http://schema.dig.isi.edu/ontology/Firearm1",
                "weight": 0.8652365236523653,
                "type": "ObjectPropertyLink",
                "label": {
                    "uri": "http://schema.org/itemOffered"
                },
                "objectPropertyType": "None",
                "status": "Normal",
                "keyInfo": "None",
                "modelIds": null
            },
            {
                "id": "http://schema.dig.isi.edu/ontology/Firearm1---http://schema.org/manufacturer---http://schema.dig.isi.edu/ontology/PersonOrOrganization1",
                "weight": 1.0,
                "type": "ObjectPropertyLink",
                "label": {
                    "uri": "http://schema.org/manufacturer"
                },
                "objectPropertyType": "None",
                "status": "Normal",
                "keyInfo": "None",
                "modelIds": null
            }
        ]
    }
}