{
    "id": "p256718D56-A14D-83AD-6C1F-333B60F3214D",
    "length": 2,
    "frequency": "1",
    "graph": {
        "nodes": [
            {
                "id": "http://www.americanartcollaborative.org/ontology/CulturalHeritageObject1",
                "label": {
                    "uri": "http://www.americanartcollaborative.org/ontology/CulturalHeritageObject"
                },
                "type": "InternalNode",
                "modelIds": null
            },
            {
                "id": "http://www.europeana.eu/schemas/edm/EuropeanaAggregation1",
                "label": {
                    "uri": "http://www.europeana.eu/schemas/edm/EuropeanaAggregation"
                },
                "type": "InternalNode",
                "modelIds": null
            },
            {
                "id": "http://www.americanartcollaborative.org/ontology/Person1",
                "label": {
                    "uri": "http://www.americanartcollaborative.org/ontology/Person"
                },
                "type": "InternalNode",
                "modelIds": null
            }
        ],
        "links": [
            {
                "id": "http://www.europeana.eu/schemas/edm/EuropeanaAggregation1---http://www.europeana.eu/schemas/edm/aggregatedCHO---http://www.americanartcollaborative.org/ontology/CulturalHeritageObject1",
                "weight": 0.8042817372888593,
                "type": "ObjectPropertyLink",
                "label": {
                    "uri": "http://www.europeana.eu/schemas/edm/aggregatedCHO"
                },
                "objectPropertyType": "None",
                "status": "Normal",
                "keyInfo": "None",
                "modelIds": null
            },
            {
                "id": "http://www.americanartcollaborative.org/ontology/CulturalHeritageObject1---http://purl.org/dc/terms/creator---http://www.americanartcollaborative.org/ontology/Person1",
                "weight": 1.0,
                "type": "ObjectPropertyLink",
                "label": {
                    "uri": "http://purl.org/dc/terms/creator"
                },
                "objectPropertyType": "None",
                "status": "Normal",
                "keyInfo": "None",
                "modelIds": null
            }
        ]
    }
}