<?xml version="1.0" encoding="utf-8"?>
<artist title="Joy of the Waters">
	<name>Frishmuth, Harriet Whitney</name>
	<nationality>American</nationality>
	<birthDeath>1880-1980</birthDeath>
</artist>
<artist title="Concave or Standing Woman">
	<name>Archipenko, Alexander</name>
	<nationality>American</nationality>
	<birthDeath>1887-1964</birthDeath>
</artist>
<artist title="Henry Look Unhitching">
	<name>Benton, Thomas Hart</name>
	<nationality>American</nationality>
	<birthDeath>1889-1975</birthDeath>
</artist>
<artist title="New York, New Haven and Hartford">
	<name>Hopper, Edward</name>
	<nationality>American</nationality>
	<birthDeath>1882-1967</birthDeath>
</artist>
<artist title="Afternoon - Yellow Room">
	<name>Frieseke, Frederick Carl</name>
	<nationality>American</nationality>
	<birthDeath>1874-1939</birthDeath>
</artist>
<artist title="Washington Street, Indianapolis at Dusk">
	<name>Groll, Theodor</name>
	<nationality>German</nationality>
	<birthDeath>1857-1913</birthDeath>
</artist>
<artist title="Herman and Verman">
	<name>Hugh M. Poe</name>
	<nationality>American</nationality>
	<birthDeath>1902-1973</birthDeath>
</artist>
<artist title="A Summer Day">
	<name>Twachtman, John Henry</name>
	<nationality>American</nationality>
	<birthDeath>1853-1902</birthDeath>
</artist>
<artist title="At the End of the Porch">
	<name>John Sharman</name>
	<nationality>American</nationality>
	<birthDeath>1879-1971</birthDeath>
</artist>
<artist title="Pioneer&#039;s House">
	<name>Daniel Garber</name>
	<nationality>American</nationality>
	<birthDeath>1880-1958</birthDeath>
</artist>
<artist title="Quarry at Byram">
	<name>Daniel Garber</name>
	<nationality>American</nationality>
	<birthDeath>1880-1958</birthDeath>
</artist>
<artist title="The Red Tam">
	<name>Kroll, Leon</name>
</artist>
<artist title="Edna Smith in a Japanese Wrap">
	<name>Robert Henri</name>
	<nationality>American</nationality>
	<birthDeath>1865-1929</birthDeath>
</artist>
<artist title="The Robe">
	<name>Frieseke, Frederick Carl</name>
	<nationality>American</nationality>
	<birthDeath>1874-1939</birthDeath>
</artist>
<artist title="Tidying Up">
	<name>Bishop, Isabel</name>
	<nationality>American</nationality>
	<birthDeath>1902-1988</birthDeath>
</artist>
<artist title="Cliff Rock - Appledore">
	<name>Hassam, Childe</name>
	<nationality>American</nationality>
	<birthDeath>1859-1935</birthDeath>
</artist>
<artist title="Portrait of William Merritt Chase">
	<name>Beckwith, James Carroll</name>
	<nationality>American</nationality>
	<birthDeath>1852-1917</birthDeath>
</artist>
<artist title="Little Brown Girl">
	<name>John W. Hardrick</name>
	<nationality>American</nationality>
	<birthDeath>1891-1968</birthDeath>
</artist>
<artist title="Monday Morning">
	<name>Edmund Brucker</name>
	<nationality>American</nationality>
	<birthDeath>1912-1999</birthDeath>
</artist>
<artist title="Still Life">
	<name>Weir, Julian Alden</name>
	<nationality>American</nationality>
	<birthDeath>1852-1919</birthDeath>
</artist>
<artist title="Red Kimono on the Roof">
	<name>Sloan, John</name>
	<nationality>American</nationality>
	<birthDeath>1871-1951</birthDeath>
</artist>
<artist title="Portrait of Mrs. Addison C. Harris">
	<name>Beaux, Cecilia</name>
	<nationality>American</nationality>
	<birthDeath>1855-1942</birthDeath>
</artist>
<artist title="Bronco Buster">
	<name>Remington, Frederic</name>
	<nationality>American</nationality>
	<birthDeath>1861-1909</birthDeath>
</artist>
<artist title="Poppies">
	<name>Vonnoh, Robert William</name>
	<nationality>American</nationality>
	<birthDeath>1858-1933</birthDeath>
</artist>
<artist title="Across the Harbor">
	<name>Davies, Arthur Bowen</name>
	<nationality>American</nationality>
	<birthDeath>1862-1928</birthDeath>
</artist>
<artist title="Winter Landscape">
	<name>Kent, Rockwell</name>
	<nationality>American</nationality>
	<birthDeath>1882-1971</birthDeath>
</artist>
<artist title="Portrait of Reginald Marsh">
	<name>Brook, Alexander</name>
	<nationality>American</nationality>
	<birthDeath>1898-</birthDeath>
</artist>
<artist title="Streetlight">
	<name>Richardson, Constance</name>
	<nationality>American</nationality>
	<birthDeath>1905-4-Feb-02</birthDeath>
</artist>
<artist title="Preparing for the Matinee">
	<name>Tarbell, Edmund Charles</name>
	<nationality>American</nationality>
	<birthDeath>1862-1938</birthDeath>
</artist>
<artist title="The Love Song">
	<name>Rockwell, Norman</name>
	<nationality>American</nationality>
	<birthDeath>1894-1978</birthDeath>
</artist>
<artist title="The Artist&#039;s Party">
	<name>Delaney, Joseph</name>
	<nationality>American</nationality>
	<birthDeath>1904-1991</birthDeath>
</artist>
<artist title="Training for War">
	<name>William H. Johnson</name>
	<nationality>American</nationality>
	<birthDeath>1901-1970</birthDeath>
</artist>
<artist title="Girl Sweeping">
	<name>Paxton, William McGregor</name>
	<nationality>American</nationality>
	<birthDeath>1869-1941</birthDeath>
</artist>
<artist title="Gamin">
	<name>Augusta Savage</name>
	<nationality>American</nationality>
	<birthDeath>1892-1962</birthDeath>
</artist>
<artist title="The Blue Tiger">
	<name>Pippin, Horace</name>
	<nationality>American</nationality>
	<birthDeath>1888-1946</birthDeath>
</artist>
<artist title="Early Morning Sunshine">
	<name>Ritman, Louis</name>
	<nationality>American</nationality>
	<birthDeath>1889-1963</birthDeath>
</artist>
<artist title="Sunlight">
	<name>Benson, Frank Weston</name>
	<nationality>American</nationality>
	<birthDeath>1862-1951</birthDeath>
</artist>
<artist title="Rainy Night, Etaples">
	<name>Scott, William Edouard</name>
	<nationality>American</nationality>
	<birthDeath>1884-1964</birthDeath>
</artist>
<artist title="Mushrooms on a Blue Background">
	<name>Hartley, Marsden</name>
	<nationality>American</nationality>
	<birthDeath>1877-1943</birthDeath>
</artist>
<artist title="Bacchante and Infant Faun">
	<name>MacMonnies, Frederick William</name>
</artist>
<artist title="Above the Clouds">
	<name>Blakelock, Ralph Albert</name>
	<nationality>American</nationality>
	<birthDeath>1847-1919</birthDeath>
</artist>
<artist title="Wash Day">
	<name>Adams, John Ottis</name>
	<nationality>American</nationality>
	<birthDeath>1851-1927</birthDeath>
</artist>
<artist title="Portrait of Clara Fisher">
	<name>Inman, Henry</name>
	<nationality>American</nationality>
	<birthDeath>1801-1846</birthDeath>
</artist>
<artist title="Diana">
	<name>Saint-Gaudens, Augustus</name>
	<nationality>American</nationality>
	<birthDeath>1848-1907</birthDeath>
</artist>
<artist title="The Consecration, 1861">
	<name>Lambdin, George Cochran</name>
	<nationality>American</nationality>
	<birthDeath>1830-1896</birthDeath>
</artist>
<artist title="Portrait of Robert Louis Stevenson">
	<name>Saint-Gaudens, Augustus</name>
	<nationality>American</nationality>
	<birthDeath>1848-1907</birthDeath>
</artist>
<artist title="Pool in the Adirondacks">
	<name>Blakelock, Ralph Albert</name>
	<nationality>American</nationality>
	<birthDeath>1847-1919</birthDeath>
</artist>
<artist title="Mountains and Valleys">
	<name>Higgins, Victor</name>
	<nationality>American</nationality>
	<birthDeath>1884-1949</birthDeath>
</artist>
<artist title="Dorothy">
	<name>William Merritt Chase</name>
	<nationality>American</nationality>
	<birthDeath>1849-1916</birthDeath>
</artist>
<artist title="The Young Artist">
	<name>Burnham, Thomas Mickell</name>
	<nationality>American</nationality>
	<birthDeath>1818-1866</birthDeath>
</artist>
<artist title="Summer Pastorale (View of Kallenfels)">
	<name>Whittredge, Worthington</name>
	<nationality>American</nationality>
	<birthDeath>1820-1910</birthDeath>
</artist>
<artist title="Girl at the Piano: Recording Sound">
	<name>Roszak, Theodore</name>
	<nationality>American</nationality>
	<birthDeath>1907-1981</birthDeath>
</artist>
<artist title="Morning at Grand Manan">
	<name>Bricher, Alfred Thompson</name>
	<nationality>American</nationality>
	<birthDeath>1837-1908</birthDeath>
</artist>
<artist title="The Flight of Europa">
	<name>Manship, Paul</name>
	<nationality>American</nationality>
	<birthDeath>1885-1966</birthDeath>
</artist>
<artist title="Woodcutters in Windsor Park">
	<name>West, Benjamin</name>
	<nationality>American</nationality>
	<birthDeath>1738-1820</birthDeath>
</artist>
<artist title="Ideal Head">
	<name>Hunt, William Morris</name>
</artist>
<artist title="The Olive Grove">
	<name>John Singer Sargent</name>
	<nationality>American</nationality>
	<birthDeath>1856-1925</birthDeath>
</artist>
<artist title="Portrait of Eliza C. Ayres">
</artist>
<artist title="Woman in White">
	<name>Ruth P. Bobbs</name>
	<nationality>American</nationality>
	<birthDeath>1884-1973</birthDeath>
</artist>
<artist title="Souvenir of the Columbian Exposition">
	<name>Jacob Atkinson</name>
	<nationality>American</nationality>
	<birthDeath>1864-1938</birthDeath>
</artist>
<artist title="Rondout, New York">
	<name>Dabo, Leon</name>
	<nationality>American</nationality>
	<birthDeath>1868-1960</birthDeath>
</artist>
<artist title="Polling Landscape">
	<name>Duveneck, Frank</name>
	<nationality>American</nationality>
	<birthDeath>1848-1919</birthDeath>
</artist>
<artist title="Portrait of Dr. James E. B. Finley">
	<name>Morse, Samuel Finley Breese</name>
</artist>
<artist title="Pelvis with Distance">
	<name>O&#039;Keeffe, Georgia</name>
	<nationality>American</nationality>
	<birthDeath>1887-1986</birthDeath>
</artist>
<artist title="Grey Hills">
	<name>O&#039;Keeffe, Georgia</name>
	<nationality>American</nationality>
	<birthDeath>1887-1986</birthDeath>
</artist>
<artist title="The Pioneers">
	<name>Joshua Shaw</name>
	<nationality>American</nationality>
	<birthDeath>1776-1861</birthDeath>
</artist>
<artist title="Ruth Gleaning">
	<name>Rogers, Randolph</name>
	<nationality>American</nationality>
	<birthDeath>1825-1892</birthDeath>
</artist>
<artist title="Still Life with Fish">
	<name>William Merritt Chase</name>
	<nationality>American</nationality>
	<birthDeath>1849-1916</birthDeath>
</artist>
<artist title="Loch Long">
	<name>Duncanson, Robert Scott</name>
	<nationality>American</nationality>
	<birthDeath>1821-1872</birthDeath>
</artist>
<artist title="Louisa Fletcher">
	<name>Mary S. Blumenschein</name>
	<nationality>American</nationality>
	<birthDeath>1869-1958</birthDeath>
</artist>
<artist title="Acrobat">
	<name>Lachaise, Gaston</name>
</artist>
<artist title="Orange Road, Tarpon Springs">
	<name>Inness, George</name>
	<nationality>American</nationality>
	<birthDeath>1825-1894</birthDeath>
</artist>
<artist title="Study of a Young Woman">
	<name>William Merritt Chase</name>
	<nationality>American</nationality>
	<birthDeath>1849-1916</birthDeath>
</artist>
<artist title="Still Life with Hummingbird">
	<name>William Merritt Chase</name>
	<nationality>American</nationality>
	<birthDeath>1849-1916</birthDeath>
</artist>
<artist title="After the Shower">
	<name>William Merritt Chase</name>
	<nationality>American</nationality>
	<birthDeath>1849-1916</birthDeath>
</artist>
<artist title="The Valley in the Sea">
	<name>Moran, Edward</name>
	<nationality>American</nationality>
	<birthDeath>1829-1901</birthDeath>
</artist>
<artist title="Portrait of a Family">
	<name>Stuart, Gilbert</name>
	<nationality>American</nationality>
	<birthDeath>1755-1828</birthDeath>
</artist>
<artist title="The Rainbow">
	<name>Inness, George</name>
	<nationality>American</nationality>
	<birthDeath>1825-1894</birthDeath>
</artist>
<artist title="Portrait of a German Tragedian">
	<name>Blumenschein, Ernest Leonard</name>
	<nationality>American</nationality>
	<birthDeath>1874-1960</birthDeath>
</artist>
<artist title="Portrait of Alice Lyons">
	<name>John J. Hegler</name>
</artist>
<artist title="Our Flag">
	<name>Church, Frederic Edwin</name>
	<nationality>American</nationality>
	<birthDeath>1826-1900</birthDeath>
</artist>
<artist title="November Morning">
	<name>Tryon, Dwight William</name>
	<nationality>American</nationality>
	<birthDeath>1849-1925</birthDeath>
</artist>
<artist title="Hurricane">
	<name>Marin, John</name>
	<nationality>American</nationality>
	<birthDeath>1870-1953-1870-1953</birthDeath>
</artist>
<artist title="Whaler and Fishing Vessels near the Coast of Labrador">
	<name>Bradford, William</name>
	<nationality>American</nationality>
	<birthDeath>1823-1892</birthDeath>
</artist>
<artist title="Margaret MacKittrick">
	<name>Thayer, Abbott Handerson</name>
	<nationality>American</nationality>
	<birthDeath>1849-1921</birthDeath>
</artist>
<artist title="Seated Nude">
	<name>David K. Rubins</name>
	<nationality>American</nationality>
	<birthDeath>1902-1985</birthDeath>
</artist>
<artist title="The Bloom of the Grape">
	<name>T.C. Steele</name>
	<nationality>American</nationality>
	<birthDeath>1847-1926</birthDeath>
</artist>
<artist title="Chinese Fishing Village, Monterey Bay, California">
	<name>Brown, Bolton Coit</name>
	<nationality>American</nationality>
	<birthDeath>1864-1936</birthDeath>
</artist>
<artist title="Still Life">
	<name>Thayer, Abbott Handerson</name>
	<nationality>American</nationality>
	<birthDeath>1849-1921</birthDeath>
</artist>
<artist title="Melons">
	<name>Hartley, Marsden</name>
	<nationality>American</nationality>
	<birthDeath>1877-1943</birthDeath>
</artist>
<artist title="Marianne Ashley Walker">
	<name>Stuart, Gilbert</name>
	<nationality>American</nationality>
	<birthDeath>1755-1828</birthDeath>
</artist>
<artist title="Summer, Lake Ontario">
	<name>Cropsey, Jasper Francis</name>
	<nationality>American</nationality>
	<birthDeath>1823-1900</birthDeath>
</artist>
<artist title="Green Apples with Gray Curtain">
	<name>Kuhn, Walt</name>
	<nationality>American</nationality>
	<birthDeath>1880-1949</birthDeath>
</artist>
<artist title="New York">
	<name>John Bradley Storrs</name>
	<nationality>American</nationality>
	<birthDeath>1885-1956</birthDeath>
</artist>
<artist title="Landscape with Covered Wagon">
	<name>Durand, Asher Brown</name>
	<nationality>American</nationality>
	<birthDeath>1796-1886</birthDeath>
</artist>
<artist title="Temptation">
	<name>Guy, Seymour Joseph</name>
</artist>
<artist title="The Boat Builders">
	<name>Homer, Winslow</name>
	<nationality>American</nationality>
	<birthDeath>1836-1910</birthDeath>
</artist>
<artist title="Jimson Weed">
	<name>O&#039;Keeffe, Georgia</name>
	<nationality>American</nationality>
	<birthDeath>1887-1986</birthDeath>
</artist>
<artist title="He Is Risen (The Passion of Christ Series)">
	<name>Bearden, Romare Howard</name>
	<nationality>American</nationality>
	<birthDeath>1914-1988</birthDeath>
</artist>
<artist title="U.S.A.">
	<name>Haberle, John</name>
	<nationality>American</nationality>
	<birthDeath>1856-1933</birthDeath>
</artist>
<artist title="Harmony in Pink and Gray: Lady Meux">
	<nationality>American</nationality>
	<birthDeath>1834-1903</birthDeath>
</artist>
<artist title="George Washington at Princeton">
	<name>Peale, Charles Willson</name>
	<nationality>American</nationality>
	<birthDeath>1741-1827</birthDeath>
</artist>
<artist title="Reflections">
	<name>Dove, Arthur Garfield</name>
	<nationality>American</nationality>
	<birthDeath>1880-1946</birthDeath>
</artist>
<artist title="Landscape">
	<name>Whittredge, Worthington</name>
	<nationality>American</nationality>
	<birthDeath>1820-1910</birthDeath>
</artist>
<artist title="Portrait of Dr. George Henry Alexander Clowes">
	<name>Pezzati, Pietro</name>
	<nationality>American</nationality>
	<birthDeath>1902-1993</birthDeath>
</artist>
<artist title="Scene on the Wabash">
	<name>Winter, George</name>
	<nationality>American</nationality>
	<birthDeath>1810-1876</birthDeath>
</artist>
<artist title="Nymph and Fawn">
	<name>Konti, Isidore</name>
	<nationality>American</nationality>
	<birthDeath>1862-1938</birthDeath>
</artist>
<artist title="Stumbling Man">
	<name>David K. Rubins</name>
	<nationality>American</nationality>
	<birthDeath>1902-1985</birthDeath>
</artist>
<artist title="Untitled">
	<name>J. K. Lilly, Jr.</name>
</artist>
<artist title="Sundial, Boy with Spider">
	<name>Willard D. Paddock</name>
	<nationality>American</nationality>
	<birthDeath>1873-1956</birthDeath>
</artist>
<artist title="Sunlit Window">
	<name>Ritman, Louis</name>
	<nationality>American</nationality>
	<birthDeath>1889-1963</birthDeath>
</artist>
<artist title="April">
	<name>Lawson, Ernest</name>
</artist>
<artist title="Glimpse of the Harbor, Gloucester">
	<name>Prendergast, Maurice Brazil</name>
	<nationality>American</nationality>
	<birthDeath>1859-1934</birthDeath>
</artist>
<artist title="Builders">
	<name>Cecil F. Head</name>
	<nationality>American</nationality>
	<birthDeath>1906-</birthDeath>
</artist>
<artist title="New Year&#039;s Shooter">
	<name>Luks, George Benjamin</name>
	<nationality>American</nationality>
	<birthDeath>1866/67-1933</birthDeath>
</artist>
<artist title="Portrait of a Boy">
	<name>Bellows, George Wesley</name>
	<nationality>American</nationality>
	<birthDeath>1882-1925</birthDeath>
</artist>
<artist title="First Touch of Autumn">
	<name>William Merritt Chase</name>
	<nationality>American</nationality>
	<birthDeath>1849-1916</birthDeath>
</artist>
<artist title="New Mexico Calvary (Holy Week Procession)">
	<name>Higgins, Victor</name>
	<nationality>American</nationality>
	<birthDeath>1884-1949</birthDeath>
</artist>
<artist title="Portrait of Mrs. Robert Reid">
	<name>Reid, Robert</name>
	<nationality>American</nationality>
	<birthDeath>1862-1929</birthDeath>
</artist>
<artist title="Brook in Summer">
	<name>Cox, Jacob</name>
	<nationality>American</nationality>
	<birthDeath>1810-1892</birthDeath>
</artist>
<artist title="Calypso">
	<name>Hitchcock, George</name>
	<nationality>American</nationality>
	<birthDeath>1850-1913</birthDeath>
</artist>
<artist title="Portrait of Charles H. Brewer (Boy Fishing with Dog)">
	<name>Cox, Jacob</name>
	<nationality>American</nationality>
	<birthDeath>1810-1892</birthDeath>
</artist>
<artist title="Alaska">
	<name>Bierstadt, Albert</name>
	<nationality>American</nationality>
	<birthDeath>1830-1902</birthDeath>
</artist>
<artist title="His Majesty Receives">
	<name>Beard, William Holbrook</name>
	<nationality>American</nationality>
	<birthDeath>1824-1900</birthDeath>
</artist>
<artist title="Lake Shawangunk">
	<name>Whittredge, Worthington</name>
	<nationality>American</nationality>
	<birthDeath>1820-1910</birthDeath>
</artist>
<artist title="Pleasant Run">
	<name>T.C. Steele</name>
	<nationality>American</nationality>
	<birthDeath>1847-1926</birthDeath>
</artist>
<artist title="Joan of Arc">
	<name>Melchers, Gari</name>
</artist>
<artist title="Portrait of James Whitcomb Riley">
	<name>John Singer Sargent</name>
	<nationality>American</nationality>
	<birthDeath>1856-1925</birthDeath>
</artist>
<artist title="The Harbor Light">
	<name>Harrison, Birge</name>
	<nationality>American</nationality>
	<birthDeath>1854-1929</birthDeath>
</artist>
<artist title="The Pianist (Stanley Addicks)">
	<name>Eakins, Thomas</name>
	<nationality>American</nationality>
	<birthDeath>1844-1916</birthDeath>
</artist>
<artist title="An August Sunset - Prairie Dell">
	<name>Adams, John Ottis</name>
	<nationality>American</nationality>
	<birthDeath>1851-1927</birthDeath>
</artist>
<artist title="Old Market Woman">
	<name>Forsyth, William J.</name>
	<nationality>American</nationality>
	<birthDeath>1854-1935</birthDeath>
</artist>
<artist title="Landscape near Dachau">
	<name>Currier, Joseph Frank</name>
	<nationality>American</nationality>
	<birthDeath>1843-1909</birthDeath>
</artist>
<artist title="Concretion">
	<name>Morris, George Lovett Kingsland</name>
</artist>
<artist title="Frog Fountain">
	<name>Scudder, Janet</name>
	<nationality>American</nationality>
	<birthDeath>1873-1940</birthDeath>
</artist>
<artist title="Crocuses">
	<name>Forsyth, William J.</name>
	<nationality>American</nationality>
	<birthDeath>1854-1935</birthDeath>
</artist>
<artist title="Portrait of Edith Whitehill Clowes">
	<name>Pezzati, Pietro</name>
	<nationality>American</nationality>
	<birthDeath>1902-1993</birthDeath>
</artist>
<artist title="Landscape">
	<name>Hart, William M.</name>
	<nationality>American</nationality>
	<birthDeath>1823-1894</birthDeath>
</artist>
<artist title="Portrait Medallion (Louise Hartshorne Moore)">
	<name>Scudder, Janet</name>
	<nationality>American</nationality>
	<birthDeath>1873-1940</birthDeath>
</artist>
<artist title="Wyoming Desert">
	<name>Riess, Wilhelm J.</name>
	<nationality>American</nationality>
	<birthDeath>1856-1919</birthDeath>
</artist>
<artist title="Portrait of Jules Bastien-Lepage">
	<name>Saint-Gaudens, Augustus</name>
	<nationality>American</nationality>
	<birthDeath>1848-1907</birthDeath>
</artist>
<artist title="On the Balcony">
	<name>Rush, Olive</name>
	<nationality>American</nationality>
	<birthDeath>1873-1966</birthDeath>
</artist>
<artist title="Fruit Still Life">
	<name>Cox, Jacob</name>
	<nationality>American</nationality>
	<birthDeath>1810-1892</birthDeath>
</artist>
<artist title="Gramercy Park, New York">
	<name>Howell, Felicie</name>
	<birthDeath>1897-1968-1897-1968</birthDeath>
</artist>
<artist title="Ice Bound Vessels">
	<name>Mulhaupt, Frederick John</name>
</artist>
<artist title="Portrait of Evans Woolen">
	<name>David K. Rubins</name>
	<nationality>American</nationality>
	<birthDeath>1902-1985</birthDeath>
</artist>
<artist title="Portrait of Paul Peckham">
	<name>Peckham, Lewis</name>
</artist>
<artist title="Self-Portrait">
	<name>Peckham, Lewis</name>
</artist>
<artist title="Portrait of William Forsyth">
	<name>Forrest F. Stark</name>
	<nationality>American</nationality>
	<birthDeath>1903-</birthDeath>
</artist>
<artist title="Reclining Nude">
	<name>Duveneck, Frank</name>
	<nationality>American</nationality>
	<birthDeath>1848-1919</birthDeath>
</artist>
<artist title="Bust of Horace A. Shonle, Jr.">
	<name>Elmer H. Daniels</name>
	<nationality>American</nationality>
	<birthDeath>1905-1986</birthDeath>
</artist>
<artist title="Ohio River Boat">
</artist>
<artist title="Plaster Cast of Bronze Bust of Evans Woolen">
	<name>David K. Rubins</name>
	<nationality>American</nationality>
	<birthDeath>1902-1985</birthDeath>
</artist>
<artist title="Scene in Switzerland">
	<name>James F. Gookins</name>
	<nationality>American</nationality>
	<birthDeath>1840-1904</birthDeath>
</artist>
<artist title="Rocky Mountain Scene">
	<name>Wheeler, Clifton A.</name>
	<nationality>American</nationality>
	<birthDeath>1883-1953</birthDeath>
</artist>
<artist title="Portrait of a Man">
	<name>Peale, Anna Claypoole</name>
</artist>
<artist title="Toledo Spain, Afternoon Sun">
	<name>Brewster, Anna Richards</name>
	<nationality>American</nationality>
	<birthDeath>1870-1952</birthDeath>
</artist>
<artist title="Running for Anchorage">
	<name>Chase, Henry</name>
	<nationality>American</nationality>
	<birthDeath>1853-1889</birthDeath>
</artist>
<artist title="Hill and Hollow">
	<name>Lewis H. Meakin</name>
	<nationality>American</nationality>
	<birthDeath>1850-1917</birthDeath>
</artist>
<artist title="Portrait of Thomas Taggart Young">
	<name>Taggart, Lucy Martha</name>
</artist>
<artist title="Sea Gull">
	<name>Lachaise, Gaston</name>
</artist>
<artist title="Riverboat">
	<name>Donald Mattison</name>
	<nationality>American</nationality>
	<birthDeath>1905-1975</birthDeath>
</artist>
<artist title="Portrait of Caroline Marmon Fesler">
	<name>David K. Rubins</name>
	<nationality>American</nationality>
	<birthDeath>1902-1985</birthDeath>
</artist>
<artist title="Study Head (Old Man)">
	<name>Richards, Samuel G.</name>
	<nationality>American</nationality>
	<birthDeath>1853-1893</birthDeath>
</artist>
<artist title="Old Peasant Woman">
	<name>Richards, Samuel G.</name>
	<nationality>American</nationality>
	<birthDeath>1853-1893</birthDeath>
</artist>
<artist title="Study Head (Bearded Man)">
	<name>Richards, Samuel G.</name>
	<nationality>American</nationality>
	<birthDeath>1853-1893</birthDeath>
</artist>
<artist title="Chief Flat Iron, Sioux">
	<name>Sharp, Joseph Henry</name>
	<nationality>American</nationality>
	<birthDeath>1859-1953</birthDeath>
</artist>
<artist title="On The Brandywine">
	<name>Laer, Alexander Theobald van</name>
	<nationality>American</nationality>
	<birthDeath>1857-1920</birthDeath>
</artist>
<artist title="Street Scene">
	<name>Ullman, Eugene Paul</name>
	<nationality>American</nationality>
	<birthDeath>1877-1953</birthDeath>
</artist>
<artist title="Munich Girl">
	<name>T.C. Steele</name>
	<nationality>American</nationality>
	<birthDeath>1847-1926</birthDeath>
</artist>
<artist title="Scene on the Wabash (near Pipe Creek)">
	<name>Winter, George</name>
	<nationality>American</nationality>
	<birthDeath>1810-1876</birthDeath>
</artist>
<artist title="Monarch Beech">
	<name>Bundy, John Elwood</name>
	<nationality>American</nationality>
	<birthDeath>1853-1933</birthDeath>
</artist>
<artist title="Apache">
	<name>Phillips, Bert Greer</name>
	<nationality>American</nationality>
	<birthDeath>1868-1956</birthDeath>
</artist>
<artist title="Study of a Hat">
	<name>Ketcham, Susan Merrill</name>
	<nationality>American</nationality>
	<birthDeath>1841-1930</birthDeath>
</artist>
<artist title="Family Picnic">
	<name>Grabach, John R.</name>
	<nationality>American</nationality>
	<birthDeath>1886-1981</birthDeath>
</artist>
<artist title="San Gimignano">
	<name>Lucioni, Luigi</name>
	<nationality>American</nationality>
	<birthDeath>1900-</birthDeath>
</artist>
<artist title="Portrait of Edward Loftus">
	<name>Stuart, Gilbert</name>
	<nationality>American</nationality>
	<birthDeath>1755-1828</birthDeath>
</artist>
<artist title="Portrait of Booth Tarkington">
	<name>Betts, Louis</name>
	<nationality>American</nationality>
	<birthDeath>1873-1961</birthDeath>
</artist>
<artist title="In the Meadow">
	<name>Inness, George</name>
	<nationality>American</nationality>
	<birthDeath>1825-1894</birthDeath>
</artist>
<artist title="Mixed Bouquet">
	<name>Pittman, Hobson</name>
	<nationality>American</nationality>
	<birthDeath>1899-</birthDeath>
</artist>
<artist title="Portrait of William Henry Harrison">
	<name>Morse, Samuel Finley Breese</name>
	<nationality>American</nationality>
	<birthDeath>1791-1872</birthDeath>
</artist>
<artist title="December Mists">
	<name>Henry R. MacGinnis</name>
	<nationality>American</nationality>
	<birthDeath>1875-1962</birthDeath>
</artist>
<artist title="Vice-Admiral Edward Hughes">
	<name>Stuart, Gilbert</name>
	<nationality>American</nationality>
	<birthDeath>1755-1828</birthDeath>
</artist>
<artist title="Thornberry&#039;s Pasture">
	<name>Adams, John Ottis</name>
	<nationality>American</nationality>
	<birthDeath>1851-1927</birthDeath>
</artist>
<artist title="A Young Woman">
	<name>Metcalf, Willard LeRoy</name>
	<nationality>American</nationality>
	<birthDeath>1858 - 1925-1858 - 1925</birthDeath>
</artist>
<artist title="Circus Poster">
	<name>Robert Weaver</name>
	<nationality>American</nationality>
	<birthDeath>1924-1994</birthDeath>
</artist>
<artist title="Blanche Sully">
	<name>Sully, Thomas</name>
	<nationality>American</nationality>
	<birthDeath>1783-1872</birthDeath>
</artist>
<artist title="Italian Roses">
	<name>Hilliard, William Henry</name>
</artist>
<artist title="Landscape near Lafayette">
	<name>Winter, George</name>
	<nationality>American</nationality>
	<birthDeath>1810-1876</birthDeath>
</artist>
<artist title="Portrait of Joel Barlow">
	<name>Robert Fulton</name>
	<nationality>American</nationality>
	<birthDeath>1765-1815</birthDeath>
</artist>
<artist title="Late Afternoon, Dachau Moor">
	<name>T.C. Steele</name>
	<nationality>American</nationality>
	<birthDeath>1847-1926</birthDeath>
</artist>
<artist title="Portrait of Thomas Lakin">
	<name>T.C. Steele</name>
	<nationality>American</nationality>
	<birthDeath>1847-1926</birthDeath>
</artist>
<artist title="Education of Trooper Brown">
	<name>Wyeth, Newell Convers</name>
	<nationality>American</nationality>
	<birthDeath>1882-1945</birthDeath>
</artist>
<artist title="Carnival">
	<name>Donald Mattison</name>
	<nationality>American</nationality>
	<birthDeath>1905-1975</birthDeath>
</artist>
<artist title="Portrait of Martha Wysor Marsh and Son, John Edwin">
	<name>Adams, John Ottis</name>
	<nationality>American</nationality>
	<birthDeath>1851-1927</birthDeath>
</artist>
<artist title="A Summer Morning">
	<name>Stark, Otto</name>
	<nationality>American</nationality>
	<birthDeath>1859-1926</birthDeath>
</artist>
<artist title="Study for Indian in Buffalo Hunt by Indians">
	<name>Wimar, Charles Ferdinand</name>
	<nationality>American</nationality>
	<birthDeath>1828-1862</birthDeath>
</artist>
<artist title="Landscape with Farmhouse">
	<nationality>American</nationality>
	<birthDeath>1825-1894</birthDeath>
</artist>
<artist title="Hanging Moss, St. Petersburg">
	<name>Adams, John Ottis</name>
	<nationality>American</nationality>
	<birthDeath>1851-1927</birthDeath>
</artist>
<artist title="A Night in Central Park">
	<name>Rouland, Orlando</name>
	<nationality>American</nationality>
	<birthDeath>1871-1945</birthDeath>
</artist>
<artist title="Figure Study (Old Man)">
	<name>Adams, John Ottis</name>
	<nationality>American</nationality>
	<birthDeath>1851-1927</birthDeath>
</artist>
<artist title="Hot Sun">
	<name>Richardson, Constance</name>
	<nationality>American</nationality>
	<birthDeath>1905-4-Feb-02</birthDeath>
</artist>
<artist title="Saco Valley">
	<name>Inness, George</name>
	<nationality>American</nationality>
	<birthDeath>1825-1894</birthDeath>
</artist>
<artist title="Untitled">
	<name>Bierstadt, Albert</name>
	<nationality>American</nationality>
	<birthDeath>1830-1902</birthDeath>
</artist>
<artist title="Will-O-The-Wisp">
	<name>Mess, George Jo</name>
	<nationality>American</nationality>
	<birthDeath>1898-1962</birthDeath>
</artist>
<artist title="Portrait of Reverend Nathaniel A. Hyde">
	<name>T.C. Steele</name>
	<nationality>American</nationality>
	<birthDeath>1847-1926</birthDeath>
</artist>
<artist title="Young Girl with Child">
	<name>Bouguereau, Elizabeth Jane Gardner</name>
	<nationality>American</nationality>
	<birthDeath>1837-1922</birthDeath>
</artist>
<artist title="Landscape with Figures">
	<name>Glessing, Thomas B.</name>
</artist>
<artist title="In the Studio">
	<name>William Majors</name>
	<nationality>American</nationality>
	<birthDeath>1930-1982</birthDeath>
</artist>
<artist title="Reading (Lady on a Deck Chair)">
	<name>Stillson, Blanche</name>
	<nationality>American</nationality>
	<birthDeath>1890-1977</birthDeath>
</artist>
<artist title="Portrait of Delight Sweetser">
	<name>Clark, Virginia Keep</name>
	<birthDeath>1878-1962</birthDeath>
</artist>
<artist title="Landscape with Cows and Hillside">
	<name>Gruelle, Richard Buckner</name>
	<nationality>American</nationality>
	<birthDeath>1851-1914</birthDeath>
</artist>
<artist title="Gray Day in Normandy">
	<name>Aldrich, George Ames</name>
	<nationality>American</nationality>
	<birthDeath>1872-1941</birthDeath>
</artist>
<artist title="Portrait of Alexander Ernestinoff">
	<name>Wayman Adams</name>
	<nationality>American</nationality>
	<birthDeath>1883-1959</birthDeath>
</artist>
<artist title="Portrait of Anton Scherrer">
	<name>Wayman Adams</name>
	<nationality>American</nationality>
	<birthDeath>1883-1959</birthDeath>
</artist>
<artist title="Woman in White">
	<name>William Merritt Chase</name>
	<nationality>American</nationality>
	<birthDeath>1849-1916</birthDeath>
</artist>
<artist title="The Artist&#039;s Mother, Sarah Swaim Chase">
	<name>William Merritt Chase</name>
	<nationality>American</nationality>
	<birthDeath>1849-1916</birthDeath>
</artist>
<artist title="Portrait of My Father, David H. Chase">
	<name>William Merritt Chase</name>
	<nationality>American</nationality>
	<birthDeath>1849-1916</birthDeath>
</artist>
<artist title="Moses Swaim">
	<name>William Merritt Chase</name>
	<nationality>American</nationality>
	<birthDeath>1849-1916</birthDeath>
</artist>
<artist title="The Temple of Philae">
	<name>Briscoe, Franklin D.</name>
	<nationality>American</nationality>
	<birthDeath>1844-1903</birthDeath>
</artist>
<artist title="Halloween Carnival">
	<name>Mayer, Henrik Martin</name>
	<nationality>American</nationality>
	<birthDeath>1909-1972</birthDeath>
</artist>
<artist title="Sacred Waters">
	<name>Couse, Eanger Irving</name>
</artist>
<artist title="Indian Pueblos">
	<name>Fechin, Nicholai</name>
</artist>
<artist title="Crest of the Wave">
	<name>Frishmuth, Harriet Whitney</name>
	<nationality>American</nationality>
	<birthDeath>1880-1980</birthDeath>
</artist>
<artist title="Out of Work">
	<name>Ingraham, Ellen M.</name>
	<nationality>American</nationality>
	<birthDeath>1832-1917</birthDeath>
</artist>
<artist title="Jacob and His Sheep">
	<name>Heller, Helen West</name>
	<nationality>American</nationality>
	<birthDeath>1870-1955</birthDeath>
</artist>
<artist title="Jacob&#039;s Angel">
	<name>Heller, Helen West</name>
	<nationality>American</nationality>
	<birthDeath>1870-1955</birthDeath>
</artist>
<artist title="Baseball">
	<name>Heller, Helen West</name>
	<nationality>American</nationality>
	<birthDeath>1870-1955</birthDeath>
</artist>
<artist title="Borzois and I">
	<name>Heller, Helen West</name>
	<nationality>American</nationality>
	<birthDeath>1870-1955</birthDeath>
</artist>
<artist title="Untitled Landscape">
	<name>John W. Hardrick</name>
	<nationality>American</nationality>
	<birthDeath>1891-1968</birthDeath>
</artist>
<artist title="Winter Landscape">
	<name>John W. Hardrick</name>
	<nationality>American</nationality>
	<birthDeath>1891-1968</birthDeath>
</artist>
<artist title="Henry James, Sr.">
	<name>Duveneck, Frank</name>
	<nationality>American</nationality>
	<birthDeath>1848-1919</birthDeath>
</artist>
<artist title="Portrait of Squire Duveneck">
	<name>Duveneck, Frank</name>
	<nationality>American</nationality>
	<birthDeath>1848-1919</birthDeath>
</artist>
<artist title="Mirror III">
	<name>Tooker, George</name>
	<nationality>American</nationality>
	<birthDeath>1920-</birthDeath>
</artist>
<artist title="The Edge of Town">
	<name>Christian, Grant Wright</name>
</artist>
<artist title="The Painter Man">
	<name>Forsyth, William J.</name>
	<nationality>American</nationality>
	<birthDeath>1854-1935</birthDeath>
</artist>
<artist title="Portia in a Pink Blouse">
	<name>Du Bois, Guy Pène</name>
	<nationality>American</nationality>
	<birthDeath>1884-1958</birthDeath>
</artist>
<artist title="The Black Barn">
	<name>Burchfield, Charles Ephraim</name>
	<nationality>American</nationality>
	<birthDeath>1893-1967</birthDeath>
</artist>
<artist title="From Mount Kearsarge">
	<name>Wyeth, Andrew Newell</name>
	<nationality>American</nationality>
	<birthDeath>1917-</birthDeath>
</artist>
<artist title="The Family Cow">
	<name>William Merritt Chase</name>
	<nationality>American</nationality>
	<birthDeath>1849-1916</birthDeath>
</artist>
<artist title="Still Life: Brass Bowl">
	<name>William Merritt Chase</name>
	<nationality>American</nationality>
	<birthDeath>1849-1916</birthDeath>
</artist>
<artist title="Red Snapper">
	<name>William Merritt Chase</name>
	<nationality>American</nationality>
	<birthDeath>1849-1916</birthDeath>
</artist>
<artist title="Still Life - Brass Kettle and Catfish">
	<name>William Merritt Chase</name>
	<nationality>American</nationality>
	<birthDeath>1849-1916</birthDeath>
</artist>
<artist title="Two Princesses, Sophia and Amelia, Daughters of His Majesty, King George III">
</artist>
<artist title="A Lord Mayor of London">
	<nationality>British</nationality>
	<birthDeath>1735-1811</birthDeath>
</artist>
<artist title="The Art Jury">
	<name>Wayman Adams</name>
	<nationality>American</nationality>
	<birthDeath>1883-1959</birthDeath>
</artist>
<artist title="Morning--Old Schofield&#039;s Mill">
	<name>T.C. Steele</name>
	<nationality>American</nationality>
	<birthDeath>1847-1926</birthDeath>
</artist>
<artist title="First Snow of Winter">
	<name>C. C. Bohm</name>
	<nationality>American</nationality>
	<birthDeath>1894-1971</birthDeath>
</artist>
<artist title="Portrait of Madame Fisher">
	<name>Ullman, Eugene Paul</name>
	<nationality>American</nationality>
	<birthDeath>1877-1953</birthDeath>
</artist>
<artist title="Portrait of Dr. Charles G. McLean">
	<name>Cox, Jacob</name>
	<nationality>American</nationality>
	<birthDeath>1810-1892</birthDeath>
</artist>
<artist title="Waiting and Mad">
	<name>Russell, Charles Marion</name>
	<nationality>American</nationality>
	<birthDeath>1864-1926</birthDeath>
</artist>
<artist title="Francisco Martinez">
	<name>Sharp, Joseph Henry</name>
	<nationality>American</nationality>
	<birthDeath>1859-1953</birthDeath>
</artist>
<artist title="Bethlehem">
	<name>Ford, Lauren</name>
	<nationality>American</nationality>
	<birthDeath>1891-1973</birthDeath>
</artist>
<artist title="Mountain Man">
	<name>Remington, Frederic</name>
	<nationality>American</nationality>
	<birthDeath>1861-1909</birthDeath>
</artist>
<artist title="The Electric Forest">
	<name>Siqueiros, David Alfaro</name>
	<nationality>Mexican</nationality>
	<birthDeath>1896-1974</birthDeath>
</artist>
<artist title="Whitewater Rapids">
	<name>Forsyth, William J.</name>
	<nationality>American</nationality>
	<birthDeath>1854-1935</birthDeath>
</artist>
<artist title="The Constitutional Elm">
	<name>Forsyth, William J.</name>
	<nationality>American</nationality>
	<birthDeath>1854-1935</birthDeath>
</artist>
<artist title="Portrait of Sally Montgomery">
	<name>Unknown</name>
</artist>
<artist title="Portrait of Hugh Montgomery">
	<name>Unknown</name>
</artist>
<artist title="The Restless Sea">
	<name>Payne, Edgar Alwin</name>
	<nationality>American</nationality>
	<birthDeath>1883-1947</birthDeath>
</artist>
<artist title="The Visitation">
	<name>Lauck, Anthony Joseph</name>
	<nationality>American</nationality>
	<birthDeath>1908-</birthDeath>
</artist>
<artist title="In the Catskills">
	<name>Wheeler, Clifton A.</name>
	<nationality>American</nationality>
	<birthDeath>1883-1953</birthDeath>
</artist>
<artist title="The Sycamores (Broad Ripple)">
	<name>Love, John Washington</name>
	<nationality>American</nationality>
	<birthDeath>1850-1880</birthDeath>
</artist>
<artist title="Temperance Pledge">
	<name>John G. Dunn</name>
	<nationality>American</nationality>
	<birthDeath>1820-1858</birthDeath>
</artist>
<artist title="Landscape near Indianapolis">
	<name>Cox, Jacob</name>
	<nationality>American</nationality>
	<birthDeath>1810-1892</birthDeath>
</artist>
<artist title="Young German Girl (Gretchen?)">
	<name>Richards, Samuel G.</name>
	<nationality>American</nationality>
	<birthDeath>1853-1893</birthDeath>
</artist>
<artist title="Old Johnnie&#039;s Wife">
	<name>Robert Henri</name>
	<nationality>American</nationality>
	<birthDeath>1865-1929</birthDeath>
</artist>
<artist title="Portrait of the Artist&#039;s Wife">
	<name>James F. Gookins</name>
	<nationality>American</nationality>
	<birthDeath>1840-1904</birthDeath>
</artist>
<artist title="Portrait of Dr. Lewis D. Lyons">
	<name>Hays, Barton Stone</name>
	<nationality>American</nationality>
	<birthDeath>1826-1914</birthDeath>
</artist>
<artist title="Oaks at Vernon">
	<name>T.C. Steele</name>
	<nationality>American</nationality>
	<birthDeath>1847-1926</birthDeath>
</artist>
<artist title="In the Parlor">
</artist>
<artist title="Road in Early Spring">
	<name>Burchfield, Charles Ephraim</name>
	<nationality>American</nationality>
	<birthDeath>1893-1967</birthDeath>
</artist>
<artist title="Politics in an Oyster House">
</artist>
<artist title="Bust of President Benjamin Harrison">
	<name>Weinman, Adolph Alexander</name>
	<nationality>American</nationality>
	<birthDeath>1870-1952</birthDeath>
</artist>
<artist title="The Bacidae">
	<name>Dodson, Sarah Paxton Ball</name>
	<nationality>American</nationality>
	<birthDeath>1847-1906</birthDeath>
</artist>
<artist title="The Jade Bowl">
	<name>Carlsen, Dines</name>
	<nationality>American</nationality>
	<birthDeath>1901-1966</birthDeath>
</artist>
<artist title="Portrait of Helen Miller (Mrs. Charles G. McLean)">
	<name>Peale, Rembrandt</name>
	<nationality>American</nationality>
	<birthDeath>1778-1860</birthDeath>
</artist>
<artist title="Indian Hunter with Dog">
	<name>Manship, Paul</name>
	<nationality>American</nationality>
	<birthDeath>1885-1966</birthDeath>
</artist>
<artist title="Liberty Loan Parade">
	<name>Goodwin, Arthur Clifton</name>
	<nationality>American</nationality>
	<birthDeath>1864-1929</birthDeath>
</artist>
<artist title="Untitled">
	<name>Calder, Alexander</name>
	<nationality>American</nationality>
	<birthDeath>1898-1976</birthDeath>
</artist>
<artist title="Portrait of a Young Woman">
	<name>Bell, Edward August</name>
	<nationality>American</nationality>
	<birthDeath>1862-1953</birthDeath>
</artist>
<artist title="The Moose Hunter">
	<name>Codman, Charles</name>
</artist>
<artist title="A Break: Playing Cards">
	<name>Scott, Julian</name>
	<nationality>American</nationality>
	<birthDeath>1846-1901-1846-1901</birthDeath>
</artist>
<artist title="Portrait of a Young Woman">
	<name>Stuart, Gilbert</name>
	<nationality>American</nationality>
	<birthDeath>1755-1828</birthDeath>
</artist>
<artist title="Venus Anadyomene">
	<name>Manship, Paul</name>
	<nationality>American</nationality>
	<birthDeath>1885-1966</birthDeath>
</artist>
<artist title="An Anxious Mother">
	<name>Percival De Luce</name>
	<nationality>American</nationality>
	<birthDeath>1847-1914</birthDeath>
</artist>
<artist title="Untitled (The Birth)">
	<name>Lawrence, Jacob</name>
	<nationality>American</nationality>
	<birthDeath>1917-2000</birthDeath>
</artist>
<artist title="Afternoon Tea">
	<name>Miller, Richard Emile</name>
	<nationality>American</nationality>
	<birthDeath>1875-1943</birthDeath>
</artist>
<artist title="Rooftops, New York City">
	<name>Edward F. Fisk</name>
	<nationality>American</nationality>
	<birthDeath>1886-1944</birthDeath>
</artist>
<artist title="The Statuette">
	<name>Bell, Edward August</name>
	<nationality>American</nationality>
	<birthDeath>1862-1953</birthDeath>
</artist>
<artist title="Blue Monday">
	<name>Floyd D. Hopper</name>
	<nationality>American</nationality>
	<birthDeath>1909-1984</birthDeath>
</artist>
<artist title="The Park, Salem">
	<name>Prendergast, Maurice Brazil</name>
	<nationality>American</nationality>
	<birthDeath>1859-1934</birthDeath>
</artist>
<artist title="Praying Angel">
	<name>Robert W. Davidson</name>
	<nationality>American</nationality>
	<birthDeath>May 13, 1904-July 1982</birthDeath>
</artist>
<artist title="Thames Nocturne">
	<name>Whistler, James Abbott McNeill</name>
	<nationality>American</nationality>
	<birthDeath>1834-1903</birthDeath>
</artist>
<artist title="EAST COAST U.S.A.">
</artist>
<artist title="Sketch, Hyannisport">
	<name>Hawthorne, Charles Webster</name>
	<nationality>American</nationality>
	<birthDeath>1872-1930</birthDeath>
</artist>
<artist title="Eleanor">
	<name>Taggart, Lucy Martha</name>
</artist>
<artist title="Young Girls">
	<name>Cassatt, Mary</name>
	<nationality>American</nationality>
	<birthDeath>1845-1926</birthDeath>
</artist>
<artist title="Hauptmann Must Die">
	<name>Marsh, Reginald</name>
	<nationality>American</nationality>
	<birthDeath>1898-1954</birthDeath>
</artist>
<artist title="Indian Girl with Parrot and Hoop">
	<name>Higgins, Victor</name>
	<nationality>American</nationality>
	<birthDeath>1884-1949</birthDeath>
</artist>
<artist title="Hotel Lobby">
	<name>Hopper, Edward</name>
	<nationality>American</nationality>
	<birthDeath>1882-1967</birthDeath>
</artist>
<artist title="Farm Near Gordes #3">
	<name>Paul Resika</name>
	<nationality>American</nationality>
	<birthDeath>1928-</birthDeath>
</artist>
<artist title="Portrait of Marie Jane Andrew">
	<name>Joseph R. Mason</name>
	<nationality>American</nationality>
	<birthDeath>1808-1842</birthDeath>
</artist>
<artist title="Portrait Medallion">
	<name>Scudder, Janet</name>
	<nationality>American</nationality>
	<birthDeath>1873-1940</birthDeath>
</artist>
<artist title="A Winter Morning">
	<name>Frank T. Hutchens</name>
	<nationality>American</nationality>
	<birthDeath>1869-1937</birthDeath>
</artist>
<artist title="Barnes Cabin on Owl Creek, Brown County">
	<name>Vawter, John William</name>
	<nationality>American</nationality>
	<birthDeath>1871-1914</birthDeath>
</artist>
<artist title="Diana">
	<name>Edward F. McCartan</name>
	<nationality>American</nationality>
	<birthDeath>1879-1947</birthDeath>
</artist>
<artist title="Zinnias and Leaves">
	<name>Loop, Leota Williams</name>
	<nationality>American</nationality>
	<birthDeath>1893-1961</birthDeath>
</artist>
<artist title="Fisherman&#039;s Lore">
	<name>Mess, George Jo</name>
	<nationality>American</nationality>
	<birthDeath>1898-1962</birthDeath>
</artist>
<artist title="The Young Mother">
	<name>Vonnoh, Bessie Potter</name>
</artist>
<artist title="Cyclop Man">
</artist>
<artist title="Young Brittany Girl">
	<name>Pearce, Charles Sprague</name>
	<nationality>American</nationality>
	<birthDeath>1851-1914</birthDeath>
</artist>
<artist title="Weathervane: Goddess of Liberty">
	<name>Henry Leach</name>
	<nationality>American</nationality>
	<birthDeath>1809-1885</birthDeath>
</artist>
<artist title="Untitled (Portrait of Two Women)">
	<name>Taggart, Lucy Martha</name>
</artist>
<artist title="Portrait of Mary Ethell Gertrude Walker">
	<name>Adams, John Ottis</name>
	<nationality>American</nationality>
	<birthDeath>1851-1927</birthDeath>
</artist>
<artist title="Women Dressing">
	<name>Paxton, William McGregor</name>
	<nationality>American</nationality>
	<birthDeath>1869-1941</birthDeath>
</artist>
<artist title="Reclining Nude">
	<name>David K. Rubins</name>
	<nationality>American</nationality>
	<birthDeath>1902-1985</birthDeath>
</artist>
<artist title="Seascape">
	<name>Whistler, James Abbott McNeill</name>
	<nationality>American</nationality>
	<birthDeath>1834-1903</birthDeath>
</artist>
<artist title="Seascape">
	<name>Whistler, James Abbott McNeill</name>
	<nationality>American</nationality>
	<birthDeath>1834-1903</birthDeath>
</artist>
<artist title="The Elopement">
	<name>Emery D. Horsky</name>
	<nationality>American</nationality>
	<birthDeath>1885-1964</birthDeath>
</artist>
<artist title="Portrait Medallion (Mildred Barnes)">
	<name>Scudder, Janet</name>
	<nationality>American</nationality>
	<birthDeath>1873-1940</birthDeath>
</artist>
<artist title="Portrait Medallion (Alice Jones)">
	<name>Scudder, Janet</name>
	<nationality>American</nationality>
	<birthDeath>1873-1940</birthDeath>
</artist>
<artist title="Medal: Admission of Indiana to the Union">
	<name>Scudder, Janet</name>
	<nationality>American</nationality>
	<birthDeath>1873-1940</birthDeath>
</artist>
<artist title="Marine">
	<name>Duveneck, Frank</name>
	<nationality>American</nationality>
	<birthDeath>1848-1919</birthDeath>
</artist>
<artist title="General Lew Wallace">
	<name>Thomas, Stephen Seymour</name>
	<nationality>American</nationality>
	<birthDeath>1868-1956</birthDeath>
</artist>
<artist title="Head of a Boy">
	<name>Love, John Washington</name>
	<nationality>American</nationality>
	<birthDeath>1850-1880</birthDeath>
</artist>
<artist title="Vista Terreno, Palm de Malloria">
	<name>Potter, William J.</name>
	<nationality>American</nationality>
	<birthDeath>1883-1964</birthDeath>
</artist>
<artist title="Portrait of Ella Marvin">
	<name>Chapin, James Ormsbee</name>
	<nationality>American</nationality>
	<birthDeath>1887-1975</birthDeath>
</artist>
<artist title="Landscape: The River">
	<name>Metcalf, Willard LeRoy</name>
	<nationality>American</nationality>
	<birthDeath>1858 - 1925-1858 - 1925</birthDeath>
</artist>
<artist title="Farmyard Scene">
	<name>Cox, Jacob</name>
	<nationality>American</nationality>
	<birthDeath>1810-1892</birthDeath>
</artist>
<artist title="Portrait of Amelia Studley">
	<name>Easton, Joseph</name>
	<nationality>American</nationality>
	<birthDeath>1829-1875</birthDeath>
</artist>
<artist title="San Barnaba">
	<name>Bosa, Louis</name>
	<nationality>American</nationality>
	<birthDeath>1905-</birthDeath>
</artist>
<artist title="Children&#039;s Heads">
	<name>Cassatt, Mary</name>
	<nationality>American</nationality>
	<birthDeath>1845-1926</birthDeath>
</artist>
<artist title="Harp of Mystery">
	<name>Shulz, Adolph Robert</name>
	<nationality>american</nationality>
	<birthDeath>1869-1963</birthDeath>
</artist>
<artist title="Mrs. Nathaniel Wales">
</artist>
<artist title="Daybreak">
	<name>Romano, Emanuel Glicen</name>
	<nationality>American</nationality>
	<birthDeath>1897-1984</birthDeath>
</artist>
<artist title="Marie and Baby">
	<name>Robert Henri</name>
	<nationality>American</nationality>
	<birthDeath>1865-1929</birthDeath>
</artist>
<artist title="The Beach Scituate, Massachusetts">
	<name>Meteyard, Thomas Buford</name>
	<nationality>American</nationality>
	<birthDeath>1865-1928</birthDeath>
</artist>
<artist title="Summer Landscape Falls Village, Connecticut">
	<name>Carlsen, Dines</name>
	<nationality>American</nationality>
	<birthDeath>1901-1966</birthDeath>
</artist>
<artist title="Buildings in Winter">
	<name>Cecil F. Head</name>
	<nationality>American</nationality>
	<birthDeath>1906-</birthDeath>
</artist>
<artist title="Unfinished Landscape (American Lake Scene at Sunset)">
	<name>Cole, Thomas</name>
	<nationality>American</nationality>
	<birthDeath>1801-1848</birthDeath>
</artist>
<artist title="Landscape">
	<name>Wyant, Alexander Helwig</name>
	<nationality>American</nationality>
	<birthDeath>1836-1892</birthDeath>
</artist>
<artist title="Strawberries">
	<name>Hays, Barton Stone</name>
	<nationality>American</nationality>
	<birthDeath>1826-1914</birthDeath>
</artist>
<artist title="Portrait of Eusebia Sewell">
	<name>Hays, Barton Stone</name>
	<nationality>American</nationality>
	<birthDeath>1826-1914</birthDeath>
</artist>
<artist title="Portrait of William Sewell">
	<name>Hays, Barton Stone</name>
	<nationality>American</nationality>
	<birthDeath>1826-1914</birthDeath>
</artist>
<artist title="Fairy Marauders">
	<name>James F. Gookins</name>
	<nationality>American</nationality>
	<birthDeath>1840-1904</birthDeath>
</artist>
<artist title="Across Silvery Waters">
	<name>Dudley, Frank V.</name>
	<nationality>American</nationality>
	<birthDeath>1868-1957</birthDeath>
</artist>
<artist title="Hopi Courtship">
	<name>Leigh, William Robinson</name>
</artist>
<artist title="Dionysus">
	<name>Manship, Paul</name>
	<nationality>American</nationality>
	<birthDeath>1885-1966</birthDeath>
</artist>
<artist title="Snow Leopard">
	<name>Hoffman, Malvina</name>
	<nationality>American</nationality>
	<birthDeath>1887-1966</birthDeath>
</artist>
<artist title="Promenade">
	<name>Archipenko, Alexander</name>
	<nationality>American</nationality>
	<birthDeath>1887-1964</birthDeath>
</artist>
<artist title="On the Pennypack">
	<name>Smith, Russell</name>
</artist>
<artist title="Village of Schliersee, Highlands">
	<name>T.C. Steele</name>
	<nationality>American</nationality>
	<birthDeath>1847-1926</birthDeath>
</artist>
<artist title="On the Edge of the Wood at Twilight">
	<name>Bundy, John Elwood</name>
	<nationality>American</nationality>
	<birthDeath>1853-1933</birthDeath>
</artist>
<artist title="The Red Maple">
	<name>Ball, L. Clarence</name>
	<nationality>American</nationality>
	<birthDeath>1858-1915</birthDeath>
</artist>
<artist title="Cows">
	<name>Forsyth, William J.</name>
	<nationality>American</nationality>
	<birthDeath>1854-1935</birthDeath>
</artist>
<artist title="Promenade">
	<name>Du Bois, Guy Pène</name>
	<nationality>American</nationality>
	<birthDeath>1884-1958</birthDeath>
</artist>
<artist title="Nude Reaching">
	<name>Bishop, Isabel</name>
	<nationality>American</nationality>
	<birthDeath>1902-1988</birthDeath>
</artist>
<artist title="The Big Brass Bowl">
	<name>William Merritt Chase</name>
	<nationality>American</nationality>
	<birthDeath>1849-1916</birthDeath>
</artist>
<artist title="Portrait of Catherine (Eddy) Beveridge - Lady Primrose Portrait">
	<name>Beaux, Cecilia</name>
	<nationality>American</nationality>
	<birthDeath>1855-1942</birthDeath>
</artist>
<artist title="The Old Mills on the Somme">
	<name>Schofield, Walter Elmer</name>
	<nationality>American</nationality>
	<birthDeath>1867-1944</birthDeath>
</artist>
<artist title="Seascape">
	<name>C. C. Bohm</name>
	<nationality>American</nationality>
	<birthDeath>1894-1971</birthDeath>
</artist>
<artist title="The Visitor">
	<name>Wagenhals, Katherine H.</name>
	<nationality>American</nationality>
	<birthDeath>August 2, 1883-March 15, 1966</birthDeath>
</artist>
<artist title="Portrait of David Cox">
	<nationality>American</nationality>
	<birthDeath>1778-1860</birthDeath>
</artist>
<artist title="Golf Course Scene">
	<name>Ruthven Byrum</name>
	<nationality>American</nationality>
</artist>
<artist title="Passing Shower">
	<name>Louise D. Hibben</name>
	<nationality>American</nationality>
	<birthDeath>1895-1974</birthDeath>
</artist>
<artist title="The Whistling Boy">
	<name>Currier, Joseph Frank</name>
	<nationality>American</nationality>
	<birthDeath>1843-1909-1843-1909</birthDeath>
</artist>
<artist title="Head of Margot">
	<name>Cassatt, Mary</name>
	<nationality>American</nationality>
	<birthDeath>1845-1926</birthDeath>
</artist>
<artist title="Provincetown Fisherman">
	<name>Hawthorne, Charles Webster</name>
	<nationality>American</nationality>
	<birthDeath>1872-1930</birthDeath>
</artist>
<artist title="Bacchanal (The Four Seasons)">
	<name>Savage, Eugene Francis</name>
	<nationality>American</nationality>
	<birthDeath>1883-1966</birthDeath>
</artist>
<artist title="Glow of Gold, Gleam of Pearl">
	<name>Paxton, William McGregor</name>
	<nationality>American</nationality>
	<birthDeath>1869-1941</birthDeath>
</artist>
<artist title="Portrait of Charles Ballard as a Boy">
	<name>Olinsky, Ivan Gregorovitch</name>
	<nationality>American</nationality>
	<birthDeath>1878-1962</birthDeath>
</artist>
<artist title="Still Life">
	<name>Carlsen, Emil</name>
	<nationality>American</nationality>
</artist>
<artist title="Winged Form">
	<name>Stevens, Will Henry</name>
</artist>
<artist title="Portrait of John Washington Love">
	<name>Bates, Dewey</name>
	<nationality>American</nationality>
	<birthDeath>1851-1899</birthDeath>
</artist>

