<collections name="Hammer" url="http://hammer.ucla.edu/collections" >
	<collection name="Armand Hammer Collection">
		<item>
			<artist>Paul Cézanne</artist>
			<title>Boy Resting</title>
			<year>c. 1887</year>
			<description>The Armand Hammer Collection. Gift of the Armand Hammer Foundation. </description>
			<image>http://hammer.ucla.edu/image/935/600/450.JPG</image>
		</item>
		<item>
			<artist>Gustave Moreau</artist>
			<title>Salome Dancing Before Herod</title>
			<year>1876</year>
			<description>Oil on canvas. The Armand Hammer Collection. Gift of the Armand Hammer Foundation.</description>
			<image>http://hammer.ucla.edu/image/939/600/450.JPG</image>
		</item>
		<item>
			<artist>Camille Pissarro</artist>
			<title>The Boulevard Montmartre, Mardi Gras</title>
			<year>1897</year>
			<description>Oil on canvas. The Armand Hammer Collection. Gift of the Armand Hammer Foundation.</description>
			<image>http://hammer.ucla.edu/image/940/600/450.JPG</image>
		</item>
		<item>
			<artist>Rembrandt van Rijn</artist>
			<title>Juno</title>
			<year>c. 1662-1665</year>
			<description>Oil on canvas. The Armand Hammer Collection. Gift of the Armand Hammer Foundation.</description>
			<image>http://hammer.ucla.edu/image/955/600/450.JPG</image>
		</item>
		<item>
			<artist>Paul Gauguin</artist>
			<title>Bonjour Monsieur Gauguin</title>
			<year>1889</year>
			<description>Oil on canvas on panel. The Armand Hammer Collection. Gift of the Armand Hammer Foundation.</description>
			<image>http://hammer.ucla.edu/image/938/600/450.JPG</image>
		</item>
		<item>
			<artist>John Singer Sargent</artist>
			<title>Dr. Pozzi at Home</title>
			<year>1881</year>
			<description>Oil on canvas. The Armand Hammer Collection. Gift of the Armand Hammer Foundation.</description>
			<image>http://hammer.ucla.edu/image/943/600/450.JPG</image>
		</item>
		<item>
			<artist>Vincent van Gogh</artist>
			<title>Hospital at Saint-Remy</title>
			<year>1889</year>
			<description>Oil on canvas. The Armand Hammer Collection. Gift of the Armand Hammer Foundation.</description>
			<image>http://hammer.ucla.edu/image/951/600/450.JPG</image>
		</item>
		<item>
			<artist>Henri Fantin-Latour</artist>
			<title>Portrait of Miss Edith Crowe</title>
			<year>1874</year>
			<description>Oil on canvas. The Armand Hammer Collection. Gift of the Armand Hammer Foundation.</description>
			<image>http://hammer.ucla.edu/image/936/600/450.JPG</image>
		</item>
		<item>
			<artist>Henri de Toulouse-Lautrec</artist>
			<title>Touc, Seated on a Table</title>
			<year>c. 1879-1881</year>
			<description>Oil on panel. The Armand Hammer Collection. Gift of the Armand Hammer Foundation.</description>
			<image>http://hammer.ucla.edu/image/950/600/450.JPG</image>
		</item>
	</collection>
	<collection name="Hammer Contemporary Collection">
		<item>
			<artist>John Baldessari</artist>
			<title>Person with Guitar (Red)</title>
			<year>2005</year>
			<description>Five-color screen print construction. Hammer Museum, Los Angeles. Purchased with funds provided by Brenda Potter and Michael Sandler.</description>
			<image>http://hammer.ucla.edu/image/560/600/450.JPG</image>
		</item>
		<item>
			<artist>Nathan Mabry</artist>
			<title>Mosaic Mask (XXX)</title>
			<year>2007</year>
			<description>Colored pencil and Swarovski crystal on mylar. Hammer Museum, Los Angeles. Gift of Campari, USA.</description>
			<image>http://hammer.ucla.edu/image/2143/600/450.JPG</image>
		</item>
		<item>
			<artist>Michaël Borremans</artist>
			<title>The Skirt</title>
			<year>2005</year>
			<description>Oil on cardboard. Hammer Museum, Los Angeles. Purchased with funds provided by the Buddy Taub Foundation, Dennis Roach, Director.</description>
			<image>http://hammer.ucla.edu/image/959/450/450.JPG</image>
		</item>
		<item>
			<artist>Llyn Foulkes</artist>
			<title>The Crucifixion</title>
			<year>1985</year>
			<description>Mixed media. 29 x 21 in. (73.7 x 53.3 cm). Hammer Museum, Los Angeles. Purchased with funds provided in part by Jean Stein. Photo by Robert Wedemeyer. Courtesy of the artist and Kent Gallery, New York.</description>
			<image>http://hammer.ucla.edu/image/2132/600/450.JPG</image>
		</item>
		<item>
			<artist>Christopher Williams</artist>
			<title>Supplement '96, Conversation with a Flight Attendant</title>
			<year>1996</year>
			<description>Video. Gift of Soo Jin Jeong-Painter and Patrick Painter.</description>
			<image>http://hammer.ucla.edu/image/960/450/450.JPG</image>
		</item>
		<item>
			<artist>Nic Hess</artist>
			<title>Spindle Implosion (Automatic Crash Response)</title>
			<year>2009</year>
			<description>Tape. 6 1/2 x 20 1/2 x 7 in. (16.5 x 52.1 x 17.8 cm). Hammer Museum, Los Angeles. Purchase.</description>
			<image>http://hammer.ucla.edu/image/4281/600/450.JPG</image>
		</item>
		<item>
			<artist>Hirsch Perlman</artist>
			<title>Operation Idiocracy, Roll 3, Frames 3/4</title>
			<year>2007</year>
			<description>Chromogenic print. 56 x 63 in. (142.24 x 160 cm) framed. Hammer Museum, Los Angeles. Purchase.</description>
			<image>http://hammer.ucla.edu/image/2133/600/450.JPG</image>
		</item>
		<item>
			<artist>Liz Craft</artist>
			<title>Hairy Guy (with flower basket)</title>
			<year>2005</year>
			<description>Bronze and oil paint. 41 x 44 x 30 in. (104.1 x 111.8 x 76.2 cm) Hammer Museum, Los Angeles. Gift of David and Tia Hoberman.</description>
			<image>http://hammer.ucla.edu/image/2151/600/450.JPG</image>
		</item>
		<item>
			<artist>Richard Hawkins</artist>
			<title>disembodied zombie george green</title>
			<year>1997</year>
			<description>Inkjet print. 47 x 36 in. (119.4 x 91.4 cm) Hammer Museum, Los Angeles. Purchase.</description>
			<image>http://hammer.ucla.edu/image/2147/600/450.JPG</image>
		</item>
		<item>
			<artist>Andrea Bowers</artist>
			<title>Nonviolent Civil Disobedience Drawing (Elvira Arellano in Sanctuary at Adalberto United Methodist Church in Chicago as Protest Against Deportation)</title>
			<year>2007</year>
			<description>Colored pencil on paper. 30 x 22 1/4 in. (76.2 x 56.6 cm) Hammer Museum, Los Angeles. Purchase.</description>
			<image>http://hammer.ucla.edu/image/2141/600/450.JPG</image>
		</item>
		<item>
			<artist>Dinh Q. Le</artist>
			<title>Untitled (Red)</title>
			<year>2007</year>
			<description>C-print and linen tape. Hammer Museum, Los Angeles. Purchased with funds provided by Larry and Susan Marx.</description>
			<image>http://hammer.ucla.edu/image/2138/600/450.JPG</image>
		</item>
		<item>
			<artist>Whitney Bedford</artist>
			<title>Houdini (Upside Down)</title>
			<year>2007</year>
			<description>Ink and oil on unprimed paper. Hammer Museum, Los Angeles. Purchased with funds provided by Larry and Susan Marx.</description>
			<image>http://hammer.ucla.edu/image/2136/450/450.JPG</image>
		</item>
		<item>
			<artist>Cameron Jamie</artist>
			<title>Purgation</title>
			<year>2003</year>
			<description>12 3/4 x 10 in. (32.4 x 25.4 cm) Hammer Museum, Los Angeles. Purchased with funds provided by the Buddy Taub Foundation, Dennis Roach, Director.</description>
			<image>http://hammer.ucla.edu/image/2145/600/450.JPG</image>
		</item>
		<item>
			<artist>Shahzia Sikander</artist>
			<title>Pathology of Suspension #4</title>
			<year>2005</year>
			<description>Ink and gouache on prepared paper. Hammer Museum, Los Angeles. Gift of Rosette V. Delug.</description>
			<image>http://hammer.ucla.edu/image/2149/450/450.JPG</image>
		</item>
	</collection>
	<collection name="Hammer Daumier Collection">
		<item>
			<artist>Honoré Daumier</artist>
			<title>Le passe. Le present. L’avenir.</title>
			<year> January 9, 1834</year>
			<description>Lithograph. The Armand Hammer Daumier and Contemporaries Collection. Gift of the Armand Hammer Foundation. </description>
			<image>http://hammer.ucla.edu/image/998/600/450.JPG</image>
		</item>
		<item>
			<artist>Honoré Daumier</artist>
			<title>Un Avocat Plaidant (The Pleading Lawyer)</title>
			<year>c. 1845</year>
			<description>Watercolor, ink, gouache,  and charcoal. The Armand Hammer Daumier and Contemporaries Collection. Gift of the Armand Hammer Foundation. </description>
			<image>http://hammer.ucla.edu/image/981/600/450.JPG</image>
		</item>
		<item>
			<artist>Honoré Daumier</artist>
			<title>Les Avocats (The Lawyers) </title>
			<year>c. 1860</year>
			<description>Oil on canvas. The Armand Hammer Daumier and Contemporaries Collection. Gift of the Armand Hammer Foundation. </description>
			<image>http://hammer.ucla.edu/image/983/600/450.JPG</image>
		</item>
		<item>
			<artist>Honoré Daumier</artist>
			<title>Don Quixote et Sancho Panza (Don Quixote and Sancho Panza)</title>
			<year>1866-1868</year>
			<description>Oil on canvas. The Armand Hammer Daumier and Contemporaries Collection. Gift of the Armand Hammer Foundation. </description>
			<image>http://hammer.ucla.edu/image/982/600/450.JPG</image>
		</item>
		<item>
			<artist>Honoré Daumier</artist>
			<title>-Dites donc, papa Drouillet, avec c'te envergure lå, vous devez pas nager comme un Dauphin. -Oui mais vous, vous étes joliment taillé pour faire la planche. -Well say then, papa Drouillet, with that breadth, you shouldn't swim like a Dolphin. -Yes, but you, you are beautifully sized to be the gangblank.</title>
			<year>September 22, 1840</year>
			<description>Lithograph. Sheet: 10 1/4 x 13 1/2 in. (26 x 34.3 cm). The Armand Hammer Daumier and Contemporaries Collection, Gift of Dr. Armand Hammer. Hammer Museum, Los Angeles.</description>
			<image>http://hammer.ucla.edu/image/5899/600/450.JPG</image>
		</item>
		<item>
			<artist>Honoré Daumier</artist>
			<title>M.M. Victor Hugo et Emile Giradin cherchent á élever le prince Louis sur un Pavois, ça n’est pas très solide! (Misters Victor Hugo and Emile Girardin trying to raise Prince Louis, it isn’t very solid!)</title>
			<year>December 11, 1848</year>
			<description>Lithograph. The Armand Hammer Daumier and Contemporaries Collection. Gift of the Armand Hammer Foundation. </description>
			<image>http://hammer.ucla.edu/image/984/600/450.JPG</image>
		</item>
		<item>
			<artist>Honoré Daumier</artist>
			<title>Ratapoil</title>
			<year>c. 1925</year>
			<description>Bronze. The Armand Hammer Daumier and Contemporaries Collection. Gift of Dr. Armand Hammer. </description>
			<image>http://hammer.ucla.edu/image/985/600/450.JPG</image>
		</item>
		<item>
			<artist>Honoré Daumier</artist>
			<title>Masques de 1831</title>
			<year>March 8, 1832</year>
			<description>Lithograph. The Armand Hammer Daumier and Contemporaries Collection. Gift of the Armand Hammer Foundation.  </description>
			<image>http://hammer.ucla.edu/image/986/600/450.JPG</image>
		</item>
		<item>
			<artist>Honoré Daumier</artist>
			<title>NE VOUS Y FROTTEZ PAS!! </title>
			<year>1834</year>
			<description>Lithograph. The Armand Hammer Daumier and Contemporaries Collection. Gift of the Armand Hammer Foundation. </description>
			<image>http://hammer.ucla.edu/image/987/600/450.JPG</image>
		</item>
		<item>
			<artist>Honoré Daumier</artist>
			<title>Deux Acteurs (Scène de Comédie) [Two Actors {Comedy Scene}]</title>
			<year>1870-1873</year>
			<description>Oil on panel. The Armand Hammer Daumier and Contemporaries Collection. Gift of the Armand Hammer Foundation. </description>
			<image>http://hammer.ucla.edu/image/989/600/450.JPG</image>
		</item>
		<item>
			<artist>Honoré Daumier</artist>
			<title>Un Héros de Juillet, Mai 1831(A hero of July, May 1831)</title>
			<year>c. 1831</year>
			<description>Lithograph with hand coloring. The Armand Hammer Daumier and Contemporaries Collection. Gift of Dr. Armand Hammer.</description>
			<image>http://hammer.ucla.edu/image/990/600/450.JPG</image>
		</item>
		<item>
			<artist>Honoré Daumier</artist>
			<title>Magot de la Chine</title>
			<year>August 18, 1834</year>
			<description>Lithograph. The Armand Hammer Daumier and Contemporaries Collection. Gift of Dr. Armand Hammer. </description>
			<image>http://hammer.ucla.edu/image/991/600/450.JPG</image>
		</item>
		<item>
			<artist>Honoré Daumier</artist>
			<title>Le Ventre Législatif. Aspect des bancs ministériels de la chambre improstituée de 1834 (The Legislative Belly. View of the ministerial benches in the improstituted house of 1834.)</title>
			<year>c. January 1834</year>
			<description>Lithograph. The Armand Hammer Daumier and Contemporaries Collection. Gift of Dr. Armand Hammer.  </description>
			<image>http://hammer.ucla.edu/image/992/600/450.JPG</image>
		</item>
		<item>
			<artist>Honoré Daumier</artist>
			<title>L’amateur d’huitres. (The lover of Oysters)</title>
			<year>December 7, 1836</year>
			<description>Lithograph. The Armand Hammer Daumier and Contemporaries Collection. Gift of Dr. Armand Hammer.</description>
			<image>http://hammer.ucla.edu/image/993/600/450.JPG</image>
		</item>
		<item>
			<artist>Honoré Daumier</artist>
			<title>Inconvénient des jupons á ressort en acier, quand ce ressort vient á se casser (The trouble of steel-reinforced petticoats when the spring breaks)</title>
			<year>August 18, 1857</year>
			<description>Lithograph. The Armand Hammer Daumier and Contemporaries Collection. Gift of Dr. Armand Hammer. </description>
			<image>http://hammer.ucla.edu/image/994/600/450.JPG</image>
		</item>
		<item>
			<artist>Honoré Daumier</artist>
			<title>NADAR élevant la Photographie á la hauteur de l’Art. (NADAR elevating photography to the level of Art.)</title>
			<year>May 25, 1862</year>
			<description>Lithograph. The Armand Hammer Daumier and Contemporaries Collection. Gift of Dr. Armand Hammer.</description>
			<image>http://hammer.ucla.edu/image/995/600/450.JPG</image>
		</item>
		<item>
			<artist>Honoré Daumier</artist>
			<title>LES BLANCHISSEURS Le bleu s’en va mais ce diable de rouge tient comme du sang (THE LAUNDERERS The blue is washing out, but this red stains like blood).</title>
			<year>c. 1832</year>
			<description>Lithograph with hand coloring. The Armand Hammer Daumier and Contemporaries Collection. Gift of the Armand Hammer Foundation. </description>
			<image>http://hammer.ucla.edu/image/997/600/450.JPG</image>
		</item>
		<item>
			<artist>Honoré Daumier</artist>
			<title>RUE TRANSNONAIN, LE 15 AVRIL 1834</title>
			<year>1834</year>
			<description>Lithograph. The Armand Hammer Daumier and Contemporaries Collection. Gift of the Armand Hammer Foundation. </description>
			<image>http://hammer.ucla.edu/image/999/600/450.JPG</image>
		</item>
		<item>
			<artist>Nadar</artist>
			<title>Honoré Daumier</title>
			<year>c. 1870s</year>
			<description>Photographic Print. The Armand Hammer Daumier and Contemporaries Collection. Gift of Dr. Armand Hammer.     </description>
			<image>http://hammer.ucla.edu/image/988/600/450.JPG</image>
		</item>
	</collection>
	<collection name="Grunwald Center Collection">
		<item>
			<artist>Katsushika Hokusai</artist>
			<title>Kanagawa oki namiura (Fuji behind the waves off Kanagawa [The Great Wave])</title>
			<year>1831-1833</year>
			<description>Full-color woodcut (nishiki-e). Collection UCLA Grunwald Center for the Graphic Arts. Purchased from the Frank Lloyd Wright Collection. </description>
			<image>http://hammer.ucla.edu/image/971/600/450.JPG</image>
		</item>
		<item>
			<artist>Giorgio Ghisi</artist>
			<title>Allegory of Life</title>
			<year>1561</year>
			<description>Engraving. Collection UCLA Grunwald Center for the Graphic Arts. Purchase.</description>
			<image>http://hammer.ucla.edu/image/966/600/450.JPG</image>
		</item>
		<item>
			<artist>Albrecht Dürer</artist>
			<title>St. Michael Fighting the Dragon</title>
			<year>1511</year>
			<description>Woodcut. Collection UCLA Grunwald Center for the Graphic Arts. Purchased with funds provided by The Wolfen Family Acquisition Fund, Charlene and Sanford Kornblum, and Various Donors.</description>
			<image>http://hammer.ucla.edu/image/972/600/450.JPG</image>
		</item>
		<item>
			<artist>Ernst Ludwig Kirchner</artist>
			<title>Stadtbahnbogen (Tramway Arch)</title>
			<year>1915</year>
			<description>Color lithograph. Collection UCLA Grunwald Center for the Graphic Arts. Gift of Mr. Virgil Whirlaw. </description>
			<image>http://hammer.ucla.edu/image/965/600/450.JPG</image>
		</item>
		<item>
			<artist>Edgar Degas</artist>
			<title>La Toilette (les bras)[The Toilette{arms}] </title>
			<year>1880-1885</year>
			<description>Monotype. Collection UCLA Grunwald Center for the Graphic Arts. Given through the UCLA Art Council by B. Gerald Cantor. </description>
			<image>http://hammer.ucla.edu/image/967/600/450.JPG</image>
		</item>
		<item>
			<artist>Felix Vallotton</artist>
			<title>Le Bain</title>
			<year>October - December 1894</year>
			<description>Woodcut. Collection UCLA Grunwald Cetner for the Graphic Arts. Gift of Mrs. Fred Grunwald. </description>
			<image>http://hammer.ucla.edu/image/969/600/450.JPG</image>
		</item>
		<item>
			<artist>Utagawa Hiroshige</artist>
			<title>Shono hakuu (Light rain at Shono, number 46)</title>
			<year>1832-1833</year>
			<description>Full-color woodcut. Collection UCLA Grunwald Center for the Graphic Arts. Purchased from the Frank Lloyd Wright Collection. </description>
			<image>http://hammer.ucla.edu/image/973/600/450.JPG</image>
		</item>
		<item>
			<artist>Paul Cézanne</artist>
			<title>Les Grands Baigneurs (The Large Bathers)</title>
			<year>1896</year>
			<description>Color lithograph. Collection UCLA Grunwald Center for the Graphic Arts. Gift of Mrs. Barbara Reis Poe. </description>
			<image>http://hammer.ucla.edu/image/975/600/450.JPG</image>
		</item>
		<item>
			<artist>Rembrandt Harmensz van Rijn</artist>
			<title>Landscape with Three Gabled Cottages beside a Road</title>
			<year>1650</year>
			<description>Etching and drypoint. Collection UCLA Grunwald Center for the Graphic Arts. Rudolf L. Baumfeld Bequest. </description>
			<image>http://hammer.ucla.edu/image/976/600/450.JPG</image>
		</item>
		<item>
			<artist>Jacques Callot</artist>
			<title>Recruitment of Troops</title>
			<year>1633</year>
			<description>Etching. Collection UCLA Grunwald Center for the Graphic Arts. Purchased in part with funds provided by the UCLA Art Council. </description>
			<image>http://hammer.ucla.edu/image/977/600/450.JPG</image>
		</item>
	</collection>
	<collection name="Murphy Sculpture Garden">
		<item>
			<artist>Gerhard Marcks</artist>
			<title>Maja</title>
			<year>1941</year>
			<description>Gift of Mr. and Mrs. Jack Warner and the UCLA Art Council, 1970. Franklin D. Murphy Sculpture Garden, Hammer Museum, University of California, Los Angeles. Photo by Joshua White. </description>
			<image>http://hammer.ucla.edu/image/1019/600/450.JPG</image>
		</item>
		<item>
			<artist>August Rodin</artist>
			<title>The Walking Man</title>
			<year>1905</year>
			<description>Bronze, H: 83.75. Given by the UCLA Alumni Association and an Anonymous Donor as a tribute to Franklin D. Murphy, 1967. Photo by Joshua White. </description>
			<image>http://hammer.ucla.edu/image/1012/600/450.JPG</image>
		</item>
		<item>
			<artist>David Smith</artist>
			<title>Cubi XX</title>
			<year>1964</year>
			<description>Welded stainless steel. H: 111 in. Gift of David E. Bright, 1967. © Estate of David Smith/Licensed by VAGA, New York, NY. Photo by Joshua White. </description>
			<image>http://hammer.ucla.edu/image/1010/600/450.JPG</image>
		</item>
		<item>
			<artist>Jean (Hans) Arp</artist>
			<title>Fruit hybride dit la Pagode (Hybrid Fruit Called Pagoda)</title>
			<year>1934</year>
			<description>Bronze, H: 37.25 in. Edition:3/3. Gift of Mrs. David E. Bright, 1967. © 2000 Artists Rights Society (ARS), New York/VG Bild-Kunst, Bonn Reproduction, including downloading of Arp, Miró and Calder works is prohibited by copyright laws and international conventions without the express written permission of Artists Rights Society (ARS), New York. </description>
			<image>http://hammer.ucla.edu/image/1009/600/450.JPG</image>
		</item>
	</collection>
	<collection name="Hammer Video Library">
		<item>
			<artist>Vito Acconci</artist>
			<title>Seedbed</title>
			<year>1972</year>
			<description>Photo documentation. Courtesy Gladstone Gallery, New York. ©Vito Acconci.</description>
			<image>http://hammer.ucla.edu/image/1022/450/450.JPG</image>
		</item>
		<item>
			<artist>Martha Rosler</artist>
			<title>Still from If It's Too Bad To Be True, It Could Be DISINFORMATION</title>
			<year>1985</year>
			<description>Color video. 16:26 min. Courtesy of the artist.</description>
			<image>http://hammer.ucla.edu/image/1026/450/450.JPG</image>
		</item>
		<item>
			<artist>Bill Viola</artist>
			<title>Still from The Space Between the Teeth</title>
			<year>1976</year>
			<description>Videotape, color, and mono sound. Courtesy Bill Viola Studio; photo by Kira Perov.</description>
			<image>http://hammer.ucla.edu/image/1024/450/450.JPG</image>
		</item>
		<item>
			<artist>Gordon Matta-Clark</artist>
			<title>Still from Freshkill</title>
			<year>1972</year>
			<description>Color film. 12:56 min. Courtesy the Estate of Gordon Matta-Clark and David Zwirner, New York.</description>
			<image>http://hammer.ucla.edu/image/1023/450/450.JPG</image>
		</item>
		<item>
			<artist>William Wegman</artist>
			<title>Still from Deodorant</title>
			<year>1972</year>
			<description>Black and white video with sound. 1 min. Courtesy of the artist.</description>
			<image>http://hammer.ucla.edu/image/1027/450/450.JPG</image>
		</item>
		<item>
			<artist>Chris Burden</artist>
			<title>Still from Shoot</title>
			<year>1971</year>
			<description>Video with sound. 4 min. Courtesy of the artist and Gagosian Gallery, Beverly Hills.</description>
			<image>http://hammer.ucla.edu/image/1021/450/450.JPG</image>
		</item>
	</collection>
</collections>
