<?xml version="1.0" encoding="UTF-8"?>
<Items>
  <Item>
    <ID>27824</ID>
    <Artist_Name>Ben Abril</Artist_Name>
    <Artist_Birth_and_Death_Details>United States, California, Los Angeles, 1923 - 1995</Artist_Birth_and_Death_Details>
    <Artwork_Title_and_Dates>The Old Hall of Records,1966</Artwork_Title_and_Dates>
    <Artwork_Details>Painting Oil on canvas 48 3/16 x 60 1/16 in. 122.4 x 152.56 cm Signed lower right: BEN ABRIL. Inscribed and dated lower left: OLD HALL OF RECORDS / LOS ANGELES CALIF. 1966 Museum Associates Acquisition Fund</Artwork_Details>
    <Origin>M.67.89</Origin>
    <Artwork_in_Focus>Abril has always been interested in historic buildings and has often depicted them as contrasting with the newer structures in his native city. This painting was completed after he had finished a series of thirty-six paintings of the old buildings in the Bunker Hill area of downtown, 1959-63 (LACMNH). </Artwork_in_Focus>
    <About_the_Era>The early twentieth century witnessed the transformation of the United States into a modern industrialized society and an international political</About_the_Era>
    <Clothing_and_Furniture_of_this_Era>http://collectionsonline.lacma.org/mwebcgi/mweb.exe?request=hiersearchimages&amp;id=500796&amp;type=70</Clothing_and_Furniture_of_this_Era>
    <Provenance>javascript:playdoc(160347)</Provenance>
    <Literature>javascript:playdoc(160826)</Literature>
    <Image_URL>http://collectionsonline.lacma.org/MWEBimages/aa_mm/full/M67_89.jpg</Image_URL>
  </Item>
  <Item>
    <ID>10763</ID>
    <Artist_Name>Wayman Adams</Artist_Name>
    <Artist_Birth_and_Death_Details>United States, Indiana, Muncie, 1883 - 1959</Artist_Birth_and_Death_Details>
    <Artwork_Title_and_Dates>Portrait of William Preston Harrison,1924</Artwork_Title_and_Dates>
    <Artwork_Details>Painting Oil on canvas 52 1/16 x 40 1/16 in. 132.24 x 101.76 cm Mr. and Mrs. William Preston Harrison Collection</Artwork_Details>
    <Origin>25.6.2</Origin>
    <Artwork_in_Focus> William Preston Harrison (1869-1940) was the pioneer collector of American art in Los Angeles, and his collection, given to the Los Angeles Museum during the 1920s and 1930s, formed the basis of its early holdings. He was also an important collector of French art.</Artwork_in_Focus>
    <About_the_Era>The late nineteenth century witnessed a growing cosmopolitanism and sophistication in American culture. Great riches were amassed by railroad tycoons.</About_the_Era>
    <Clothing_and_Furniture_of_this_Era>http://collectionsonline.lacma.org/mwebcgi/mweb.exe?request=hiersearchimages&amp;id=500795&amp;type=70</Clothing_and_Furniture_of_this_Era>
    <Provenance>javascript:playdoc(160546)</Provenance>
    <Literature>javascript:playdoc(160752)</Literature>
    <Image_URL>http://collectionsonline.lacma.org/MWEBimages/all%20departments/thumb/25_6_2.jpg</Image_URL>
  </Item>
  <Item>
    <ID>48602</ID>
    <Artist_Name>John White Alexander</Artist_Name>
    <Artist_Birth_and_Death_Details>United States, Pennsylvania, Allegheny City, 1856 - 1915</Artist_Birth_and_Death_Details>
    <Artwork_Title_and_Dates>Portrait of Mrs. John White Alexander,1902</Artwork_Title_and_Dates>
    <Artwork_Details>Painting Oil on canvas 62 1/4 x 52 1/8 in. 158.2 x 132.4 cm Gift of Dr. and Mrs. Matthew S. Mickiewicz</Artwork_Details>
    <Origin>M.81.182</Origin>
    <Artwork_in_Focus>Elizabeth Alexander (1867-1947) was the daughter of James W. Alexander, who was introduced to John White Alexander by Joseph Harper because of the similarity of their names. Elizabeth and John were married in 1887, and the following year their only child, James, was born. Elizabeth was an educated, attractive woman who enjoyed the company of her husband's circle of painters and writers. </Artwork_in_Focus>
    <About_the_Era>After the centennial of 1876 the foremost place for American artists to show was no longer New York but Paris. By the late nineteenth century the.</About_the_Era>
    <Clothing_and_Furniture_of_this_Era>http://collectionsonline.lacma.org/mwebcgi/mweb.exe?request=hiersearchimages&amp;id=500794&amp;type=70</Clothing_and_Furniture_of_this_Era>
    <Provenance>javascript:playdoc(160426)</Provenance>
    <Literature>javascript:playdoc(160670)</Literature>
    <Image_URL>http://collectionsonline.lacma.org/MWEBimages/aa_mm/full/M81_182.jpg</Image_URL>
  </Item>
  <Item>
    <ID>71392</ID>
    <Artist_Name>Mabel Alvarez</Artist_Name>
    <Artist_Birth_and_Death_Details>United States, Hawaii, Oahu, 1891 - 1985</Artist_Birth_and_Death_Details>
    <Artwork_Title_and_Dates>Arabella with Calla Lillies,1934</Artwork_Title_and_Dates>
    <Artwork_Details>Painting Oil on canvas 40 x 30 in. 101.6 x 76.2 cm Gift of Margery and Maurice H. Katz</Artwork_Details>
    <Origin>M.91.326</Origin>
    <Artwork_in_Focus> The beginning of every century inspires a general sentiment of endless possibilities, and the twentieth century was no exception. A modern age marked.</Artwork_in_Focus>
    <About_the_Era>Clothing &amp; Furniture from This Era Click here to see images.</About_the_Era>
    <Clothing_and_Furniture_of_this_Era>javascript:playdoc(161092)</Clothing_and_Furniture_of_this_Era>
    <Provenance>http://collectionsonline.lacma.org/mwebcgi/mweb.exe?request=link;dtype=i;key=162041;page=801900101</Provenance>
    <Literature>http://collectionsonline.lacma.org/mwebcgi/mweb.exe?request=record;id=500262;type=802</Literature>
    <Image_URL>http://collectionsonline.lacma.org/MWEBimages/aa_mm/full/M91_326.jpg</Image_URL>
  </Item>
  <Item>
    <ID>137517</ID>
    <Artist_Name>Robert Witt Ames</Artist_Name>
    <Artist_Birth_and_Death_Details>United States, Illinois, Canton, 1896-09-11 - 1985-04-26</Artist_Birth_and_Death_Details>
    <Artwork_Title_and_Dates>Hollywood,1935</Artwork_Title_and_Dates>
    <Artwork_Details>Sculpture: Mahogany bas relief carving Framed: 61 x 87 1/4 x 2 in. 154.9 x 221.6 x 5.1 cm Gift from the Estate of Barbara Carol Weston sister of Robert Witt Ames</Artwork_Details>
    <Origin>M.2002.85</Origin>
    <Artwork_in_Focus/>
    <About_the_Era>The early twentieth century witnessed the transformation of the United States into a modern industrialized society and an international political.</About_the_Era>
    <Clothing_and_Furniture_of_this_Era>http://collectionsonline.lacma.org/mwebcgi/mweb.exe?request=epage;id=500778;type=803</Clothing_and_Furniture_of_this_Era>
    <Provenance>http://collectionsonline.lacma.org/mwebcgi/mweb.exe?request=epage;id=500242;type=803</Provenance>
    <Literature />
    <Image_URL>http://collectionsonline.lacma.org/MWEBimages/all%20departments/thumb/M2002_85.jpg</Image_URL>
  </Item>
  <Item>
    <ID>152811</ID>
    <Artist_Name>Toshio Aoki</Artist_Name>
    <Artist_Birth_and_Death_Details>Japan, Kanagawa Prefecture, Yokohoma, 1854 - 1912</Artist_Birth_and_Death_Details>
    <Artwork_Title_and_Dates>Woman with Birds,1890s</Artwork_Title_and_Dates>
    <Artwork_Details>Watercolor Watercolor on paper Framed: 40 1/2 x 34 3/4 x 3/4 in. 102.87 x 88.265 x 1.905 cm; Image and sheet: 28 x 22 in. 71.12 x 55.88 cm Purchased with funds provided by Mr. and Mrs. Thomas H. Crawford Jr.</Artwork_Details>
    <Origin>M.2005.115.1</Origin>
    <Artwork_in_Focus />
    <About_the_Era />
    <Clothing_and_Furniture_of_this_Era />
    <Provenance />
    <Literature />
    <Image_URL>http://collectionsonline.lacma.org/MWEBimages/all%20departments/full/M2005_115_1.jpg</Image_URL>
  </Item>
</Items>
