ID Number,ID Prefix,ID Sort1,ID Sort2,ID Sort4,ID Sort5,ID Sort6,Category,Title,Maker,Maker Bio,Collector,Date Collected,Culture,Place Made,Century,Period/Style,Materials,Measurements,Description,Credit Line,Home Location,Legal Status,Legal Status Date,Owner,Department,Physical Holder,Loan Allowed,Acqstn Ref Number,How Acquired?,Date Acquired,Acqstn Reason,Acqstn Terms,Acqstn Note,Acqstn Cost,Acqstn Currency,Initial Value,Acqstn Sources,Note,Option1,Option2,Option3,Option4,Number1,Number2,Date1,Date2,Flag1,Flag2,Flag3,Flag4,Flag5,Created By,Create Date,Updated By,Update Date
M2007.033,M,0002007,0000033,,,,PAINTING,Antelope,"O'Keeffe, Georgia","United States, 1887 - 1986",,,,,,,Oil on Canvas with painted metal frame,i 14 1/4 x 32 1/8  f 14 1/2 x 32 1/4,Antelope skull on desert floor.  Ground view point.  Frame painted as part of image.,"This purchase made possible by previous donations from Sandy Scott and the Widener Charitable Limited Partnership, with additional assistance from Adrienne and John Mars, Anne and John Marion, Ann and Richard O�Leary, Chuck D. Miller, Peggy and Lowry Mays",JKM GALLERY,PERMANENT COLLECTION,,,,,TRUE,,,,,,,,,,,,PRONGHORN,,,,,,,,FALSE,FALSE,FALSE,FALSE,FALSE,fay,15-Mar-07,dawn,05-Feb-13
M1987.001,M,0001987,0000001,,,,PAINTING,In the Clouds,"Rungius, Carl","Germany, 1869 - 1959",Robert S. and Grayce B. Kerr Foundation,1981-04-01,,Canada,20,,Oil on Canvas,i 30 x 40  f 36 1/4 x 46 1/4,Big horn sheep standing in a pack on a steep mountain side.  The sheep are all looking over to the viewers right.  There are clouds in the background.,"JKM Collection, National Museum of Wildlife Art",RUNGIUS,PERMANENT COLLECTION,2009-03-27,National Museum of Wildlife Art,,,FALSE,,RSGBK Lease Agreement; then Museum Purchase, ,,"This work is part of the Bill of Sale and Lease Agreement between Robert S. and Grayce B. Kerr Foundation and the National Museum of Wildlife Art dated March 27, 2009. See RSGBK Donor file for complete list of works. The item transferred from a Robert S.",,,,,Robert S. and Grayce B. Kerr Foundation; Richard P. Mellon,1,BIGHORN SHEEP,CLOUDS; BLUE,,MOUNTAIN; LANDSCAPE;,10,,,,FALSE,FALSE,FALSE,FALSE,FALSE,,03-Sep-03,ron,12-Jun-13
JL2003.110.001,JL,0002003,0000110,,,,SCULPTURE,Reaching Jaguar,"Huntington, Anna Hyatt","United States, 1876 - 1973",Robert S. and Grayce B. Kerr Foundation,2003-06-25,,France,20,,Bronze,o 44 1/2 x 37 x 20 1/2,"IO and hard file reviewed - 11-2008.  Jaguar climbing down rock outcropping.  Based on studies of Senor Lopez, a jaguar from Paraguay that was the first feline occupant of the Lion House at the Bronx Zoo.","JKM Collection, National Museum of Wildlife Art",PATHWAYS,LOAN,,Robert S. and Grayce B. Kerr Foundation,,,TRUE,,RSGBK Loan Agreement,2003-06-25,,,Purchase price is for the pair (2003.110.001 and  2003.110.002),,,,"Christie's, 360 North Camden Dr., Beverly Hills, CA 90210, (318) 385-2600",Hi-Res Scan located: I:\Curatorial Images\High Res Collections Images\H\Hyatt,JAGUAR,,,,,,,,FALSE,FALSE,FALSE,FALSE,FALSE,ron,08-Jan-04,dawn,16-Apr-13
JL2001.104,JL,0002001,0000104,,,,PAINTING,Settled for the Night (American Wigeons),"Jonsson, Lars","Sweden, b. 1952",Robert S. and Grayce B. Kerr Foundation,2001-05-25,,,21,,Oil on Canvas,"i 31 1/4 x 47, f 33 1/4 x 49",A pack of wigeons sit on small muddy islands in a lake.  Grass grows out of the water.  The sun is setting and the golden reflection glows on the surface of the water.,"JKM Collection, National Museum of Wildlife Art",NON-NMWA,LOAN,,Robert S. and Grayce B. Kerr Foundation,,,TRUE,,RSGBK Loan Agreement,2001-03-23,,,,,,,"Gerald Peters Gallery, 1011 Paseo De Peralta, Santa Fe, NM 87501, (505) 954-5700, FAX (505) 954-5754",,"BIRD, DUCK; AMERICAN WIGEON",WATER; YELLOW; BROWN,,LAKE; GRASS; SUNSET,2,,,,FALSE,FALSE,FALSE,FALSE,FALSE,Patricia,11-Jul-01,dawn,21-Aug-13
M1994.052,M,0001994,0000052,,,,PAINTING,The Refuge,"Smith, Tucker","United States, b. 1940",Robert S. and Grayce B. Kerr Foundation,1994-09-19,,,20,,Oil on Canvas,"i 35 x 119, f 44 3/4 x 129 1/2","Long, horizontal painting of the elk refuge in winter.  The open fields and mountains are covered in snow and the refuge is filled with elk.","JKM Collection, National Museum of Wildlife Art",PATHWAYS,PERMANENT COLLECTION,2009-03-27,National Museum of Wildlife Art,,,TRUE,,RSGBK Lease Agreement; then Museum Purchase,,,"This work is part of the Bill of Sale and Lease Agreement between Robert S. and Grayce B. Kerr Foundation and the National Museum of Wildlife Art dated March 27, 2009. See RSGBK Donor file for complete list of works. The item transferred from a Robert S.",,,,,,,ELK,WHITE; BLUE,,SNOW; WINTER; MOUNTAIN; FIELD,1,4,,,FALSE,FALSE,FALSE,FALSE,FALSE,,03-Sep-03,dawn,21-Feb-13
M2010.033.001,M,0002010,0000033,,,,PRINT,Benjamin's Emblem,"Ford, Walton","United States, b. 1960",,,,,,,"Etching, Aquatint, and Drypoint on Paper",i: 44 x 31,Turkey,"Gift of the 2009 and 2010 Collectors Circles, National Museum of Wildlife Art",PSRACK,PERMANENT COLLECTION,2010-08-11,,,,FALSE,,Purchase,2010-08-11,,,,,,,,,,,,,,,,,FALSE,FALSE,FALSE,FALSE,FALSE,fay,12-Aug-10,dawn,19-Aug-13
W1994.050,W,0001994,0000050,,,,SCULPTURE,Waiting for Sockeye,"Ullberg, Kent","Sweden, b. 1945",,,,,20,,Bronze,o 71 1/2 x 109 x 58,Sculpture of a bear lying on its stomach on a rock.,"Generously sponsored by Mr. and Mrs. Anthony Greene and Trailside Galleries, National Museum of Wildlife Art",SCULPTURE GARDEN,PERMANENT COLLECTION,,,,,TRUE,,Gift,1994-08-05,,,,,,,"Ullberg, Kent, 14337 Aquarius St., Padre Island, Corpus Christi, TX 78418, (512) 949-7032",,BEAR,SCULPTURE,,,,,,,FALSE,FALSE,FALSE,FALSE,FALSE,,03-Sep-03,dawn,01-May-13