{
    "id": "p239942DF9-BFEA-E189-3F7B-94EE2B19B57C",
    "length": 2,
    "frequency": "1",
    "graph": {
        "nodes": [
            {
                "id": "http://schema.org/Place1",
                "label": {
                    "uri": "http://schema.org/Place"
                },
                "type": "InternalNode",
                "modelIds": null
            },
            {
                "id": "http://schema.org/Offer1",
                "label": {
                    "uri": "http://schema.org/Offer"
                },
                "type": "InternalNode",
                "modelIds": null
            },
            {
                "id": "http://schema.org/Offer2",
                "label": {
                    "uri": "http://schema.org/Offer"
                },
                "type": "InternalNode",
                "modelIds": null
            }
        ],
        "links": [
            {
                "id": "http://schema.org/Offer1---http://schema.org/availableAtOrFrom---http://schema.org/Place1",
                "weight": 0.7481223175965666,
                "type": "ObjectPropertyLink",
                "label": {
                    "uri": "http://schema.org/availableAtOrFrom"
                },
                "objectPropertyType": "None",
                "status": "Normal",
                "keyInfo": "None",
                "modelIds": null
            },
            {
                "id": "http://schema.org/Offer1---http://schema.org/relatedTo---http://schema.org/Offer2",
                "weight": 1.0,
                "type": "ObjectPropertyLink",
                "label": {
                    "uri": "http://schema.org/relatedTo"
                },
                "objectPropertyType": "None",
                "status": "Normal",
                "keyInfo": "None",
                "modelIds": null
            }
        ]
    }
}