{
    "id": "p2C5D3FD94-EEDE-7226-9959-A409CEC5E197",
    "length": 2,
    "frequency": "1",
    "graph": {
        "nodes": [
            {
                "id": "http://schema.dig.isi.edu/ontology/PersonOrOrganization1",
                "label": {
                    "uri": "http://schema.dig.isi.edu/ontology/PersonOrOrganization"
                },
                "type": "InternalNode",
                "modelIds": null
            },
            {
                "id": "http://schema.org/Offer1",
                "label": {
                    "uri": "http://schema.org/Offer"
                },
                "type": "InternalNode",
                "modelIds": null
            },
            {
                "id": "http://schema.org/Place1",
                "label": {
                    "uri": "http://schema.org/Place"
                },
                "type": "InternalNode",
                "modelIds": null
            }
        ],
        "links": [
            {
                "id": "http://schema.org/Offer1---http://schema.org/seller---http://schema.dig.isi.edu/ontology/PersonOrOrganization1",
                "weight": 0.8248390557939914,
                "type": "ObjectPropertyLink",
                "label": {
                    "uri": "http://schema.org/seller"
                },
                "objectPropertyType": "None",
                "status": "Normal",
                "keyInfo": "None",
                "modelIds": null
            },
            {
                "id": "http://schema.org/Offer1---http://schema.org/availableAtOrFrom---http://schema.org/Place1",
                "weight": 1.0,
                "type": "ObjectPropertyLink",
                "label": {
                    "uri": "http://schema.org/availableAtOrFrom"
                },
                "objectPropertyType": "None",
                "status": "Normal",
                "keyInfo": "None",
                "modelIds": null
            }
        ]
    }
}