c1,op12,c2,count
http://schema.org/Offer,http://schema.org/availableAtOrFrom,http://schema.org/Place,867
http://schema.org/Offer,http://schema.org/mainEntityOfPage,http://schema.org/CreativeWork,734
http://schema.org/Offer,http://schema.org/seller,http://schema.dig.isi.edu/ontology/PersonOrOrganization,613
http://schema.org/Offer,http://schema.org/relatedTo,http://schema.org/Offer,576
http://schema.org/Offer,http://schema.org/itemOffered,http://schema.dig.isi.edu/ontology/Firearm,490
http://schema.dig.isi.edu/ontology/Firearm,http://schema.org/manufacturer,http://schema.dig.isi.edu/ontology/PersonOrOrganization,161
http://schema.org/Place,http://schema.org/address,http://schema.org/PostalAddress,98
http://schema.dig.isi.edu/ontology/PersonOrOrganization,http://schema.org/address,http://schema.org/PostalAddress,59
http://schema.dig.isi.edu/ontology/PersonOrOrganization,http://schema.org/contactPoint,http://schema.org/ContactPoint,38
