{
    "id": "p3B5F91E3F-D845-89E6-9A6B-322992F42921",
    "length": 3,
    "frequency": "1",
    "graph": {
        "nodes": [
            {
                "id": "http://schema.dig.isi.edu/ontology/Firearm1",
                "label": {
                    "uri": "http://schema.dig.isi.edu/ontology/Firearm"
                },
                "type": "InternalNode",
                "modelIds": null
            },
            {
                "id": "http://schema.org/Offer1",
                "label": {
                    "uri": "http://schema.org/Offer"
                },
                "type": "InternalNode",
                "modelIds": null
            },
            {
                "id": "http://schema.dig.isi.edu/ontology/PersonOrOrganization1",
                "label": {
                    "uri": "http://schema.dig.isi.edu/ontology/PersonOrOrganization"
                },
                "type": "InternalNode",
                "modelIds": null
            },
            {
                "id": "http://schema.org/Offer2",
                "label": {
                    "uri": "http://schema.org/Offer"
                },
                "type": "InternalNode",
                "modelIds": null
            }
        ],
        "links": [
            {
                "id": "http://schema.org/Offer1---http://schema.org/itemOffered---http://schema.dig.isi.edu/ontology/Firearm1",
                "weight": 0.8745469751881796,
                "type": "ObjectPropertyLink",
                "label": {
                    "uri": "http://schema.org/itemOffered"
                },
                "objectPropertyType": "None",
                "status": "Normal",
                "keyInfo": "None",
                "modelIds": null
            },
            {
                "id": "http://schema.dig.isi.edu/ontology/Firearm1---http://schema.org/manufacturer---http://schema.dig.isi.edu/ontology/PersonOrOrganization1",
                "weight": 1.0,
                "type": "ObjectPropertyLink",
                "label": {
                    "uri": "http://schema.org/manufacturer"
                },
                "objectPropertyType": "None",
                "status": "Normal",
                "keyInfo": "None",
                "modelIds": null
            },
            {
                "id": "http://schema.org/Offer1---http://schema.org/relatedTo---http://schema.org/Offer2",
                "weight": 1.0,
                "type": "ObjectPropertyLink",
                "label": {
                    "uri": "http://schema.org/relatedTo"
                },
                "objectPropertyType": "None",
                "status": "Normal",
                "keyInfo": "None",
                "modelIds": null
            }
        ]
    }
}