{
    "id": "p15196623F-9310-1C0D-61C9-AA78B962414E",
    "length": 1,
    "frequency": "38",
    "graph": {
        "nodes": [
            {
                "id": "http://schema.org/ContactPoint1",
                "label": {
                    "uri": "http://schema.org/ContactPoint"
                },
                "type": "InternalNode",
                "modelIds": null
            },
            {
                "id": "http://schema.dig.isi.edu/ontology/PersonOrOrganization1",
                "label": {
                    "uri": "http://schema.dig.isi.edu/ontology/PersonOrOrganization"
                },
                "type": "InternalNode",
                "modelIds": null
            }
        ],
        "links": [
            {
                "id": "http://schema.dig.isi.edu/ontology/PersonOrOrganization1---http://schema.org/contactPoint---http://schema.org/ContactPoint1",
                "weight": 0.9890741805635422,
                "type": "ObjectPropertyLink",
                "label": {
                    "uri": "http://schema.org/contactPoint"
                },
                "objectPropertyType": "None",
                "status": "Normal",
                "keyInfo": "None",
                "modelIds": null
            }
        ]
    }
}