{
    "id": "p54C28A839-8C11-E1A0-AE40-0078A288B02C",
    "length": 5,
    "frequency": "1",
    "graph": {
        "nodes": [
            {
                "id": "http://schema.dig.isi.edu/ontology/PersonOrOrganization1",
                "label": {
                    "uri": "http://schema.dig.isi.edu/ontology/PersonOrOrganization"
                },
                "type": "InternalNode",
                "modelIds": null
            },
            {
                "id": "http://schema.org/Offer1",
                "label": {
                    "uri": "http://schema.org/Offer"
                },
                "type": "InternalNode",
                "modelIds": null
            },
            {
                "id": "http://schema.org/Place1",
                "label": {
                    "uri": "http://schema.org/Place"
                },
                "type": "InternalNode",
                "modelIds": null
            },
            {
                "id": "http://schema.org/CreativeWork1",
                "label": {
                    "uri": "http://schema.org/CreativeWork"
                },
                "type": "InternalNode",
                "modelIds": null
            },
            {
                "id": "http://schema.dig.isi.edu/ontology/Firearm1",
                "label": {
                    "uri": "http://schema.dig.isi.edu/ontology/Firearm"
                },
                "type": "InternalNode",
                "modelIds": null
            },
            {
                "id": "http://schema.dig.isi.edu/ontology/PersonOrOrganization2",
                "label": {
                    "uri": "http://schema.dig.isi.edu/ontology/PersonOrOrganization"
                },
                "type": "InternalNode",
                "modelIds": null
            }
        ],
        "links": [
            {
                "id": "http://schema.org/Offer1---http://schema.org/seller---http://schema.dig.isi.edu/ontology/PersonOrOrganization1",
                "weight": 0.8314081408140814,
                "type": "ObjectPropertyLink",
                "label": {
                    "uri": "http://schema.org/seller"
                },
                "objectPropertyType": "None",
                "status": "Normal",
                "keyInfo": "None",
                "modelIds": null
            },
            {
                "id": "http://schema.org/Offer1---http://schema.org/availableAtOrFrom---http://schema.org/Place1",
                "weight": 1.0,
                "type": "ObjectPropertyLink",
                "label": {
                    "uri": "http://schema.org/availableAtOrFrom"
                },
                "objectPropertyType": "None",
                "status": "Normal",
                "keyInfo": "None",
                "modelIds": null
            },
            {
                "id": "http://schema.org/Offer1---http://schema.org/mainEntityOfPage---http://schema.org/CreativeWork1",
                "weight": 1.0,
                "type": "ObjectPropertyLink",
                "label": {
                    "uri": "http://schema.org/mainEntityOfPage"
                },
                "objectPropertyType": "None",
                "status": "Normal",
                "keyInfo": "None",
                "modelIds": null
            },
            {
                "id": "http://schema.org/Offer1---http://schema.org/itemOffered---http://schema.dig.isi.edu/ontology/Firearm1",
                "weight": 1.0,
                "type": "ObjectPropertyLink",
                "label": {
                    "uri": "http://schema.org/itemOffered"
                },
                "objectPropertyType": "None",
                "status": "Normal",
                "keyInfo": "None",
                "modelIds": null
            },
            {
                "id": "http://schema.dig.isi.edu/ontology/Firearm1---http://schema.org/manufacturer---http://schema.dig.isi.edu/ontology/PersonOrOrganization2",
                "weight": 1.0,
                "type": "ObjectPropertyLink",
                "label": {
                    "uri": "http://schema.org/manufacturer"
                },
                "objectPropertyType": "None",
                "status": "Normal",
                "keyInfo": "None",
                "modelIds": null
            }
        ]
    }
}