{
    "id": "p4C2A6B934-5996-004B-7888-C1BB9BE188B9",
    "length": 4,
    "frequency": "1",
    "graph": {
        "nodes": [
            {
                "id": "http://www.americanartcollaborative.org/ontology/Person1",
                "label": {
                    "uri": "http://www.americanartcollaborative.org/ontology/Person"
                },
                "type": "InternalNode",
                "modelIds": null
            },
            {
                "id": "http://www.americanartcollaborative.org/ontology/CulturalHeritageObject1",
                "label": {
                    "uri": "http://www.americanartcollaborative.org/ontology/CulturalHeritageObject"
                },
                "type": "InternalNode",
                "modelIds": null
            },
            {
                "id": "http://www.w3.org/2008/05/skos#Concept1",
                "label": {
                    "uri": "http://www.w3.org/2008/05/skos#Concept"
                },
                "type": "InternalNode",
                "modelIds": null
            },
            {
                "id": "http://www.w3.org/2008/05/skos#Concept2",
                "label": {
                    "uri": "http://www.w3.org/2008/05/skos#Concept"
                },
                "type": "InternalNode",
                "modelIds": null
            },
            {
                "id": "http://www.americanartcollaborative.org/ontology/CulturalHeritageObject2",
                "label": {
                    "uri": "http://www.americanartcollaborative.org/ontology/CulturalHeritageObject"
                },
                "type": "InternalNode",
                "modelIds": null
            }
        ],
        "links": [
            {
                "id": "http://www.americanartcollaborative.org/ontology/CulturalHeritageObject1---http://purl.org/dc/terms/creator---http://www.americanartcollaborative.org/ontology/Person1",
                "weight": 0.8027446158050247,
                "type": "ObjectPropertyLink",
                "label": {
                    "uri": "http://purl.org/dc/terms/creator"
                },
                "objectPropertyType": "None",
                "status": "Normal",
                "keyInfo": "None",
                "modelIds": null
            },
            {
                "id": "http://www.americanartcollaborative.org/ontology/CulturalHeritageObject1---http://purl.org/dc/terms/subject---http://www.w3.org/2008/05/skos#Concept1",
                "weight": 1.0,
                "type": "ObjectPropertyLink",
                "label": {
                    "uri": "http://purl.org/dc/terms/subject"
                },
                "objectPropertyType": "None",
                "status": "Normal",
                "keyInfo": "None",
                "modelIds": null
            },
            {
                "id": "http://www.americanartcollaborative.org/ontology/CulturalHeritageObject1---http://purl.org/dc/terms/subject---http://www.w3.org/2008/05/skos#Concept2",
                "weight": 1.0,
                "type": "ObjectPropertyLink",
                "label": {
                    "uri": "http://purl.org/dc/terms/subject"
                },
                "objectPropertyType": "None",
                "status": "Normal",
                "keyInfo": "None",
                "modelIds": null
            },
            {
                "id": "http://www.americanartcollaborative.org/ontology/CulturalHeritageObject1---http://www.europeana.eu/schemas/edm/isRelatedTo---http://www.americanartcollaborative.org/ontology/CulturalHeritageObject2",
                "weight": 1.0,
                "type": "ObjectPropertyLink",
                "label": {
                    "uri": "http://www.europeana.eu/schemas/edm/isRelatedTo"
                },
                "objectPropertyType": "None",
                "status": "Normal",
                "keyInfo": "None",
                "modelIds": null
            }
        ]
    }
}